session_id,label,frame_sequence,window_end_sample_sequence,rms_q24_8,peak_q24_8,variance_q32_0,kurtosis_q16_16,dominant_frequency_q16_16,dominant_power_q32_0,band0_q32_0,band1_q32_0,band2_q32_0,band3_q32_0
run_20260811_normal_02,normal,0,9635,229888,970752,808053,1008060,51200,3725,3766,53,32,23
run_20260811_normal_02,normal,1,9699,1024,3328,24,160845,204800,5,14,13,16,12
run_20260811_normal_02,normal,2,9763,1280,3328,25,158852,307200,8,25,14,14,11
run_20260811_normal_02,normal,3,9827,1280,3328,26,150114,307200,8,24,12,11,14
run_20260811_normal_02,normal,4,9891,1280,2816,25,157021,51200,5,23,13,13,9
run_20260811_normal_02,normal,5,9955,1024,3328,21,197378,51200,5,15,12,26,10
run_20260811_normal_02,normal,6,10019,1280,3328,27,169543,153600,8,27,11,10,13
run_20260811_normal_02,normal,7,10083,1280,3328,25,180382,460800,8,17,24,15,9
run_20260811_normal_02,normal,8,10147,1024,2816,17,176625,870400,5,8,10,15,8
run_20260811_normal_02,normal,9,10211,1024,3840,22,234933,153600,5,13,13,10,13
run_20260811_normal_02,normal,10,10275,1536,4352,40,181340,256000,8,19,18,12,12
run_20260811_normal_02,normal,11,10339,1536,4352,44,173430,460800,13,13,36,13,15
run_20260811_normal_02,normal,12,10403,1280,4096,28,208560,153600,8,24,11,16,19
run_20260811_normal_02,normal,13,10467,1280,3840,29,184623,51200,8,17,26,6,13
run_20260811_normal_02,normal,14,10531,1280,3584,29,203971,153600,8,29,14,10,22
run_20260811_normal_02,normal,15,10595,1280,3328,27,187692,307200,8,23,24,16,17
run_20260811_normal_02,normal,16,10659,1024,2816,19,196710,51200,5,21,15,7,11
run_20260811_normal_02,normal,17,10723,1024,2816,21,159062,512000,5,10,17,14,12
run_20260811_normal_02,normal,18,10787,1024,2816,23,152683,358400,9,23,19,8,12
run_20260811_normal_02,normal,19,10851,1024,2816,17,181933,1075200,5,12,11,11,15
run_20260811_normal_02,normal,20,10915,1024,3328,24,183894,1280000,8,12,18,12,21
run_20260811_normal_02,normal,21,10979,1024,3584,23,190358,51200,5,13,20,13,8
run_20260811_normal_02,normal,22,11043,1024,3072,20,168767,51200,5,12,11,12,16
run_20260811_normal_02,normal,23,11107,1280,4864,25,299805,665600,8,12,13,22,10
run_20260811_normal_02,normal,24,11171,1024,4608,24,268884,512000,5,13,15,19,8
run_20260811_normal_02,normal,25,11235,1024,2304,17,146523,102400,5,17,13,14,14
run_20260811_normal_02,normal,26,11299,1024,3584,20,219936,51200,5,27,12,14,13
run_20260811_normal_02,normal,27,11363,1280,3584,26,208436,563200,8,15,23,19,14
run_20260811_normal_02,normal,28,11427,1280,3328,27,170307,768000,8,12,20,15,10
run_20260811_normal_02,normal,29,11491,1280,3328,27,181765,51200,5,15,14,9,14
run_20260811_normal_02,normal,30,11555,1280,3584,27,169139,665600,10,14,20,24,12
run_20260811_normal_02,normal,31,11619,1280,4352,29,232332,153600,5,17,20,17,8
run_20260811_normal_02,normal,32,11683,1280,4096,29,259276,307200,8,23,23,12,12
run_20260811_normal_02,normal,33,11747,1792,7680,60,333881,665600,10,13,13,22,17
run_20260811_normal_02,normal,34,11811,2048,7936,78,351039,512000,20,15,64,27,19
run_20260811_normal_02,normal,35,11875,1536,7936,42,523218,460800,10,10,21,16,12
run_20260811_normal_02,normal,36,11939,1280,3840,28,195606,102400,8,20,19,8,13
run_20260811_normal_02,normal,37,12003,1280,4096,31,229349,460800,10,26,21,9,13
run_20260811_normal_02,normal,38,12067,1024,3584,24,186009,153600,8,19,12,14,15
run_20260811_normal_02,normal,39,12131,1024,2816,19,181499,665600,8,10,11,16,15
run_20260811_normal_02,normal,40,12195,1024,2816,19,187166,204800,5,15,20,9,15
run_20260811_normal_02,normal,41,12259,1024,2560,16,181013,153600,5,11,14,11,12
run_20260811_normal_02,normal,42,12323,1024,3072,21,157279,307200,5,15,23,14,13
run_20260811_normal_02,normal,43,12387,1280,3072,26,143114,563200,8,18,24,9,11
run_20260811_normal_02,normal,44,12451,1280,3584,30,159585,460800,10,10,28,9,11
run_20260811_normal_02,normal,45,12515,1280,3584,27,192833,972800,8,14,23,10,22
run_20260811_normal_02,normal,46,12579,1024,3328,20,203355,102400,5,20,14,13,10
run_20260811_normal_02,normal,47,12643,1024,3072,24,167118,358400,8,20,21,11,9
run_20260811_normal_02,normal,48,12707,1280,3584,26,187498,153600,5,13,14,10,19
run_20260811_normal_02,normal,49,12771,1280,3584,31,177187,921600,10,11,14,20,16
run_20260811_normal_02,normal,50,12835,1536,4096,37,172047,460800,13,18,34,11,12
run_20260811_normal_02,normal,51,12899,1280,4096,30,198928,716800,8,14,21,20,15
run_20260811_normal_02,normal,52,12963,1024,3328,21,162055,870400,8,15,15,18,18
run_20260811_normal_02,normal,53,13027,1280,3584,28,167211,563200,10,16,26,11,10
run_20260811_normal_02,normal,54,13091,1280,4608,33,190773,358400,10,21,18,19,13
run_20260811_normal_02,normal,55,13155,1536,4864,36,206244,512000,10,22,25,13,14
run_20260811_normal_02,normal,56,13219,1280,3584,34,158569,153600,5,16,18,12,11
run_20260811_normal_02,normal,57,13283,1536,5888,41,250883,358400,8,14,17,15,16
run_20260811_normal_02,normal,58,13347,1536,5632,42,261058,512000,13,13,38,17,14
run_20260811_normal_02,normal,59,13411,1280,4352,34,252951,563200,10,16,27,18,12
run_20260811_normal_02,normal,60,13475,1280,4352,33,208508,665600,9,23,22,17,12
run_20260811_normal_02,normal,61,13539,1280,3328,32,136316,153600,5,21,17,18,16
run_20260811_normal_02,normal,62,13603,1280,3328,30,162219,153600,8,21,17,9,12
run_20260811_normal_02,normal,63,13667,1280,3584,26,171788,51200,5,17,19,12,7
run_20260811_normal_02,normal,64,13731,1280,3840,35,182430,153600,5,14,13,18,14
run_20260811_normal_02,normal,65,13795,1536,3840,45,158539,512000,16,13,36,27,13
run_20260811_normal_02,normal,66,13859,1536,4864,38,221087,614400,5,10,13,13,14
run_20260811_normal_02,normal,67,13923,1536,5120,41,220005,563200,13,16,39,19,19
run_20260811_normal_02,normal,68,13987,1536,3584,39,159829,102400,5,17,13,10,15
run_20260811_normal_02,normal,69,14051,1280,3584,27,208429,358400,8,21,26,9,13
run_20260811_normal_02,normal,70,14115,1024,3328,23,199261,51200,8,22,12,11,17
run_20260811_normal_02,normal,71,14179,1280,3328,32,173521,665600,8,22,9,19,21
run_20260811_normal_02,normal,72,14243,1280,3328,28,192134,256000,5,16,14,9,12
run_20260811_normal_02,normal,73,14307,1024,3072,24,167341,870400,5,9,11,19,15
run_20260811_normal_02,normal,74,14371,1536,6656,37,341355,512000,13,13,26,30,13
run_20260811_normal_02,normal,75,14435,1536,6656,36,352800,358400,10,13,29,12,13
run_20260811_normal_02,normal,76,14499,1280,3584,26,210503,51200,5,18,14,11,9
run_20260811_normal_02,normal,77,14563,1280,4352,32,218672,256000,5,14,11,24,24
run_20260811_normal_02,normal,78,14627,1280,4608,33,193886,307200,8,20,14,20,16
run_20260811_normal_02,normal,79,14691,1280,4096,29,184307,51200,5,14,17,11,15
run_20260811_normal_02,normal,80,14755,1280,4096,25,212906,409600,5,9,18,20,11
run_20260811_normal_02,normal,81,14819,1024,2816,19,161564,665600,8,14,9,19,12
run_20260811_normal_02,normal,82,14883,1024,3840,24,177897,51200,5,15,25,13,13
run_20260811_normal_02,normal,83,14947,1280,4096,30,190966,512000,5,12,16,10,12
run_20260811_normal_02,normal,84,15011,1280,3584,25,192655,307200,5,12,14,20,11
run_20260811_normal_02,normal,85,15075,1280,4096,26,201368,153600,8,20,21,17,13
run_20260811_normal_02,normal,86,15139,1280,4352,29,230886,460800,5,9,20,9,6
run_20260811_normal_02,normal,87,15203,1280,3840,30,184291,665600,8,18,14,20,12
run_20260811_normal_02,normal,88,15267,1280,3328,30,158338,512000,8,10,23,18,13
run_20260811_normal_02,normal,89,15331,1280,4096,29,195722,153600,5,17,16,17,12
run_20260811_normal_02,normal,90,15395,1280,4352,26,213418,768000,8,17,11,16,10
run_20260811_normal_02,normal,91,15459,1280,3840,25,183661,102400,5,20,14,14,19
run_20260811_normal_02,normal,92,15523,1280,3584,31,161205,153600,13,26,17,11,12
run_20260811_normal_02,normal,93,15587,1280,3840,31,188034,921600,8,22,19,17,11
run_20260811_normal_02,normal,94,15651,1280,3840,27,223175,1280000,8,20,11,13,19
run_20260811_normal_02,normal,95,15715,1280,3328,25,191611,51200,5,15,12,18,11
run_20260811_normal_02,normal,96,15779,1024,2816,20,183300,307200,5,13,12,11,12
run_20260811_normal_02,normal,97,15843,1024,2816,18,180997,307200,5,14,12,14,14
run_20260811_normal_02,normal,98,15907,1280,3328,25,181123,51200,8,20,13,12,12
run_20260811_normal_02,normal,99,15971,1024,3584,23,218971,51200,5,20,10,8,12
run_20260811_normal_02,normal,100,16035,1024,3584,21,211550,204800,5,17,16,9,16
run_20260811_normal_02,normal,101,16099,1280,3584,26,190161,153600,8,20,19,16,16
run_20260811_normal_02,normal,102,16163,1280,3840,30,199279,563200,8,10,24,18,13
run_20260811_normal_02,normal,103,16227,1024,3840,24,226725,665600,8,18,14,22,10
run_20260811_normal_02,normal,104,16291,1024,2560,18,172251,460800,5,10,17,11,16
run_20260811_normal_02,normal,105,16355,1024,3584,22,184177,102400,5,19,12,12,13
run_20260811_normal_02,normal,106,16419,1280,3584,25,184956,204800,8,22,16,15,11
run_20260811_normal_02,normal,107,16483,1024,3328,23,165478,204800,5,14,17,20,10
run_20260811_normal_02,normal,108,16547,1024,3584,23,195759,153600,5,15,12,8,17
run_20260811_normal_02,normal,109,16611,1024,3584,24,228198,256000,5,13,11,15,13
run_20260811_normal_02,normal,110,16675,1024,3584,19,215713,716800,8,14,14,17,17
run_20260811_normal_02,normal,111,16739,1024,3072,22,168513,102400,5,17,10,17,12
run_20260811_normal_02,normal,112,16803,1024,2816,21,170293,358400,8,9,16,9,16
run_20260811_normal_02,normal,113,16867,1024,4096,24,228624,51200,5,20,11,8,15
run_20260811_normal_02,normal,114,16931,1280,4096,31,192015,358400,8,17,20,13,9
run_20260811_normal_02,normal,115,16995,1280,3584,27,199807,51200,5,15,9,14,15
run_20260811_normal_02,normal,116,17059,1280,3584,28,187768,972800,9,10,23,16,16
run_20260811_normal_02,normal,117,17123,1280,3584,27,176024,102400,8,21,12,17,19
run_20260811_normal_02,normal,118,17187,1280,4096,25,211967,665600,9,10,12,21,11
run_20260811_normal_02,normal,119,17251,1280,4096,27,228927,512000,5,11,13,9,12
run_20260811_normal_02,normal,120,17315,1280,3840,25,213219,307200,10,24,13,11,10
run_20260811_normal_02,normal,121,17379,1024,2816,23,172958,51200,5,17,14,10,16
run_20260811_normal_02,normal,122,17443,1280,3584,25,191791,307200,8,21,23,12,17
run_20260811_normal_02,normal,123,17507,1280,3840,25,236550,563200,4,11,13,12,10
run_20260811_normal_02,normal,124,17571,1280,3840,26,246222,716800,10,25,14,20,12
run_20260811_normal_02,normal,125,17635,1280,4864,27,270350,102400,5,18,20,15,17
run_20260811_normal_02,normal,126,17699,1280,5120,26,313423,102400,5,17,10,9,13
run_20260811_normal_02,normal,127,17763,1280,3584,25,223130,307200,8,23,9,19,12
run_20260811_normal_02,normal,128,17827,1280,3840,28,200010,1280000,8,16,18,12,21
run_20260811_normal_02,normal,129,17891,1536,4096,38,187967,102400,5,17,23,16,11
run_20260811_normal_02,normal,130,17955,1280,4096,35,212117,153600,5,14,17,17,12
run_20260811_normal_02,normal,131,18019,1024,4096,19,252953,1280000,8,13,14,14,18
run_20260811_normal_02,normal,132,18083,1280,3072,26,157066,102400,5,17,13,18,11
run_20260811_normal_02,normal,133,18147,1280,3328,31,164588,460800,10,17,33,11,14
run_20260811_normal_02,normal,134,18211,1280,3072,25,160149,307200,5,12,17,17,14
run_20260811_normal_02,normal,135,18275,1280,3072,29,133128,972800,5,7,10,9,24
run_20260811_normal_02,normal,136,18339,1280,3584,30,153046,256000,8,23,16,21,15
run_20260811_normal_02,normal,137,18403,1024,3584,20,200107,1075200,8,15,14,13,20
run_20260811_normal_02,normal,138,18467,1024,2560,17,152955,51200,5,16,10,12,12
run_20260811_normal_02,normal,139,18531,1024,3840,24,203749,51200,5,20,9,16,13
run_20260811_normal_02,normal,140,18595,1280,3840,25,222998,358400,5,9,16,11,16
run_20260811_normal_02,normal,141,18659,1280,3328,25,173502,512000,8,15,18,15,10
run_20260811_normal_02,normal,142,18723,1280,3072,27,154089,51200,5,24,10,18,12
run_20260811_normal_02,normal,143,18787,1280,3072,26,175149,256000,5,14,14,13,12
run_20260811_normal_02,normal,144,18851,1024,3072,19,206604,256000,8,20,18,13,13
run_20260811_normal_02,normal,145,18915,1024,4352,22,248480,358400,8,14,18,17,19
run_20260811_normal_02,normal,146,18979,1280,4352,31,217246,460800,10,10,23,16,12
run_20260811_normal_02,normal,147,19043,1280,3840,32,189382,51200,10,35,12,14,11
run_20260811_normal_02,normal,148,19107,1024,3072,23,152515,358400,8,13,18,14,13
run_20260811_normal_02,normal,149,19171,1024,3072,21,153108,716800,8,12,14,27,13
run_20260811_normal_02,normal,150,19235,1024,3328,21,194943,358400,8,9,21,17,7
run_20260811_normal_02,normal,151,19299,1024,3584,22,238806,51200,5,24,13,12,11
run_20260811_normal_02,normal,152,19363,1280,3840,30,197337,768000,9,17,16,25,13
run_20260811_normal_02,normal,153,19427,1280,3584,27,177606,307200,8,18,17,11,21
run_20260811_normal_02,normal,154,19491,1280,3072,28,149370,102400,5,23,19,12,13
run_20260811_normal_02,normal,155,19555,1280,2816,25,144857,307200,8,18,27,8,17
run_20260811_normal_02,normal,156,19619,1280,4096,26,234118,102400,8,23,22,17,8
run_20260811_normal_02,normal,157,19683,1280,4096,28,232509,51200,5,20,9,14,18
run_20260811_normal_02,normal,158,19747,1280,5120,29,281336,51200,5,18,19,15,14
run_20260811_normal_02,normal,159,19811,1280,5376,26,309715,921600,8,15,13,21,13
run_20260811_normal_02,normal,160,19875,1280,4096,28,231123,1024000,8,11,17,10,24
run_20260811_normal_02,normal,161,19939,1280,4096,27,280553,51200,5,21,23,12,15
run_20260811_normal_02,normal,162,20003,1280,4096,28,264438,51200,5,18,14,13,10
run_20260811_normal_02,normal,163,20067,1280,4096,26,258548,153600,8,14,20,21,16
run_20260811_normal_02,normal,164,20131,1280,3840,26,219929,204800,8,20,17,14,11
run_20260811_normal_02,normal,165,20195,1280,3584,27,182881,51200,10,29,14,9,10
run_20260811_normal_02,normal,166,20259,1024,3328,18,204187,716800,5,9,12,15,13
run_20260811_normal_02,normal,167,20323,1024,2560,19,180185,51200,5,18,6,17,12
run_20260811_normal_02,normal,168,20387,1024,2816,19,186743,256000,5,13,10,15,12
run_20260811_normal_02,normal,169,20451,1280,4608,27,270414,153600,5,21,22,13,15
run_20260811_normal_02,normal,170,20515,1280,4608,33,228369,358400,8,29,21,15,15
run_20260811_normal_02,normal,171,20579,1280,3584,26,185275,870400,8,15,9,18,11
run_20260811_normal_02,normal,172,20643,1024,2816,22,163482,153600,8,19,9,14,12
run_20260811_normal_02,normal,173,20707,1024,2816,20,163995,51200,5,16,10,11,18
run_20260811_normal_02,normal,174,20771,1024,3072,23,175644,307200,8,26,12,14,14
run_20260811_normal_02,normal,175,20835,1536,3840,39,147291,972800,10,24,8,10,24
run_20260811_normal_02,normal,176,20899,1536,4096,47,151889,409600,8,25,20,11,15
run_20260811_normal_02,normal,177,20963,1280,3840,34,180645,460800,10,17,28,22,14
run_20260811_normal_02,normal,178,21027,1024,3072,23,156374,307200,5,17,20,19,9
run_20260811_normal_02,normal,179,21091,1024,2816,21,165976,460800,8,11,19,11,20
run_20260811_normal_02,normal,180,21155,1024,3584,22,197542,102400,5,13,27,15,12
run_20260811_normal_02,normal,181,21219,1024,3328,20,182881,460800,5,10,16,8,11
run_20260811_normal_02,normal,182,21283,1024,4608,24,249795,256000,5,15,10,18,16
run_20260811_normal_02,normal,183,21347,1792,5120,58,221979,102400,5,13,11,10,13
run_20260811_normal_02,normal,184,21411,2048,6144,78,209437,512000,29,9,77,14,11
run_20260811_normal_02,normal,185,21475,1536,6144,47,307709,204800,5,14,9,18,12
run_20260811_normal_02,normal,186,21539,1024,3840,23,227482,102400,5,17,17,18,9
run_20260811_normal_02,normal,187,21603,1024,3584,20,206810,460800,5,11,17,10,9
run_20260811_normal_02,normal,188,21667,1024,3072,20,158690,256000,5,17,12,15,11
run_20260811_normal_02,normal,189,21731,1024,3072,21,170404,256000,5,14,7,14,15
run_20260811_normal_02,normal,190,21795,1024,2816,21,160764,51200,5,14,20,15,12
run_20260811_normal_02,normal,191,21859,1536,4352,36,189151,153600,8,20,14,10,11
run_20260811_normal_02,normal,192,21923,1536,4352,36,193003,102400,10,35,13,10,10
run_20260811_normal_02,normal,193,21987,1024,3072,17,202127,768000,5,11,11,13,16
run_20260811_normal_02,normal,194,22051,1024,3328,19,213015,153600,5,15,9,13,20
run_20260811_normal_02,normal,195,22115,1024,3584,23,222966,665600,5,13,13,19,10
run_20260811_normal_02,normal,196,22179,1024,3328,21,193746,358400,8,11,20,18,17
run_20260811_normal_02,normal,197,22243,1024,3328,21,190657,204800,5,19,13,11,11
run_20260811_normal_02,normal,198,22307,1024,3328,22,179745,153600,5,17,15,20,12
run_20260811_normal_02,normal,199,22371,1024,2816,19,179429,51200,5,20,11,16,10
run_20260811_normal_02,normal,200,22435,1024,2816,17,180159,153600,5,16,17,12,10
run_20260811_normal_02,normal,201,22499,1024,2560,17,152149,153600,5,15,12,14,13
run_20260811_normal_02,normal,202,22563,1024,2304,19,146799,460800,5,10,21,12,13
run_20260811_normal_02,normal,203,22627,1024,2816,18,171584,51200,5,16,9,17,20
run_20260811_normal_02,normal,204,22691,1280,3840,29,177650,563200,8,14,17,13,15
run_20260811_normal_02,normal,205,22755,1280,3840,34,170168,1075200,8,24,15,10,16
run_20260811_normal_02,normal,206,22819,1280,3072,29,164460,460800,10,17,36,17,12
run_20260811_normal_02,normal,207,22883,1280,3584,27,183447,563200,5,14,19,11,14
run_20260811_normal_02,normal,208,22947,1024,3840,24,205980,51200,5,14,18,18,14
run_20260811_normal_02,normal,209,23011,1280,3328,25,153087,102400,5,23,12,10,10
run_20260811_normal_02,normal,210,23075,1280,3072,32,141158,358400,8,18,20,9,10
run_20260811_normal_02,normal,211,23139,1280,3584,35,165123,102400,8,27,19,10,18
run_20260811_normal_02,normal,212,23203,1280,3584,32,144410,460800,10,13,31,11,14
run_20260811_normal_02,normal,213,23267,1024,2560,20,150693,51200,5,13,21,10,17
run_20260811_normal_02,normal,214,23331,1024,2560,21,144727,102400,5,13,12,14,10
run_20260811_normal_02,normal,215,23395,1024,2816,22,148380,563200,10,11,26,17,10
run_20260811_normal_02,normal,216,23459,1024,3584,24,210993,153600,8,28,13,11,10
run_20260811_normal_02,normal,217,23523,1280,3584,26,212290,358400,8,12,18,10,15
run_20260811_normal_02,normal,218,23587,1024,3328,24,178667,358400,5,12,16,14,19
run_20260811_normal_02,normal,219,23651,1024,2560,19,153974,1075200,8,10,8,13,16
run_20260811_normal_02,normal,220,23715,1280,3584,25,182396,563200,10,14,25,8,12
run_20260811_normal_02,normal,221,23779,1280,3584,25,167212,102400,5,21,11,15,15
run_20260811_normal_02,normal,222,23843,1024,2304,17,135989,870400,8,17,7,18,10
run_20260811_normal_02,normal,223,23907,1024,3584,17,199430,460800,5,11,16,9,8
run_20260811_normal_02,normal,224,23971,1024,3584,20,200472,409600,5,9,14,14,11
run_20260811_normal_02,normal,225,24035,1280,4096,25,197763,51200,5,23,17,14,12
run_20260811_normal_02,normal,226,24099,1024,3840,21,201367,102400,5,18,14,16,13
run_20260811_normal_02,normal,227,24163,768,2560,13,179287,153600,8,23,11,11,14
run_20260811_normal_02,normal,228,24227,1024,3072,18,222023,51200,5,21,16,15,11
run_20260811_normal_02,normal,229,24291,1024,3072,21,196384,563200,5,11,15,15,18
run_20260811_normal_02,normal,230,24355,1024,2816,23,162639,51200,5,27,16,8,11
run_20260811_normal_02,normal,231,24419,1024,2816,21,158777,51200,5,18,12,10,13
run_20260811_normal_02,normal,232,24483,1024,2560,19,157039,102400,5,15,10,7,12
run_20260811_normal_02,normal,233,24547,1280,3584,28,186524,51200,8,19,23,13,10
run_20260811_normal_02,normal,234,24611,1280,3328,25,188673,153600,8,21,9,24,15
run_20260811_normal_02,normal,235,24675,1280,4096,25,207579,102400,5,17,8,10,19
run_20260811_normal_02,normal,236,24739,1024,3840,23,206982,102400,8,27,8,10,18
run_20260811_normal_02,normal,237,24803,768,2816,15,216195,460800,8,9,17,9,10
run_20260811_normal_02,normal,238,24867,1024,2816,23,172228,512000,8,9,23,15,10
run_20260811_normal_02,normal,239,24931,1280,3584,26,177953,102400,5,15,17,16,13
run_20260811_normal_02,normal,240,24995,1024,3584,21,235338,512000,5,12,14,12,14
run_20260811_normal_02,normal,241,25059,1024,3840,20,228230,563200,10,17,26,19,12
run_20260811_normal_02,normal,242,25123,1024,4096,21,250755,665600,5,8,6,15,14
run_20260811_normal_02,normal,243,25187,1024,4096,21,229600,307200,5,14,12,23,15
run_20260811_normal_02,normal,244,25251,1024,3328,19,182008,153600,8,17,15,10,16
run_20260811_normal_02,normal,245,25315,1024,3328,21,200747,460800,5,11,14,17,16
run_20260811_normal_02,normal,246,25379,1280,3840,25,236845,1280000,8,13,11,16,24
run_20260811_normal_02,normal,247,25443,1280,4096,30,214831,102400,5,18,17,15,12
run_20260811_normal_02,normal,248,25507,1024,3840,24,217573,870400,9,24,11,22,12
run_20260811_normal_02,normal,249,25571,1024,3328,20,183063,51200,5,17,9,10,21
run_20260811_normal_02,normal,250,25635,1280,3328,27,174880,307200,8,21,18,9,24
run_20260811_normal_02,normal,251,25699,1280,3840,31,193972,307200,8,24,20,12,11
run_20260811_normal_02,normal,252,25763,1280,3840,31,203051,153600,8,29,15,17,11
run_20260811_normal_02,normal,253,25827,1024,3328,20,219701,51200,5,18,13,10,13
run_20260811_normal_02,normal,254,25891,768,2304,14,179174,256000,4,12,14,10,11
run_20260811_normal_02,normal,255,25955,1024,2560,23,147351,614400,5,11,14,17,16
run_20260811_normal_02,normal,256,26019,1280,3584,29,153350,358400,10,16,23,13,10
run_20260811_normal_02,normal,257,26083,1280,3584,28,173258,51200,8,30,16,14,8
run_20260811_normal_02,normal,258,26147,1280,3584,28,175861,665600,10,14,19,23,12
run_20260811_normal_02,normal,259,26211,1280,4352,29,212140,51200,5,14,23,13,13
run_20260811_normal_02,normal,260,26275,1024,4608,24,334794,51200,8,24,18,14,13
run_20260811_normal_02,normal,261,26339,1280,4608,25,287374,102400,5,12,15,13,13
run_20260811_normal_02,normal,262,26403,1280,4096,31,213125,358400,10,16,23,14,16
run_20260811_normal_02,normal,263,26467,1280,3840,27,199431,307200,8,18,14,24,21
run_20260811_normal_02,normal,264,26531,1280,4096,28,209359,256000,5,18,18,13,11
run_20260811_normal_02,normal,265,26595,1280,4352,26,252913,563200,8,17,19,10,9
run_20260811_normal_02,normal,266,26659,1280,4096,27,217142,51200,8,26,11,12,14
run_20260811_normal_02,normal,267,26723,1280,4096,31,204831,307200,8,22,20,11,8
run_20260811_normal_02,normal,268,26787,1280,4096,27,209342,512000,8,10,20,18,12
run_20260811_normal_02,normal,269,26851,1024,3840,24,199675,307200,8,17,11,12,14
run_20260811_normal_02,normal,270,26915,1024,3072,21,188442,870400,5,12,12,12,16
run_20260811_normal_02,normal,271,26979,1024,3072,16,203220,204800,5,17,13,11,16
run_20260811_normal_02,normal,272,27043,768,2304,12,202583,256000,5,15,9,11,13
run_20260811_normal_02,normal,273,27107,1024,2816,18,188482,256000,5,14,11,8,16
run_20260811_normal_02,normal,274,27171,1024,3072,24,154502,51200,5,14,13,12,18
run_20260811_normal_02,normal,275,27235,1280,3584,28,173367,460800,10,16,21,9,12
run_20260811_normal_02,normal,276,27299,1280,3328,28,147486,204800,8,23,26,15,13
run_20260811_normal_02,normal,277,27363,1280,3328,26,158946,921600,5,11,9,17,24
run_20260811_normal_02,normal,278,27427,1280,3072,29,154952,409600,10,10,34,12,12
run_20260811_normal_02,normal,279,27491,1280,3584,26,176424,358400,8,12,26,16,9
run_20260811_normal_02,normal,280,27555,1280,3328,25,168972,51200,5,23,16,11,12
run_20260811_normal_02,normal,281,27619,1024,2560,21,145144,1280000,8,21,8,7,20
run_20260811_normal_02,normal,282,27683,1024,2304,16,146700,204800,5,21,17,9,10
run_20260811_normal_02,normal,283,27747,1024,3584,19,198119,51200,5,21,12,15,12
run_20260811_normal_02,normal,284,27811,1024,3328,20,199122,102400,5,14,9,21,12
run_20260811_normal_02,normal,285,27875,1024,3584,23,220806,51200,5,15,9,11,11
run_20260811_normal_02,normal,286,27939,1024,3584,24,210780,614400,8,22,28,11,10
run_20260811_normal_02,normal,287,28003,1024,2816,22,160756,512000,10,10,31,11,17
run_20260811_normal_02,normal,288,28067,1024,3840,24,189566,153600,5,21,12,14,13
run_20260811_normal_02,normal,289,28131,1024,3840,21,218722,358400,8,14,20,11,15
run_20260811_normal_02,normal,290,28195,1024,3328,24,186359,153600,8,24,9,12,16
run_20260811_normal_02,normal,291,28259,1024,3328,24,192192,512000,8,9,25,11,14
run_20260811_normal_02,normal,292,28323,1024,3072,19,191418,153600,5,17,10,14,12
run_20260811_normal_02,normal,293,28387,1024,3072,20,178318,153600,5,14,18,13,10
run_20260811_normal_02,normal,294,28451,1024,3072,21,166486,563200,5,9,15,12,15
run_20260811_normal_02,normal,295,28515,1024,2816,17,167056,51200,5,12,10,20,16
run_20260811_normal_02,normal,296,28579,768,2816,15,168719,204800,5,13,21,10,17
run_20260811_normal_02,normal,297,28643,768,2816,15,174863,665600,5,10,11,13,18
run_20260811_normal_02,normal,298,28707,1280,4608,26,280065,153600,8,20,17,13,17
run_20260811_normal_02,normal,299,28771,1280,4864,34,210910,102400,8,23,7,18,9
run_20260811_normal_02,normal,300,28835,1024,2816,20,155333,153600,8,23,11,13,18
run_20260811_normal_02,normal,301,28899,1024,3328,21,195858,563200,8,10,21,14,18
run_20260811_normal_02,normal,302,28963,1280,3840,32,189702,51200,5,16,16,17,19
run_20260811_normal_02,normal,303,29027,1280,3840,33,183837,563200,8,21,21,14,13
run_20260811_normal_02,normal,304,29091,1280,4096,29,210857,307200,5,13,9,13,12
run_20260811_normal_02,normal,305,29155,1024,4096,24,230734,512000,10,16,28,14,12
run_20260811_normal_02,normal,306,29219,1024,3584,24,228298,563200,8,12,23,12,9
run_20260811_normal_02,normal,307,29283,1024,3328,23,188915,51200,5,18,12,12,16
run_20260811_normal_02,normal,308,29347,1024,3072,22,187440,358400,8,20,16,16,12
run_20260811_normal_02,normal,309,29411,1280,3584,27,164723,358400,8,15,15,11,19
run_20260811_normal_02,normal,310,29475,1280,2816,29,131743,51200,5,24,17,12,8
run_20260811_normal_02,normal,311,29539,1280,3584,31,160779,716800,10,27,8,26,10
run_20260811_normal_02,normal,312,29603,1536,3584,36,153986,768000,10,24,14,22,17
run_20260811_normal_02,normal,313,29667,1280,4096,29,209175,409600,5,8,19,11,15
run_20260811_normal_02,normal,314,29731,1280,4352,30,224042,563200,10,21,20,9,13
run_20260811_normal_02,normal,315,29795,1280,3840,33,180895,51200,8,19,23,13,15
run_20260811_normal_02,normal,316,29859,1536,4096,43,157969,51200,5,18,17,15,10
run_20260811_normal_02,normal,317,29923,1280,3328,33,162621,204800,8,33,20,13,17
run_20260811_normal_02,normal,318,29987,1280,4864,30,245152,102400,5,12,13,16,16
run_20260811_normal_02,normal,319,30051,1280,4864,26,284443,51200,5,14,13,8,13
run_20260811_normal_02,normal,320,30115,1024,3328,20,202376,153600,5,15,13,18,16
run_20260811_normal_02,normal,321,30179,1024,3328,20,197624,614400,8,13,18,16,11
run_20260811_normal_02,normal,322,30243,1280,3840,29,218401,51200,5,18,9,16,9
run_20260811_normal_02,normal,323,30307,1280,3840,32,208345,358400,5,11,23,18,14
run_20260811_normal_02,normal,324,30371,1280,3584,25,202706,51200,8,26,12,14,11
run_20260811_normal_02,normal,325,30435,1024,3328,24,165910,51200,5,14,21,11,17
run_20260811_normal_02,normal,326,30499,1024,3072,22,162881,307200,8,23,18,12,9
run_20260811_normal_02,normal,327,30563,1024,2816,19,172078,358400,5,11,19,17,11
run_20260811_normal_02,normal,328,30627,1024,3072,19,174365,512000,8,11,18,13,11
run_20260811_normal_02,normal,329,30691,1280,3840,26,200317,512000,8,15,23,14,11
run_20260811_normal_02,normal,330,30755,1280,3840,26,224766,102400,5,20,10,13,17
run_20260811_normal_02,normal,331,30819,1024,3584,21,235300,563200,8,14,25,8,10
run_20260811_normal_02,normal,332,30883,1024,3584,24,222236,358400,10,8,18,10,16
run_20260811_normal_02,normal,333,30947,1280,3584,26,180137,870400,8,15,15,20,11
run_20260811_normal_02,normal,334,31011,1280,2816,25,148920,51200,5,17,16,21,11
run_20260811_normal_02,normal,335,31075,1024,2816,24,148835,665600,9,13,17,21,10
run_20260811_normal_02,normal,336,31139,1024,4352,24,224192,768000,10,14,10,21,15
run_20260811_normal_02,normal,337,31203,1024,4096,24,198427,153600,8,19,12,10,15
run_20260811_normal_02,normal,338,31267,1024,3072,22,176290,51200,5,20,13,14,18
run_20260811_normal_02,normal,339,31331,1280,3840,28,186148,51200,5,13,14,15,21
run_20260811_normal_02,normal,340,31395,1280,4096,27,205987,51200,5,15,15,11,12
run_20260811_normal_02,normal,341,31459,1024,3328,24,188338,512000,8,11,26,16,14
run_20260811_normal_02,normal,342,31523,1280,3328,29,154525,51200,5,19,13,13,13
run_20260811_normal_02,normal,343,31587,1280,2816,25,159916,307200,5,12,13,22,12
run_20260811_normal_02,normal,344,31651,1024,2816,24,177177,460800,8,19,18,13,16
run_20260811_normal_02,normal,345,31715,1280,3072,32,146396,204800,8,33,13,13,12
run_20260811_normal_02,normal,346,31779,1280,3072,27,150504,51200,5,19,13,10,20
run_20260811_normal_02,normal,347,31843,1024,3328,24,178012,153600,5,16,16,15,10
run_20260811_normal_02,normal,348,31907,1024,3328,24,177808,153600,8,24,24,17,13
run_20260811_normal_02,normal,349,31971,1024,3328,21,179195,256000,5,14,17,12,12
run_20260811_normal_02,normal,350,32035,1024,3328,22,166101,460800,5,10,18,8,10
run_20260811_normal_02,normal,351,32099,1280,4096,26,187040,307200,8,23,16,15,12
run_20260811_normal_02,normal,352,32163,1280,4096,29,192236,256000,5,17,16,13,14
run_20260811_normal_02,normal,353,32227,1024,3584,22,184531,768000,9,17,14,27,9
run_20260811_normal_02,normal,354,32291,1024,2816,19,159476,153600,8,18,16,6,9
run_20260811_normal_02,normal,355,32355,2816,18176,143,1368914,51200,5,16,12,9,15
run_20260811_normal_02,normal,356,32419,61952,265984,58726,510631,102400,1073,2382,277,151,59
run_20260811_normal_02,normal,357,32483,87040,250880,115684,243235,204800,6737,22620,5670,2437,1128
run_20260811_normal_02,normal,358,32547,83968,241664,107946,209707,409600,4520,5762,10205,4249,1196
run_20260811_normal_02,normal,359,32611,73216,180992,82076,168277,204800,4450,8882,3945,919,548
run_20260811_normal_02,normal,360,32675,48128,146176,35359,298199,153600,1594,5628,3852,588,489
run_20260811_normal_02,normal,361,32739,19968,61952,6110,239553,614400,208,402,480,265,197
run_20260811_normal_02,normal,362,32803,23040,76544,8204,258347,614400,169,473,503,322,122
run_20260811_normal_02,normal,363,32867,45056,145664,31146,300942,512000,848,2648,2791,511,369
run_20260811_normal_02,normal,364,32931,55040,151296,46396,221964,563200,1369,3074,3838,1237,537
run_20260811_normal_02,normal,365,32995,51200,145152,40122,182275,102400,1549,4090,2067,1174,201
run_20260811_normal_02,normal,366,33059,48640,110592,36461,156589,51200,1165,4315,1808,1192,375
run_20260811_normal_02,normal,367,33123,60672,161024,56360,194470,102400,2741,6040,4345,1446,588
run_20260811_normal_02,normal,368,33187,68352,166400,71683,171633,102400,2612,7170,3393,987,114
run_20260811_normal_02,normal,369,33251,73216,180736,82308,165029,512000,3492,7340,7491,1134,561
run_20260811_normal_02,normal,370,33315,75264,174592,86879,166087,614400,3389,8544,9423,1072,395
run_20260811_normal_02,normal,371,33379,78848,190976,95428,178453,409600,6458,6614,14424,556,490
run_20260811_normal_02,normal,372,33443,75776,193280,87815,200821,358400,1629,2460,4428,5145,1289
run_20260811_normal_02,normal,373,33507,65792,177920,66504,184050,102400,1412,4877,5135,1785,1083
run_20260811_normal_02,normal,374,33571,101632,283904,158078,189210,563200,4505,6382,16522,6324,666
run_20260811_normal_02,normal,375,33635,141312,449536,304989,213295,614400,20041,6729,61805,14612,1337
run_20260811_normal_02,normal,376,33699,155904,456192,371839,232753,512000,6817,5088,17778,14062,5509
run_20260811_normal_02,normal,377,33763,122624,412160,230322,332315,307200,6029,10026,14166,4298,3154
run_20260811_normal_02,normal,378,33827,50944,263424,39999,764721,460800,1377,3795,4638,2718,1230
run_20260811_normal_02,normal,379,33891,8192,83200,1069,5318901,614400,13,26,32,17,10
run_20260811_normal_02,normal,380,33955,1280,4096,26,196105,102400,5,18,10,20,16
run_20260811_normal_02,normal,381,34019,1280,3328,25,178363,153600,8,16,18,16,16
run_20260811_normal_02,normal,382,34083,1024,3328,21,184957,716800,8,10,14,18,11
run_20260811_normal_02,normal,383,34147,1024,2816,21,158173,153600,5,13,18,12,16
run_20260811_normal_02,normal,384,34211,1536,5632,38,318359,665600,8,12,18,25,12
run_20260811_normal_02,normal,385,34275,1536,5632,37,326564,358400,8,18,20,17,23
run_20260811_normal_02,normal,386,34339,1280,3072,26,151716,460800,8,11,21,16,12
run_20260811_normal_02,normal,387,34403,1280,3072,27,157846,102400,5,18,9,14,20
run_20260811_normal_02,normal,388,34467,1280,3072,25,186617,51200,5,18,17,11,10
run_20260811_normal_02,normal,389,34531,1024,3584,20,202768,102400,5,17,14,13,15
run_20260811_normal_02,normal,390,34595,1024,3840,21,212028,358400,5,10,14,8,17
run_20260811_normal_02,normal,391,34659,1024,2560,19,141046,563200,5,10,17,16,11
run_20260811_normal_02,normal,392,34723,1280,4096,28,218396,409600,5,12,17,18,20
run_20260811_normal_02,normal,393,34787,1280,4096,30,228882,51200,5,20,10,15,13
run_20260811_normal_02,normal,394,34851,1280,3328,26,175125,768000,9,17,13,18,11
run_20260811_normal_02,normal,395,34915,1024,2816,22,164479,563200,8,14,26,8,13
run_20260811_normal_02,normal,396,34979,1280,4352,30,240061,51200,5,17,20,14,10
run_20260811_normal_02,normal,397,35043,1280,4352,30,250122,665600,10,13,13,29,10
run_20260811_normal_02,normal,398,35107,1024,3328,24,195566,716800,8,11,14,19,13
run_20260811_normal_02,normal,399,35171,1280,4096,34,185409,358400,8,17,23,15,15
run_20260811_normal_02,normal,400,35235,1280,3840,29,194995,204800,8,23,17,16,10
run_20260811_normal_02,normal,401,35299,1024,3072,19,161102,51200,5,14,11,9,12
run_20260811_normal_02,normal,402,35363,1024,3328,21,221675,102400,5,20,10,17,18
run_20260811_normal_02,normal,403,35427,1024,3328,21,200435,51200,5,15,10,13,16
run_20260811_normal_02,normal,404,35491,1024,2560,23,162128,102400,8,17,20,17,14
run_20260811_normal_02,normal,405,35555,1024,2560,21,181397,204800,5,12,9,11,10
run_20260811_normal_02,normal,406,35619,2048,13824,69,1593548,153600,5,13,17,10,11
run_20260811_normal_02,normal,407,35683,2816,13824,135,515762,665600,17,29,44,41,32
run_20260811_normal_02,normal,408,35747,2304,7168,96,203354,665600,10,27,23,27,19
run_20260811_normal_02,normal,409,35811,1536,4608,38,215234,460800,5,10,24,16,10
run_20260811_normal_02,normal,410,35875,1280,4864,31,236560,307200,8,23,14,11,14
run_20260811_normal_02,normal,411,35939,1024,3072,21,172635,358400,8,12,24,14,11
run_20260811_normal_02,normal,412,36003,1024,3072,19,183256,204800,5,11,9,16,11
run_20260811_normal_02,normal,413,36067,1024,3328,20,182788,51200,5,16,10,16,11
run_20260811_normal_02,normal,414,36131,1280,5376,33,311801,153600,8,24,11,16,10
run_20260811_normal_02,normal,415,36195,1536,5888,36,332390,256000,8,25,13,17,24
run_20260811_normal_02,normal,416,36259,1280,3584,28,164401,307200,8,27,11,10,10
run_20260811_normal_02,normal,417,36323,1280,3584,34,169134,204800,5,15,8,15,19
run_20260811_normal_02,normal,418,36387,1024,3584,24,205712,51200,5,23,13,9,12
run_20260811_normal_02,normal,419,36451,1024,3840,23,200024,665600,10,10,18,25,11
run_20260811_normal_02,normal,420,36515,1280,3584,26,209428,204800,5,15,8,13,10
run_20260811_normal_02,normal,421,36579,1024,3584,18,227315,256000,5,14,10,10,11
run_20260811_normal_02,normal,422,36643,1280,4608,31,265258,358400,5,9,14,16,12
run_20260811_normal_02,normal,423,36707,1280,4864,34,229334,256000,9,21,14,15,14
run_20260811_normal_02,normal,424,36771,1024,2816,17,174228,256000,5,15,11,11,13
run_20260811_normal_02,normal,425,36835,1024,3072,17,184408,102400,5,17,7,10,15
run_20260811_normal_02,normal,426,36899,1280,3840,27,198702,51200,2,10,11,11,9
run_20260811_normal_02,normal,427,36963,1280,3584,28,166081,256000,5,14,10,20,13
run_20260811_normal_02,normal,428,37027,1024,2816,21,161387,665600,5,8,10,18,13
run_20260811_normal_02,normal,429,37091,1024,3072,18,181628,716800,8,12,8,24,11
run_20260811_normal_02,normal,430,37155,1024,2560,19,141085,204800,5,14,17,11,13
run_20260811_normal_02,normal,431,37219,1280,3328,31,150246,563200,13,24,30,11,13
run_20260811_normal_02,normal,432,37283,1280,3584,32,178840,153600,5,14,8,9,15
run_20260811_normal_02,normal,433,37347,1280,3328,29,174186,460800,10,17,29,21,5
run_20260811_normal_02,normal,434,37411,1280,3328,33,144903,256000,10,18,26,9,10
run_20260811_normal_02,normal,435,37475,1024,3072,22,162938,358400,8,18,20,10,10
run_20260811_normal_02,normal,436,37539,1280,3840,25,208414,102400,5,20,20,13,15
run_20260811_normal_02,normal,437,37603,1536,6400,39,310651,153600,8,22,14,10,14
run_20260811_normal_02,normal,438,37667,1280,6400,31,410972,153600,5,17,17,21,17
run_20260811_normal_02,normal,439,37731,768,2560,14,195988,665600,5,8,8,15,15
run_20260811_normal_02,normal,440,37795,1024,3328,18,199504,665600,5,11,10,13,16
run_20260811_normal_02,normal,441,37859,1280,3328,26,184821,358400,8,10,20,17,16
run_20260811_normal_02,normal,442,37923,1280,3328,25,183458,307200,8,18,20,13,11
run_20260811_normal_02,normal,443,37987,1024,3328,22,168249,358400,5,11,16,11,10
run_20260811_normal_02,normal,444,38051,1024,3328,22,193168,512000,10,15,28,11,8
run_20260811_normal_02,normal,445,38115,1280,5632,35,350804,512000,8,27,24,13,15
run_20260811_normal_02,normal,446,38179,1536,5632,47,257842,358400,8,19,24,16,16
run_20260811_normal_02,normal,447,38243,1280,3584,30,184153,358400,8,20,18,19,13
run_20260811_normal_02,normal,448,38307,1024,3072,19,180102,307200,5,14,12,13,18
run_20260811_normal_02,normal,449,38371,1024,3584,22,204652,153600,5,18,9,12,17
run_20260811_normal_02,normal,450,38435,1280,3584,27,185708,153600,5,19,13,8,12
run_20260811_normal_02,normal,451,38499,1536,6656,39,384894,153600,5,19,20,16,17
run_20260811_normal_02,normal,452,38563,1536,6656,47,321249,563200,10,16,19,19,13
run_20260811_normal_02,normal,453,38627,48384,292608,36012,1349211,51200,145,630,334,284,212
run_20260811_normal_02,normal,454,38691,174080,481280,462581,221878,256000,24650,72294,18246,2392,810
run_20260811_normal_02,normal,455,38755,195584,449024,584670,147489,358400,40625,35284,50448,4033,192
run_20260811_normal_02,normal,456,38819,185600,421376,525914,146603,358400,43013,30047,51548,3402,289
run_20260811_normal_02,normal,457,38883,236544,505600,855072,131220,358400,88237,63694,100913,7011,631
run_20260811_normal_02,normal,458,38947,274688,645888,1151613,143165,307200,101309,144337,99959,16117,3310
run_20260811_normal_02,normal,459,39011,296448,569088,1343220,132537,307200,129317,145881,108987,11799,2729
run_20260811_normal_02,normal,460,39075,261120,603648,1040421,174976,307200,67090,149232,24979,6130,1340
run_20260811_normal_02,normal,461,39139,148480,493824,336428,298996,460800,6890,10671,19325,6077,1687
run_20260811_normal_02,normal,462,39203,71936,233472,79136,277260,358400,1189,3266,2703,3572,2402
run_20260811_normal_02,normal,463,39267,61184,180480,57400,218830,51200,1332,3525,2323,1384,1258
run_20260811_normal_02,normal,464,39331,70912,157696,76740,142618,460800,1700,4355,6333,4274,2673
run_20260811_normal_02,normal,465,39395,65536,166144,65587,170539,460800,3194,712,8637,511,286
run_20260811_normal_02,normal,466,39459,50432,121088,39166,161874,563200,2069,2931,4511,615,206
run_20260811_normal_02,normal,467,39523,48384,132096,36069,191162,51200,1233,3716,2209,1157,320
run_20260811_normal_02,normal,468,39587,43776,140032,29299,259607,102400,845,2551,1557,786,294
run_20260811_normal_02,normal,469,39651,32000,134144,15661,409844,870400,389,626,1174,1349,710
run_20260811_normal_02,normal,470,39715,20736,68864,6603,327439,256000,292,758,778,904,483
run_20260811_normal_02,normal,471,39779,15872,59904,3897,267627,716800,116,237,82,240,82
run_20260811_normal_02,normal,472,39843,25600,89600,10057,327773,256000,194,736,282,264,420
run_20260811_normal_02,normal,473,39907,35328,105984,19187,235672,204800,485,1332,1250,1043,792
run_20260811_normal_02,normal,474,39971,32512,108032,16334,267159,512000,697,613,1302,817,142
run_20260811_normal_02,normal,475,40035,37120,116736,21218,220014,563200,778,1542,2348,614,347
run_20260811_normal_02,normal,476,40099,29952,105984,13856,315467,307200,338,1230,884,453,621
run_20260811_normal_02,normal,477,40163,26624,88320,10862,301903,768000,125,446,198,479,463
run_20260811_normal_02,normal,478,40227,72448,248832,80587,340787,102400,2120,5046,3090,2938,688
run_20260811_normal_02,normal,479,40291,79360,247552,96118,254311,102400,4778,8162,8541,2505,1552
run_20260811_normal_02,normal,480,40355,67328,190720,69363,178105,102400,4234,7666,2540,2373,931
run_20260811_normal_02,normal,481,40419,62208,192256,59291,246030,102400,3033,5314,3425,2150,493
run_20260811_normal_02,normal,482,40483,45568,162560,32016,355213,102400,1300,3516,3513,1637,365
run_20260811_normal_02,normal,483,40547,33024,142080,16860,606694,102400,386,1126,475,490,208
run_20260811_normal_02,normal,484,40611,18944,84992,5620,581054,307200,58,215,149,102,162
run_20260811_normal_02,normal,485,40675,26880,93440,11169,410366,307200,740,2147,1544,874,143
run_20260811_normal_02,normal,486,40739,21248,92672,6906,722073,153600,34,94,52,34,28
run_20260811_normal_02,normal,487,40803,5632,27136,523,386484,153600,50,103,34,52,21
run_20260811_normal_02,normal,488,40867,9472,35328,1377,531679,307200,130,387,275,115,51
run_20260811_normal_02,normal,489,40931,14848,65792,3461,517139,307200,26,104,84,46,28
run_20260811_normal_02,normal,490,40995,34560,109568,18350,274695,102400,745,2093,943,761,442
run_20260811_normal_02,normal,491,41059,48128,179456,35564,339483,102400,2106,5403,3866,1211,371
run_20260811_normal_02,normal,492,41123,36608,181248,20569,840266,204800,122,362,156,71,35
run_20260811_normal_02,normal,493,41187,9984,23552,1593,132080,102400,170,405,132,73,34
run_20260811_normal_02,normal,494,41251,7168,22016,816,227326,153600,40,129,55,47,40
run_20260811_normal_02,normal,495,41315,4864,12032,375,174877,665600,26,56,34,62,25
run_20260811_normal_02,normal,496,41379,45056,137472,30996,319202,204800,373,1521,235,231,53
run_20260811_normal_02,normal,497,41443,48896,132352,36822,236303,102400,3545,9883,2071,994,234
run_20260811_normal_02,normal,498,41507,28160,89344,12158,266921,153600,290,740,339,165,166
run_20260811_normal_02,normal,499,41571,33536,92928,17392,228630,102400,697,1411,1135,407,928
run_20260811_normal_02,normal,500,41635,30208,100096,13932,335010,102400,685,1841,1436,1029,333
run_20260811_normal_02,normal,501,41699,16128,98560,3981,1481187,204800,40,81,54,22,31
run_20260811_normal_02,normal,502,41763,4608,10496,325,170314,153600,25,76,67,14,20
run_20260811_normal_02,normal,503,41827,4352,18944,317,377287,307200,20,55,65,45,22
run_20260811_normal_02,normal,504,41891,5120,18688,410,273647,358400,25,76,66,44,46
run_20260811_normal_02,normal,505,41955,5888,16896,543,180966,409600,41,112,93,49,22
run_20260811_normal_02,normal,506,42019,5632,17152,516,202717,153600,29,58,43,56,23
run_20260811_normal_02,normal,507,42083,4608,12288,343,185108,204800,29,87,56,15,18
run_20260811_normal_02,normal,508,42147,4096,11776,277,150091,409600,13,42,43,45,31
run_20260811_normal_02,normal,509,42211,4608,9216,329,136497,204800,26,88,74,26,29
run_20260811_normal_02,normal,510,42275,4608,11008,332,155306,256000,26,75,44,30,22
run_20260811_normal_02,normal,511,42339,10240,55552,1642,970079,819200,29,43,85,91,56
run_20260811_normal_02,normal,512,42403,10496,54528,1739,857400,921600,64,114,123,236,190
run_20260811_normal_02,normal,513,42467,13312,45568,2749,298760,870400,65,247,71,194,229
run_20260811_normal_02,normal,514,42531,17408,56576,4755,248997,716800,170,228,435,470,195
run_20260811_normal_02,normal,515,42595,13312,57600,2732,496443,204800,136,283,138,159,120
run_20260811_normal_02,normal,516,42659,7168,25600,803,262608,204800,45,141,69,43,22
run_20260811_normal_02,normal,517,42723,6144,16128,579,172878,204800,68,109,34,19,30
run_20260811_normal_02,normal,518,42787,5632,15872,505,176817,256000,32,94,78,31,20
run_20260811_normal_02,normal,519,42851,6912,17152,745,166964,153600,82,198,55,70,36
run_20260811_normal_02,normal,520,42915,6912,16640,771,174669,153600,53,98,68,35,19
run_20260811_normal_02,normal,521,42979,5888,14848,538,170683,358400,65,80,112,21,10
run_20260811_normal_02,normal,522,43043,11776,56320,2191,600360,153600,52,136,39,62,60
run_20260811_normal_02,normal,523,43107,16896,53504,4487,306015,204800,180,550,559,179,433
run_20260811_normal_02,normal,524,43171,12800,49920,2559,479801,256000,41,111,127,99,73
run_20260811_normal_02,normal,525,43235,5376,11776,446,135406,153600,29,102,34,43,28
run_20260811_normal_02,normal,526,43299,5632,12288,498,136239,307200,40,150,42,40,25
run_20260811_normal_02,normal,527,43363,5888,12032,563,136776,153600,53,114,60,21,28
run_20260811_normal_02,normal,528,43427,5888,15360,553,171083,153600,82,237,23,48,15
run_20260811_normal_02,normal,529,43491,6656,15616,679,165645,256000,53,150,48,24,21
run_20260811_normal_02,normal,530,43555,6912,15616,738,142034,256000,65,175,36,48,18
run_20260811_normal_02,normal,531,43619,5888,14592,532,170171,153600,26,67,46,37,26
run_20260811_normal_02,normal,532,43683,5376,12800,467,161558,307200,26,71,84,15,26
run_20260811_normal_02,normal,533,43747,4352,11776,316,178377,204800,25,97,34,19,21
run_20260811_normal_02,normal,534,43811,4096,9984,281,173404,153600,34,81,54,16,23
run_20260811_normal_02,normal,535,43875,4352,9984,314,165713,256000,40,113,49,36,17
run_20260811_normal_02,normal,536,43939,5632,26624,488,496125,256000,26,59,31,79,67
run_20260811_normal_02,normal,537,44003,6400,27392,660,348233,153600,29,74,59,32,41
run_20260811_normal_02,normal,538,44067,6144,13312,606,140401,153600,61,106,121,51,21
run_20260811_normal_02,normal,539,44131,5376,14080,442,158735,153600,50,134,39,51,27
run_20260811_normal_02,normal,540,44195,4352,15360,295,246226,102400,13,54,21,22,32
run_20260811_normal_02,normal,541,44259,8192,24064,1039,252320,256000,26,103,79,68,46
run_20260811_normal_02,normal,542,44323,8960,24832,1269,207063,102400,146,416,49,23,35
run_20260811_normal_02,normal,543,44387,6656,18688,686,200501,153600,68,172,37,67,22
run_20260811_normal_02,normal,544,44451,6400,20224,663,206526,204800,41,139,72,25,70
run_20260811_normal_02,normal,545,44515,6144,20224,611,205329,153600,37,97,37,26,13
run_20260811_normal_02,normal,546,44579,6144,13568,603,148753,153600,53,121,78,27,23
run_20260811_normal_02,normal,547,44643,5888,15616,552,186234,204800,41,117,64,51,19
run_20260811_normal_02,normal,548,44707,5888,16384,551,192384,256000,34,95,46,36,35
run_20260811_normal_02,normal,549,44771,11008,46336,1920,448287,409600,74,135,248,54,50
run_20260811_normal_02,normal,550,44835,25344,66304,9806,247144,102400,226,860,512,418,108
run_20260811_normal_02,normal,551,44899,23040,67328,8261,325227,819200,202,466,788,649,306
run_20260811_normal_02,normal,552,44963,4096,20736,282,706837,716800,17,16,15,60,54
run_20260811_normal_02,normal,553,45027,1024,3072,17,195108,102400,5,23,9,15,12
run_20260811_normal_02,normal,554,45091,768,2816,13,206834,665600,10,11,14,16,19
run_20260811_normal_02,normal,555,45155,768,3072,14,241937,307200,5,13,11,9,11
run_20260811_normal_02,normal,556,45219,1024,2816,17,204616,153600,5,23,13,8,13
run_20260811_normal_02,normal,557,45283,1280,3328,29,173397,665600,5,12,12,15,10
run_20260811_normal_02,normal,558,45347,1280,4096,30,198744,204800,5,16,15,18,12
run_20260811_normal_02,normal,559,45411,7936,45056,972,1386540,153600,8,29,13,27,14
run_20260811_normal_02,normal,560,45475,20992,91392,6729,552266,204800,340,1106,951,508,128
run_20260811_normal_02,normal,561,45539,119552,736000,218608,1237467,256000,8361,21434,17524,14474,2948
run_20260811_normal_02,normal,562,45603,185088,766720,523489,636638,51200,4552,7515,4496,2381,1065
run_20260811_normal_02,normal,563,45667,253952,1110528,984482,437090,204800,47125,151372,54909,34917,16013
run_20260811_normal_02,normal,564,45731,312320,1139200,1488459,353314,204800,113546,216071,36068,26271,19511
run_20260811_normal_02,normal,565,45795,290816,1120256,1290523,427798,204800,27217,67927,41157,23766,17742
run_20260811_normal_02,normal,566,45859,256512,1071616,1004255,428376,204800,40417,87708,70672,51474,21587
run_20260811_normal_02,normal,567,45923,229376,960256,804147,367724,409600,13005,29036,42415,25155,15968
run_20260811_normal_02,normal,568,45987,267008,1237760,1088097,480509,204800,82370,178520,30908,18267,18432
run_20260811_normal_02,normal,569,46051,264704,1234688,1071167,589891,204800,32917,88467,75036,52299,34215
run_20260811_normal_02,normal,570,46115,193024,997376,569445,743504,204800,10973,30183,16450,11136,4089
run_20260811_normal_02,normal,571,46179,166144,754688,422428,501667,204800,9657,27699,10987,10239,3598
run_20260811_normal_02,normal,572,46243,183040,634368,512316,243965,204800,28264,64793,27205,16949,15785
run_20260811_normal_02,normal,573,46307,193792,643840,574303,219955,204800,49793,117457,8670,7713,2231
run_20260811_normal_02,normal,574,46371,157440,432640,379149,241913,665600,2900,5000,8756,6462,1530
run_20260811_normal_02,normal,575,46435,188672,476928,543653,168405,204800,40165,76107,9485,16313,11388
run_20260811_normal_02,normal,576,46499,209920,513536,673320,151709,204800,65416,99396,9237,6805,15997
run_20260811_normal_02,normal,577,46563,147456,513792,332226,314856,204800,14002,44175,1897,3361,4143
run_20260811_normal_02,normal,578,46627,2304,9984,84,422334,51200,5,17,20,14,8
run_20260811_normal_02,normal,579,46691,27392,141056,11464,1036976,358400,101,298,339,91,66
run_20260811_normal_02,normal,580,46755,27136,141056,11442,1039386,358400,500,1440,1733,162,166
run_20260811_normal_02,normal,581,46819,83456,621056,106825,2636334,51200,293,317,13,10,12
run_20260811_normal_02,normal,582,46883,254976,860416,992883,313200,256000,75197,199956,23872,5917,14869
run_20260811_normal_02,normal,583,46947,242176,876288,896078,366418,307200,14625,50521,40851,1709,982
run_20260811_normal_02,normal,584,47011,5120,47872,405,4047910,972800,8,13,20,14,29
run_20260811_normal_02,normal,585,47075,1280,5632,33,316743,307200,5,13,21,19,14
run_20260811_normal_02,normal,586,47139,1280,5120,27,297851,614400,8,14,26,15,13
run_20260811_normal_02,normal,587,47203,1024,5120,24,364981,256000,5,14,9,12,16
run_20260811_normal_02,normal,588,47267,1024,2816,21,192172,102400,5,17,19,9,12
run_20260811_normal_02,normal,589,47331,1280,3584,27,195362,51200,5,21,13,12,18
run_20260811_normal_02,normal,590,47395,1280,3840,27,197343,153600,8,21,13,12,11
run_20260811_normal_02,normal,591,47459,1280,3328,28,173460,665600,8,15,13,20,13
run_20260811_normal_02,normal,592,47523,1280,3328,25,210846,256000,5,16,13,18,10
run_20260811_normal_02,normal,593,47587,1280,3840,31,217114,153600,5,14,16,14,9
run_20260811_normal_02,normal,594,47651,2048,6912,68,241982,409600,5,11,21,17,12
run_20260811_normal_02,normal,595,47715,3328,10752,177,266244,460800,37,8,83,26,58
run_20260811_normal_02,normal,596,47779,16128,93440,4058,1304140,665600,81,113,291,315,108
run_20260811_normal_02,normal,597,47843,15872,93696,3943,1381850,409600,64,131,265,249,77
run_20260811_normal_02,normal,598,47907,1024,3840,23,200495,870400,8,8,10,20,11
run_20260811_normal_02,normal,599,47971,768,2304,15,161861,768000,5,9,8,10,17
run_20260811_normal_02,normal,600,48035,768,2816,15,173188,665600,5,10,11,15,11
run_20260811_normal_02,normal,601,48099,1024,3328,18,215143,153600,8,24,11,17,19
run_20260811_normal_02,normal,602,48163,1280,3328,26,208043,768000,5,11,11,18,12
run_20260811_normal_02,normal,603,48227,1280,4096,28,225384,307200,8,20,13,10,14
run_20260811_normal_02,normal,604,48291,1024,3840,20,248181,153600,8,21,21,12,12
run_20260811_normal_02,normal,605,48355,6656,38400,706,1282640,102400,5,14,13,10,11
run_20260811_normal_02,normal,606,48419,6656,38400,716,1252292,358400,50,97,229,169,25
run_20260811_normal_02,normal,607,48483,1024,4864,24,266526,51200,5,21,21,13,12
run_20260811_normal_02,normal,608,48547,1024,3328,18,230881,460800,5,10,13,10,13
run_20260811_normal_02,normal,609,48611,1024,3840,23,262802,665600,8,9,16,17,17
run_20260811_normal_02,normal,610,48675,1024,3840,19,245463,51200,5,20,13,12,12
run_20260811_normal_02,normal,611,48739,1024,2560,19,142351,358400,8,14,15,16,6
run_20260811_normal_02,normal,612,48803,6400,38656,657,1597945,768000,37,43,107,190,150
run_20260811_normal_02,normal,613,48867,6400,38912,661,1604882,307200,5,11,11,14,20
run_20260811_normal_02,normal,614,48931,1024,3840,23,210400,358400,8,14,17,14,16
run_20260811_normal_02,normal,615,48995,1024,2560,18,171270,153600,5,20,13,11,10
run_20260811_normal_02,normal,616,49059,1024,4096,24,213716,358400,8,16,30,18,12
run_20260811_normal_02,normal,617,49123,1024,4096,24,210527,512000,5,9,17,17,16
run_20260811_normal_02,normal,618,49187,1024,2304,17,150212,460800,5,10,15,15,18
run_20260811_normal_02,normal,619,49251,1024,3072,19,169112,256000,5,12,14,12,14
run_20260811_normal_02,normal,620,49315,4864,33280,399,1572530,614400,8,17,21,17,13
run_20260811_normal_02,normal,621,49379,5120,33280,403,1540099,460800,32,45,131,52,97
run_20260811_normal_02,normal,622,49443,1280,3328,32,170854,204800,5,14,17,17,13
run_20260811_normal_02,normal,623,49507,1280,3584,28,190052,307200,8,19,19,17,20
run_20260811_normal_02,normal,624,49571,1024,3072,24,160067,512000,5,10,13,15,12
run_20260811_normal_02,normal,625,49635,1280,3840,29,183877,153600,8,23,20,19,12
run_20260811_normal_02,normal,626,49699,1280,3584,26,179585,153600,5,18,12,16,22
run_20260811_normal_02,normal,627,49763,1024,2816,24,140046,51200,5,24,15,14,13
run_20260811_normal_02,normal,628,49827,1024,2816,19,164712,256000,5,14,13,17,14
run_20260811_normal_02,normal,629,49891,1024,2816,16,182427,153600,5,18,13,10,12
run_20260811_normal_02,normal,630,49955,1024,3072,21,177593,768000,5,10,9,15,10
run_20260811_normal_02,normal,631,50019,1024,3072,24,158036,307200,8,27,23,11,9
run_20260811_normal_02,normal,632,50083,2304,14080,96,911925,153600,10,36,9,13,14
run_20260811_normal_02,normal,633,50147,2304,13824,90,968860,716800,13,15,43,40,38
run_20260811_normal_02,normal,634,50211,1024,2816,20,184736,768000,5,11,12,17,16
run_20260811_normal_02,normal,635,50275,1024,2560,19,153115,563200,5,14,16,8,11
run_20260811_normal_02,normal,636,50339,1024,3072,21,158018,204800,8,16,13,9,20
run_20260811_normal_02,normal,637,50403,1024,2816,22,151553,256000,5,18,10,14,19
run_20260811_normal_02,normal,638,50467,1024,2560,17,162009,51200,5,18,9,8,14
run_20260811_normal_02,normal,639,50531,1024,3584,18,261112,512000,8,12,19,14,12
run_20260811_normal_02,normal,640,50595,1024,3328,21,200360,512000,5,9,16,14,13
run_20260811_normal_02,normal,641,50659,1024,3072,20,176582,102400,5,16,18,13,13
run_20260811_normal_02,normal,642,50723,1024,3072,17,192751,665600,5,12,8,12,16
run_20260811_normal_02,normal,643,50787,1024,3328,20,233072,512000,10,9,23,14,7
run_20260811_normal_02,normal,644,50851,1024,3584,23,209796,51200,8,26,18,15,11
run_20260811_normal_02,normal,645,50915,1024,3840,21,221178,972800,10,15,16,11,27
run_20260811_normal_02,normal,646,50979,1280,3840,27,216909,153600,5,20,13,10,10
run_20260811_normal_02,normal,647,51043,1280,3328,30,177848,972800,8,18,13,10,17
run_20260811_normal_02,normal,648,51107,1024,2560,21,177967,460800,10,15,31,12,11
run_20260811_normal_02,normal,649,51171,9984,57088,1538,1528417,921600,73,108,318,363,211
run_20260811_normal_02,normal,650,51235,9984,56832,1557,1490045,716800,10,11,9,31,23
run_20260811_normal_02,normal,651,51299,4608,27904,335,1415535,768000,26,20,61,95,119
run_20260811_normal_02,normal,652,51363,4352,27648,314,1605596,972800,8,15,14,13,26
run_20260811_normal_02,normal,653,51427,1280,4864,31,254499,102400,5,21,16,15,10
run_20260811_normal_02,normal,654,51491,1280,4864,30,270667,153600,5,15,17,18,16
run_20260811_normal_02,normal,655,51555,1024,3072,18,187416,665600,5,12,10,17,11
run_20260811_normal_02,normal,656,51619,1024,3072,20,156975,153600,5,14,11,18,13
run_20260811_normal_02,normal,657,51683,1024,2816,17,166974,921600,8,18,14,24,11
run_20260811_normal_02,normal,658,51747,1024,2304,16,158267,563200,5,12,19,13,12
run_20260811_normal_02,normal,659,51811,1280,3584,25,211974,563200,5,12,17,10,15
run_20260811_normal_02,normal,660,51875,1280,3584,27,226565,307200,8,21,21,16,13
run_20260811_normal_02,normal,661,51939,1024,3328,21,195843,768000,5,11,10,17,11
run_20260811_normal_02,normal,662,52003,1024,3584,24,186877,512000,10,17,19,9,20
run_20260811_normal_02,normal,663,52067,6144,38400,593,1616750,768000,25,55,101,111,53
run_20260811_normal_02,normal,664,52131,6144,38400,592,1618316,716800,10,29,32,32,34
run_20260811_normal_02,normal,665,52195,1280,3584,26,189682,153600,8,20,15,12,19
run_20260811_normal_02,normal,666,52259,1024,3328,24,187349,102400,5,15,10,17,14
run_20260811_normal_02,normal,667,52323,1280,3840,27,194974,153600,8,26,9,14,18
run_20260811_normal_02,normal,668,52387,1280,3840,27,184809,153600,5,18,18,17,13
run_20260811_normal_02,normal,669,52451,1280,3840,28,186935,460800,5,10,14,12,21
run_20260811_normal_02,normal,670,52515,1280,4096,29,200443,256000,5,14,12,21,12
run_20260811_normal_02,normal,671,52579,1024,3584,22,181167,358400,8,15,20,11,13
run_20260811_normal_02,normal,672,52643,1024,3328,23,198253,307200,8,27,14,9,14
run_20260811_normal_02,normal,673,52707,1024,3072,21,206415,870400,10,11,16,17,15
run_20260811_normal_02,normal,674,52771,1024,3072,19,182065,153600,5,13,10,23,9
run_20260811_normal_02,normal,675,52835,1024,3072,21,177601,51200,5,20,10,18,11
run_20260811_normal_02,normal,676,52899,1024,3072,23,179660,614400,5,13,17,12,16
run_20260811_normal_02,normal,677,52963,1280,3584,28,186852,512000,10,20,25,9,11
run_20260811_normal_02,normal,678,53027,1280,3840,34,183942,256000,5,16,13,12,21
run_20260811_normal_02,normal,679,53091,1280,4096,27,203128,716800,8,20,16,20,10
run_20260811_normal_02,normal,680,53155,1024,3328,22,193789,870400,8,11,14,19,13
run_20260811_normal_02,normal,681,53219,1024,2816,19,175094,512000,5,9,17,11,16
run_20260811_normal_02,normal,682,53283,1024,3072,21,163808,51200,5,21,11,9,13
run_20260811_normal_02,normal,683,53347,1024,3328,24,155048,460800,5,12,21,9,9
run_20260811_normal_02,normal,684,53411,1280,2816,26,148916,460800,8,12,26,13,9
run_20260811_normal_02,normal,685,53475,1280,3072,26,153477,153600,8,26,9,10,12
run_20260811_normal_02,normal,686,53539,1024,2816,20,145672,358400,8,19,18,20,14
run_20260811_normal_02,normal,687,53603,1024,2816,18,184023,460800,5,9,15,10,9
run_20260811_normal_02,normal,688,53667,1024,3072,18,196920,102400,5,16,9,12,21
run_20260811_normal_02,normal,689,53731,1280,2816,25,163824,665600,8,18,16,17,15
run_20260811_normal_02,normal,690,53795,1280,3072,26,168791,102400,5,13,13,16,14
run_20260811_normal_02,normal,691,53859,1024,3072,17,205230,768000,5,11,9,13,13
run_20260811_normal_02,normal,692,53923,1024,2560,18,167953,51200,5,14,12,10,12
run_20260811_normal_02,normal,693,53987,1024,2560,20,158299,460800,5,11,17,24,15
run_20260811_normal_02,normal,694,54051,1024,3584,17,253699,358400,5,9,14,10,22
run_20260811_normal_02,normal,695,54115,1280,3840,26,211893,256000,5,19,18,22,15
run_20260811_normal_02,normal,696,54179,1280,3328,25,170692,102400,5,15,16,18,14
run_20260811_normal_02,normal,697,54243,1024,3072,19,186217,358400,5,11,15,12,14
run_20260811_normal_02,normal,698,54307,1024,3072,22,179649,51200,5,18,14,9,12
run_20260811_normal_02,normal,699,54371,1024,3072,21,192284,51200,5,15,10,20,10
run_20260811_normal_02,normal,700,54435,1280,4096,28,235309,307200,8,26,15,9,17
run_20260811_normal_02,normal,701,54499,1280,4096,26,249197,51200,5,16,15,17,13
run_20260811_normal_02,normal,702,54563,2304,14592,81,1660590,102400,8,32,29,24,29
run_20260811_normal_02,normal,703,54627,2304,14336,87,1354266,665600,8,11,15,17,10
run_20260811_normal_02,normal,704,54691,1024,5376,23,396015,460800,5,10,15,13,10
run_20260811_normal_02,normal,705,54755,6400,34048,666,880134,972800,13,17,14,39,65
run_20260811_normal_02,normal,706,54819,6912,33792,740,724238,563200,58,14,135,87,108
run_20260811_normal_02,normal,707,54883,23296,123392,8312,1162275,665600,340,745,1837,1236,180
run_20260811_normal_02,normal,708,54947,23040,124160,8235,1196328,665600,25,45,61,49,27
run_20260811_normal_02,normal,709,55011,1280,3840,26,211280,153600,8,27,13,23,10
run_20260811_normal_02,normal,710,55075,1024,3840,19,224175,512000,5,13,17,12,10
run_20260811_normal_02,normal,711,55139,1024,3072,17,173448,460800,8,14,17,7,10
run_20260811_normal_02,normal,712,55203,1024,3328,21,210614,153600,5,21,18,12,15
run_20260811_normal_02,normal,713,55267,1024,3072,21,188974,51200,5,17,10,16,12
run_20260811_normal_02,normal,714,55331,1024,2560,17,164837,358400,10,12,25,10,10
run_20260811_normal_02,normal,715,55395,1024,2816,16,172610,358400,5,10,21,14,10
run_20260811_normal_02,normal,716,55459,1024,2816,20,176590,153600,5,14,12,12,13
run_20260811_normal_02,normal,717,55523,1024,2816,17,185401,921600,5,12,9,11,11
run_20260811_normal_02,normal,718,55587,768,3072,15,186615,358400,5,10,14,11,10
run_20260811_normal_02,normal,719,55651,1024,3328,24,178798,102400,5,23,15,13,15
run_20260811_normal_02,normal,720,55715,1024,3072,23,161548,358400,5,10,20,11,11
run_20260811_normal_02,normal,721,55779,1280,3584,27,185826,51200,5,17,13,12,21
run_20260811_normal_02,normal,722,55843,1280,3840,27,199104,512000,5,12,19,14,18
run_20260811_normal_02,normal,723,55907,1280,4096,26,230046,409600,5,9,21,12,12
run_20260811_normal_02,normal,724,55971,1280,3840,31,183104,665600,10,18,23,19,21
run_20260811_normal_02,normal,725,56035,21248,121856,6905,1414372,256000,13,38,27,23,37
run_20260811_normal_02,normal,726,56099,21248,120832,7038,1344014,358400,218,580,1064,903,1063
run_20260811_normal_02,normal,727,56163,2816,16384,142,1096054,768000,10,17,15,25,11
run_20260811_normal_02,normal,728,56227,1024,3840,20,296286,614400,5,12,15,12,10
run_20260811_normal_02,normal,729,56291,1024,3584,20,251135,307200,8,24,23,13,9
run_20260811_normal_02,normal,730,56355,1024,3328,24,191600,153600,8,22,17,9,11
run_20260811_normal_02,normal,731,56419,1024,3072,22,172923,153600,5,17,10,11,10
run_20260811_normal_02,normal,732,56483,1024,2560,21,161729,1280000,8,9,14,13,15
run_20260811_normal_02,normal,733,56547,1280,3840,29,191135,358400,5,13,19,17,16
run_20260811_normal_02,normal,734,56611,1280,3840,26,200464,153600,8,24,11,16,15
run_20260811_normal_02,normal,735,56675,1024,3584,24,178909,512000,8,11,20,17,8
run_20260811_normal_02,normal,736,56739,1024,3328,24,169640,51200,5,19,17,11,9
run_20260811_normal_02,normal,737,56803,1024,2816,21,153684,153600,8,22,10,26,12
run_20260811_normal_02,normal,738,56867,1024,2816,22,165699,614400,5,11,12,15,13
run_20260811_normal_02,normal,739,56931,1024,2816,23,161338,102400,5,19,15,18,19
run_20260811_normal_02,normal,740,56995,1024,2816,22,144382,460800,5,12,20,13,17
run_20260811_normal_02,normal,741,57059,1024,2816,17,161142,102400,5,17,10,17,11
run_20260811_normal_02,normal,742,57123,768,3072,14,220612,512000,4,11,12,14,8
run_20260811_normal_02,normal,743,57187,1024,3072,19,225207,102400,2,9,11,8,9
run_20260811_normal_02,normal,744,57251,1280,3072,25,196093,51200,5,16,9,16,15
run_20260811_normal_02,normal,745,57315,1024,3072,22,180367,51200,5,14,15,16,6
run_20260811_normal_02,normal,746,57379,768,2304,14,166581,460800,8,8,17,12,7
run_20260811_normal_02,normal,747,57443,1280,3840,25,221606,358400,5,10,16,14,12
run_20260811_normal_02,normal,748,57507,1280,3840,29,212069,307200,10,24,17,10,11
run_20260811_normal_02,normal,749,57571,1024,3584,17,243200,460800,8,12,15,9,15
run_20260811_normal_02,normal,750,57635,1024,3584,16,241427,512000,5,10,16,11,9
run_20260811_normal_02,normal,751,57699,1024,3328,19,222259,358400,5,16,18,12,9
run_20260811_normal_02,normal,752,57763,1024,3072,24,178148,51200,5,15,12,9,23
run_20260811_normal_02,normal,753,57827,1280,3840,26,188029,51200,5,14,15,16,15
run_20260811_normal_02,normal,754,57891,1280,3840,25,210472,51200,5,13,18,17,11
run_20260811_normal_02,normal,755,57955,1024,3072,23,173779,102400,5,14,17,17,19
run_20260811_normal_02,normal,756,58019,1024,3328,21,191109,256000,5,15,14,14,16
run_20260811_normal_02,normal,757,58083,1024,4096,23,246933,256000,5,16,11,20,12
run_20260811_normal_02,normal,758,58147,1280,4352,27,254519,1024000,8,9,13,9,18
run_20260811_normal_02,normal,759,58211,1024,3328,19,191125,153600,5,12,10,17,9
run_20260811_normal_02,normal,760,58275,768,2816,14,176341,614400,4,10,14,11,12
run_20260811_normal_02,normal,761,58339,1024,2816,19,183500,51200,5,15,15,13,8
run_20260811_normal_02,normal,762,58403,1024,2816,24,158987,256000,8,16,16,12,12
run_20260811_normal_02,normal,763,58467,1024,2816,17,193952,614400,5,12,13,14,9
run_20260811_normal_02,normal,764,58531,1024,3072,17,202902,204800,5,19,10,9,14
run_20260811_normal_02,normal,765,58595,1280,3072,27,153471,204800,5,14,11,18,19
run_20260811_normal_02,normal,766,58659,1024,3584,24,179342,204800,5,15,11,17,14
run_20260811_normal_02,normal,767,58723,1024,2816,21,167782,153600,5,14,16,12,17
run_20260811_normal_02,normal,768,58787,1280,3840,27,201824,409600,10,13,32,16,14
run_20260811_normal_02,normal,769,58851,1024,4096,23,220546,307200,8,17,17,18,14
run_20260811_normal_02,normal,770,58915,1024,3328,20,206231,1126400,9,8,16,12,26
run_20260811_normal_02,normal,771,58979,1024,3584,24,200501,102400,5,18,11,11,16
run_20260811_normal_02,normal,772,59043,1024,3328,20,194194,153600,5,12,13,10,9
run_20260811_normal_02,normal,773,59107,1280,3584,25,177964,153600,5,13,14,13,15
run_20260811_normal_02,normal,774,59171,1280,3584,30,153542,307200,8,17,26,14,12
run_20260811_normal_02,normal,775,59235,1280,3584,26,179028,102400,5,18,15,15,15
run_20260811_normal_02,normal,776,59299,1024,3584,18,240421,768000,5,10,10,12,11
run_20260811_normal_02,normal,777,59363,1024,2816,16,212541,51200,5,13,16,9,9
run_20260811_normal_02,normal,778,59427,1280,3328,28,176154,358400,8,13,21,8,9
run_20260811_normal_02,normal,779,59491,1280,3328,26,189907,358400,10,16,22,16,13
run_20260811_normal_02,normal,780,59555,1024,3584,21,211871,51200,5,18,10,15,12
run_20260811_normal_02,normal,781,59619,1024,3328,21,167521,768000,5,13,12,13,23
run_20260811_normal_02,normal,782,59683,1024,3072,22,182719,256000,8,21,14,20,12
run_20260811_normal_02,normal,783,59747,1280,4096,26,201964,51200,5,9,10,11,12
run_20260811_normal_02,normal,784,59811,1280,3840,25,192561,51200,5,14,22,14,13
run_20260811_normal_02,normal,785,59875,1024,3072,23,178816,307200,5,14,18,9,12
run_20260811_normal_02,normal,786,59939,1024,2816,20,157465,51200,5,18,8,10,12
run_20260811_normal_02,normal,787,60003,1024,3072,20,171091,563200,5,13,14,18,16
run_20260811_normal_02,normal,788,60067,1280,3328,25,201374,665600,10,16,26,20,12
run_20260811_normal_02,normal,789,60131,1024,3072,17,209825,153600,8,24,11,9,16
run_20260811_normal_02,normal,790,60195,1024,2816,16,199595,102400,5,17,12,12,9
run_20260811_normal_02,normal,791,60259,1024,2816,16,181055,460800,5,11,13,15,13
run_20260811_normal_02,normal,792,60323,1024,2560,17,163761,102400,5,15,11,13,12
run_20260811_normal_02,normal,793,60387,1024,2816,19,176895,1075200,8,14,8,16,25
run_20260811_normal_02,normal,794,60451,1024,2816,21,162512,51200,5,17,9,20,14
run_20260811_normal_02,normal,795,60515,1024,3072,19,158396,768000,8,13,11,27,13
run_20260811_normal_02,normal,796,60579,768,3328,15,202804,1177600,8,18,9,9,18
run_20260811_normal_02,normal,797,60643,1024,2560,18,164160,102400,5,15,9,10,10
run_20260811_normal_02,normal,798,60707,1280,2816,28,141729,614400,8,11,25,13,12
run_20260811_normal_02,normal,799,60771,1280,4096,26,210084,358400,13,14,20,15,12
run_20260811_normal_02,normal,800,60835,1280,4352,29,225752,512000,8,12,18,16,21
run_20260811_normal_02,normal,801,60899,1280,5632,35,246550,307200,8,16,16,20,22
run_20260811_normal_02,normal,802,60963,1280,5632,32,267071,358400,8,14,21,11,13
run_20260811_normal_02,normal,803,61027,1280,3584,26,181319,204800,8,25,19,21,15
run_20260811_normal_02,normal,804,61091,1024,3328,23,175920,870400,9,17,14,20,13
run_20260811_normal_02,normal,805,61155,1024,2816,21,144928,102400,5,18,7,11,14
run_20260811_normal_02,normal,806,61219,1280,3328,26,165291,153600,5,22,13,12,11
run_20260811_normal_02,normal,807,61283,1280,3072,27,150655,358400,13,27,25,20,18
run_20260811_normal_02,normal,808,61347,1024,2560,17,174176,1075200,10,12,10,16,31
run_20260811_normal_02,normal,809,61411,1024,2816,18,183082,512000,5,8,13,10,13
run_20260811_normal_02,normal,810,61475,1024,3072,24,167856,102400,5,23,14,15,19
run_20260811_normal_02,normal,811,61539,1024,3328,22,195255,204800,5,13,13,13,13
run_20260811_normal_02,normal,812,61603,1024,3072,20,172957,51200,5,15,14,10,16
run_20260811_normal_02,normal,813,61667,1024,3328,22,192897,614400,5,16,14,10,16
run_20260811_normal_02,normal,814,61731,1536,4864,36,250606,665600,8,12,16,20,20
run_20260811_normal_02,normal,815,61795,1536,5376,38,240222,870400,10,24,16,20,14
run_20260811_normal_02,normal,816,61859,1280,4096,26,231755,153600,5,12,19,12,10
run_20260811_normal_02,normal,817,61923,1024,2816,19,182514,614400,5,9,14,14,16
run_20260811_normal_02,normal,818,61987,768,2816,14,216038,665600,8,13,11,18,11
run_20260811_normal_02,normal,819,62051,768,3072,15,213054,256000,5,14,12,10,9
run_20260811_normal_02,normal,820,62115,1024,3584,20,192946,307200,5,12,18,14,12
run_20260811_normal_02,normal,821,62179,1024,3840,22,218158,153600,5,20,17,9,20
run_20260811_normal_02,normal,822,62243,1280,4352,26,257964,102400,8,24,10,9,11
run_20260811_normal_02,normal,823,62307,1536,4352,36,193343,409600,10,13,25,12,11
run_20260811_normal_02,normal,824,62371,1536,4096,39,169384,409600,8,18,29,14,11
run_20260811_normal_02,normal,825,62435,1536,4608,37,221897,512000,5,9,19,15,16
run_20260811_normal_02,normal,826,62499,1280,4352,31,266519,665600,8,8,19,29,16
run_20260811_normal_02,normal,827,62563,1024,4096,21,221208,409600,5,9,15,11,15
run_20260811_normal_02,normal,828,62627,1024,3072,20,173385,51200,5,27,11,7,12
run_20260811_normal_02,normal,829,62691,1024,4096,24,226973,204800,5,14,19,10,11
run_20260811_normal_02,normal,830,62755,1280,4352,30,243723,102400,5,18,15,16,13
run_20260811_normal_02,normal,831,62819,1280,3584,26,205824,204800,5,17,12,20,13
run_20260811_normal_02,normal,832,62883,1280,3840,28,219103,563200,8,12,21,26,10
run_20260811_normal_02,normal,833,62947,1280,3840,31,192368,102400,5,14,15,14,11
run_20260811_normal_02,normal,834,63011,1536,3840,39,166411,307200,8,25,24,14,10
run_20260811_normal_02,normal,835,63075,1536,4096,40,173583,51200,5,17,18,17,11
run_20260811_normal_02,normal,836,63139,1280,3840,25,201257,204800,5,14,12,13,11
run_20260811_normal_02,normal,837,63203,1280,2816,25,136915,204800,5,19,18,9,13
run_20260811_normal_02,normal,838,63267,1280,2816,27,144248,307200,8,23,10,14,18
run_20260811_normal_02,normal,839,63331,1280,3584,29,171609,153600,5,14,20,12,10
run_20260811_normal_02,normal,840,63395,1280,3328,27,174893,256000,8,24,12,13,7
run_20260811_normal_02,normal,841,63459,1280,3584,29,186889,921600,8,19,14,19,15
run_20260811_normal_02,normal,842,63523,1280,3584,30,175584,102400,5,15,18,17,16
run_20260811_normal_02,normal,843,63587,1024,2816,23,157083,102400,5,20,10,10,17
run_20260811_normal_02,normal,844,63651,1024,2560,21,153058,512000,8,10,26,14,15
run_20260811_normal_02,normal,845,63715,1024,2560,18,165003,307200,8,27,15,11,11
run_20260811_normal_02,normal,846,63779,1024,2816,16,193787,153600,8,21,10,14,16
run_20260811_normal_02,normal,847,63843,1024,3072,19,198485,51200,5,14,11,14,14
run_20260811_normal_02,normal,848,63907,1280,4608,32,219233,153600,5,13,14,22,13
run_20260811_normal_02,normal,849,63971,1280,4352,30,250379,512000,8,11,22,20,17
run_20260811_normal_02,normal,850,64035,1024,4096,20,252350,102400,5,18,9,15,11
run_20260811_normal_02,normal,851,64099,1024,3584,18,204897,460800,5,10,14,12,13
run_20260811_normal_02,normal,852,64163,1024,2560,21,165539,153600,5,14,19,17,17
run_20260811_normal_02,normal,853,64227,1024,2816,23,156993,409600,5,11,21,23,13
run_20260811_normal_02,normal,854,64291,1024,2816,21,146704,153600,5,17,12,21,11
run_20260811_normal_02,normal,855,64355,1024,2304,22,141059,153600,5,20,13,13,18
run_20260811_normal_02,normal,856,64419,1024,2560,23,135758,153600,8,25,9,10,15
run_20260811_normal_02,normal,857,64483,1024,2816,20,161561,51200,8,22,14,12,10
run_20260811_normal_02,normal,858,64547,1024,3072,19,186757,51200,5,17,18,13,12
run_20260811_normal_02,normal,859,64611,1024,3328,24,166493,51200,5,22,14,7,11
run_20260811_normal_02,normal,860,64675,1280,3584,29,168306,307200,8,27,19,8,12
run_20260811_normal_02,normal,861,64739,1280,3840,32,192165,512000,10,17,32,16,16
run_20260811_normal_02,normal,862,64803,1024,4096,19,309404,460800,5,11,16,10,9
run_20260811_normal_02,normal,863,64867,1024,3072,19,222955,665600,5,9,10,14,18
run_20260811_normal_02,normal,864,64931,1024,3072,24,167430,358400,8,11,18,19,11
run_20260811_normal_02,normal,865,64995,1024,2560,20,156402,153600,8,18,13,13,14
run_20260811_normal_02,normal,866,65059,1024,3328,23,172537,307200,8,26,12,13,16
run_20260811_normal_02,normal,867,65123,2816,20480,136,1738498,460800,17,46,58,41,25
run_20260811_normal_02,normal,868,65187,2816,19968,130,1699258,972800,10,17,9,16,25
run_20260811_normal_02,normal,869,65251,1024,2816,17,189277,1126400,5,13,13,9,14
run_20260811_normal_02,normal,870,65315,1280,3072,26,167860,460800,5,9,18,17,16
run_20260811_normal_02,normal,871,65379,1536,4096,38,164287,153600,8,21,19,17,10
run_20260811_normal_02,normal,872,65443,3072,12800,148,534658,512000,9,13,20,14,18
run_20260811_normal_02,normal,873,65507,3328,12544,179,410714,614400,25,18,54,61,62
run_20260811_normal_02,normal,874,65571,2048,9728,65,427502,256000,5,14,10,17,22
run_20260811_normal_02,normal,875,65635,1024,3840,23,206924,51200,5,15,17,11,8
run_20260811_normal_02,normal,876,65699,1024,3328,20,198903,460800,10,13,23,20,12
run_20260811_normal_02,normal,877,65763,1280,4096,28,246521,665600,5,12,13,19,14
run_20260811_normal_02,normal,878,65827,1024,3840,20,228998,204800,5,16,20,16,19
run_20260811_normal_02,normal,879,65891,768,2816,15,206046,972800,5,11,7,10,19
run_20260811_normal_02,normal,880,65955,1024,2816,20,210759,256000,5,12,21,15,12
run_20260811_normal_02,normal,881,66019,1280,3328,29,178562,409600,8,21,17,10,11
run_20260811_normal_02,normal,882,66083,1280,3328,31,149504,716800,8,13,17,18,12
run_20260811_normal_02,normal,883,66147,1280,3584,27,203772,409600,5,12,19,15,9
run_20260811_normal_02,normal,884,66211,1024,3584,20,234789,307200,8,18,12,7,11
run_20260811_normal_02,normal,885,66275,1024,2560,18,149150,153600,5,18,21,10,13
run_20260811_normal_02,normal,886,66339,1024,3072,24,155856,256000,5,18,15,16,13
run_20260811_normal_02,normal,887,66403,1024,3072,22,180424,102400,8,28,10,14,10
run_20260811_normal_02,normal,888,66467,1024,2816,19,194845,409600,5,12,16,12,10
run_20260811_normal_02,normal,889,66531,1024,3328,19,253154,51200,5,21,11,18,11
run_20260811_normal_02,normal,890,66595,1024,3328,23,211966,358400,10,19,18,13,12
run_20260811_normal_02,normal,891,66659,1024,3328,23,194647,716800,5,12,9,17,13
run_20260811_normal_02,normal,892,66723,1280,3072,29,166610,460800,13,24,30,11,14
run_20260811_normal_02,normal,893,66787,1280,3328,27,188869,460800,8,17,15,12,13
run_20260811_normal_02,normal,894,66851,1024,3072,20,197919,51200,5,18,14,9,8
run_20260811_normal_02,normal,895,66915,1280,3072,27,150353,51200,8,24,14,14,13
run_20260811_normal_02,normal,896,66979,1280,3840,26,183435,102400,8,27,16,17,8
run_20260811_normal_02,normal,897,67043,1024,3840,19,233220,358400,5,12,15,9,8
run_20260811_normal_02,normal,898,67107,1024,3072,20,163357,204800,5,20,14,10,10
run_20260811_normal_02,normal,899,67171,1024,2816,20,164471,102400,5,19,11,11,13
run_20260811_normal_02,normal,900,67235,1024,2560,21,145491,102400,5,20,15,11,11
run_20260811_normal_02,normal,901,67299,1024,2560,20,152381,358400,8,12,21,15,16
run_20260811_normal_02,normal,902,67363,1024,2560,17,158843,51200,5,14,11,12,10
run_20260811_normal_02,normal,903,67427,1024,3328,23,185452,51200,5,24,10,12,14
run_20260811_normal_02,normal,904,67491,1024,3328,20,198417,1126400,9,13,15,16,22
run_20260811_normal_02,normal,905,67555,1024,2816,18,182273,153600,5,16,21,10,22
run_20260811_normal_02,normal,906,67619,1024,3584,19,229110,102400,5,16,10,20,11
run_20260811_normal_02,normal,907,67683,1024,3328,20,226549,102400,5,15,9,9,14
run_20260811_normal_02,normal,908,67747,1024,3072,20,203612,1280000,8,7,15,16,22
run_20260811_normal_02,normal,909,67811,1024,3328,23,183832,358400,8,17,19,10,17
run_20260811_normal_02,normal,910,67875,1280,3840,33,166166,51200,8,21,9,13,18
run_20260811_normal_02,normal,911,67939,1280,3328,34,167122,870400,10,18,16,19,13
run_20260811_normal_02,normal,912,68003,1280,3584,33,171095,51200,5,20,27,8,16
run_20260811_normal_02,normal,913,68067,1024,3072,16,207900,358400,8,12,17,10,11
run_20260811_normal_02,normal,914,68131,1024,2816,18,159934,358400,10,18,21,12,11
run_20260811_normal_02,normal,915,68195,1024,2816,18,156635,1024000,5,10,12,12,22
run_20260811_normal_02,normal,916,68259,1024,3072,17,187353,665600,5,12,9,20,19
run_20260811_normal_02,normal,917,68323,1024,3072,18,173459,102400,5,15,12,15,12
run_20260811_normal_02,normal,918,68387,768,2816,12,193088,204800,5,13,12,8,9
run_20260811_normal_02,normal,919,68451,1024,2816,16,153791,665600,5,8,12,17,12
run_20260811_normal_02,normal,920,68515,1024,3072,21,173848,153600,5,18,12,9,14
run_20260811_normal_02,normal,921,68579,1024,3072,20,180588,358400,5,10,16,22,12
run_20260811_normal_02,normal,922,68643,1024,2560,19,165627,665600,5,10,12,18,10
run_20260811_normal_02,normal,923,68707,1024,3072,21,164481,256000,5,14,8,18,16
run_20260811_normal_02,normal,924,68771,1280,3072,25,157640,307200,5,14,13,16,13
run_20260811_normal_02,normal,925,68835,1024,3328,23,164825,921600,8,17,15,20,14
run_20260811_normal_02,normal,926,68899,768,2560,14,164699,51200,5,17,11,12,11
run_20260811_normal_02,normal,927,68963,768,3072,15,175520,460800,5,10,19,9,15
run_20260811_normal_02,normal,928,69027,1280,4096,30,181260,358400,8,12,24,15,18
run_20260811_normal_02,normal,929,69091,1280,3840,32,159357,153600,5,21,16,10,22
run_20260811_normal_02,normal,930,69155,1280,4096,25,194566,153600,5,18,17,13,12
run_20260811_normal_02,normal,931,69219,1280,4096,28,199929,153600,8,24,9,20,18
run_20260811_normal_02,normal,932,69283,1024,3328,22,183967,921600,5,9,11,14,10
run_20260811_normal_02,normal,933,69347,1024,2816,19,151361,256000,5,20,15,11,11
run_20260811_normal_02,normal,934,69411,1280,3584,26,164270,102400,5,13,16,16,14
run_20260811_normal_02,normal,935,69475,1280,3840,26,178129,307200,5,13,16,9,15
run_20260811_normal_02,normal,936,69539,1280,3840,32,212759,358400,8,16,17,14,24
run_20260811_normal_02,normal,937,69603,1536,3840,36,200406,51200,5,19,16,12,16
run_20260811_normal_02,normal,938,69667,1280,3328,25,195176,51200,5,17,15,14,11
run_20260811_normal_02,normal,939,69731,1280,3072,25,157543,153600,5,18,15,20,13
run_20260811_normal_02,normal,940,69795,1024,3072,22,166256,51200,5,17,18,10,9
run_20260811_normal_02,normal,941,69859,1024,3328,19,211232,307200,8,20,12,10,10
run_20260811_normal_02,normal,942,69923,1280,3584,26,208536,153600,5,17,15,12,11
run_20260811_normal_02,normal,943,69987,1280,3584,28,183358,153600,8,27,13,14,15
run_20260811_normal_02,normal,944,70051,1024,3072,23,182006,51200,5,26,13,10,15
run_20260811_normal_02,normal,945,70115,1024,3328,17,212580,51200,5,14,14,9,15
run_20260811_normal_02,normal,946,70179,1280,4352,25,279333,153600,5,20,17,10,14
run_20260811_normal_02,normal,947,70243,1280,4096,31,233590,358400,10,22,21,14,10
run_20260811_normal_02,normal,948,70307,1280,3584,28,193271,51200,8,27,11,13,10
run_20260811_normal_02,normal,949,70371,1024,3072,24,169480,51200,5,12,15,14,11
run_20260811_normal_02,normal,950,70435,1024,3584,24,164746,358400,10,25,20,15,14
run_20260811_normal_02,normal,951,70499,1024,3328,18,228045,1075200,5,8,9,11,16
run_20260811_normal_02,normal,952,70563,1024,2816,21,173702,665600,10,19,16,20,15
run_20260811_normal_02,normal,953,70627,1280,3328,29,147444,256000,5,14,20,9,13
run_20260811_normal_02,normal,954,70691,1280,3072,26,142433,51200,5,18,16,11,24
run_20260811_normal_02,normal,955,70755,1024,3328,22,172446,665600,5,14,12,17,10
run_20260811_normal_02,normal,956,70819,1024,2560,16,169170,512000,5,11,14,14,12
run_20260811_normal_02,normal,957,70883,1024,3328,23,180250,409600,8,13,23,8,15
run_20260811_normal_02,normal,958,70947,1280,3584,31,158996,307200,8,20,7,18,15
run_20260811_normal_02,normal,959,71011,1280,3328,25,166866,51200,8,16,21,10,17
run_20260811_normal_02,normal,960,71075,1024,3584,19,221567,972800,9,12,11,9,20
run_20260811_normal_02,normal,961,71139,1024,3584,21,206996,512000,8,18,17,18,16
run_20260811_normal_02,normal,962,71203,1024,3072,23,166322,102400,5,21,20,18,10
run_20260811_normal_02,normal,963,71267,1024,3840,23,200606,665600,5,11,12,18,8
run_20260811_normal_02,normal,964,71331,1024,3840,22,191261,153600,8,21,21,10,9
run_20260811_normal_02,normal,965,71395,1024,3328,21,213557,102400,8,20,17,11,10
run_20260811_normal_02,normal,966,71459,1280,3584,25,240374,307200,5,14,10,11,17
run_20260811_normal_02,normal,967,71523,1280,3328,26,173394,102400,5,20,19,13,10
run_20260811_normal_02,normal,968,71587,1024,3072,22,173683,563200,10,20,24,13,14
run_20260811_normal_02,normal,969,71651,1280,4096,29,211552,51200,5,16,12,11,11
run_20260811_normal_02,normal,970,71715,1280,4096,29,214184,665600,8,10,18,23,11
run_20260811_normal_02,normal,971,71779,1024,2816,18,191859,102400,5,17,11,10,19
run_20260811_normal_02,normal,972,71843,1280,4352,25,238948,256000,5,13,20,13,17
run_20260811_normal_02,normal,973,71907,1280,4608,27,225407,665600,10,21,16,26,18
run_20260811_normal_02,normal,974,71971,1280,3072,29,151831,153600,5,19,12,14,15
run_20260811_normal_02,normal,975,72035,1280,3072,29,140400,102400,5,14,14,20,14
run_20260811_normal_02,normal,976,72099,1024,2816,24,145708,153600,5,18,10,11,8
run_20260811_normal_02,normal,977,72163,1024,3328,21,189492,256000,5,15,15,14,10
run_20260811_normal_02,normal,978,72227,1280,3584,27,194480,307200,8,20,17,11,13
run_20260811_normal_02,normal,979,72291,1280,3584,28,199590,512000,8,14,22,17,10
run_20260811_normal_02,normal,980,72355,1024,3584,22,191859,102400,8,26,11,12,12
run_20260811_normal_02,normal,981,72419,1024,2560,17,155925,563200,5,10,14,12,16
run_20260811_normal_02,normal,982,72483,1024,3840,22,259407,256000,5,17,14,17,10
run_20260811_normal_02,normal,983,72547,1280,3840,33,196985,102400,5,16,12,12,16
run_20260811_normal_02,normal,984,72611,1280,4096,31,185029,358400,8,16,17,12,9
run_20260811_normal_02,normal,985,72675,1024,3584,23,192157,307200,5,14,17,16,10
run_20260811_normal_02,normal,986,72739,1280,4608,32,202532,256000,5,15,14,23,18
run_20260811_normal_02,normal,987,72803,1536,4864,39,185881,665600,8,21,21,29,14
run_20260811_normal_02,normal,988,72867,1280,3584,27,199032,153600,5,18,12,20,15
run_20260811_normal_02,normal,989,72931,1024,3072,23,161237,51200,5,21,17,11,10
run_20260811_normal_02,normal,990,72995,1024,2816,21,166775,51200,8,15,10,8,23
run_20260811_normal_02,normal,991,73059,1024,2816,17,182627,716800,8,14,11,14,11
run_20260811_normal_02,normal,992,73123,1024,2816,19,178163,307200,8,22,16,9,10
run_20260811_normal_02,normal,993,73187,1024,3584,21,226535,256000,5,18,14,12,19
run_20260811_normal_02,normal,994,73251,1024,3328,24,228355,204800,5,16,21,15,14
run_20260811_normal_02,normal,995,73315,1024,3584,20,251241,870400,8,18,13,21,13
run_20260811_normal_02,normal,996,73379,1024,3328,20,203321,51200,5,14,12,16,20
run_20260811_normal_02,normal,997,73443,1024,3072,22,167204,153600,8,17,18,15,7
run_20260811_normal_02,normal,998,73507,1280,3328,27,185027,51200,8,27,10,8,13
run_20260811_normal_02,normal,999,73571,1280,3328,27,177745,51200,5,21,13,12,17
run_20260811_normal_02,normal,1000,73635,1024,3328,20,195826,768000,5,12,7,16,20
run_20260811_normal_02,normal,1001,73699,1024,3328,21,200493,358400,5,13,21,8,11
run_20260811_normal_02,normal,1002,73763,1024,3584,22,203476,460800,10,14,32,8,14
run_20260811_normal_02,normal,1003,73827,1024,3840,21,205720,512000,5,8,14,14,7
run_20260811_normal_02,normal,1004,73891,1280,4096,27,235761,460800,8,20,24,10,13
run_20260811_normal_02,normal,1005,73955,1280,4096,33,204263,358400,8,13,19,15,11
run_20260811_normal_02,normal,1006,74019,1280,3584,27,166051,153600,5,13,23,14,19
run_20260811_normal_02,normal,1007,74083,1024,2816,20,158200,358400,5,8,15,14,12
run_20260811_normal_02,normal,1008,74147,1024,3584,20,183379,102400,5,13,10,13,17
run_20260811_normal_02,normal,1009,74211,1280,3584,28,163052,512000,8,10,26,14,16
run_20260811_normal_02,normal,1010,74275,1280,3584,31,157944,51200,5,15,19,10,21
run_20260811_normal_02,normal,1011,74339,1024,3840,23,220225,307200,8,16,10,14,19
run_20260811_normal_02,normal,1012,74403,1024,3328,21,187449,102400,8,23,12,10,14
run_20260811_normal_02,normal,1013,74467,1024,2816,20,150764,153600,5,16,15,10,12
run_20260811_normal_02,normal,1014,74531,1280,3840,29,179853,153600,5,18,21,16,13
run_20260811_normal_02,normal,1015,74595,1280,3840,26,206818,460800,8,13,23,13,16
run_20260811_normal_02,normal,1016,74659,1024,2816,17,190624,307200,5,15,11,16,19
run_20260811_normal_02,normal,1017,74723,1024,2816,19,177422,204800,5,16,10,13,10
run_20260811_normal_02,normal,1018,74787,1024,3840,23,190654,768000,8,13,8,23,16
run_20260811_normal_02,normal,1019,74851,1024,3840,19,246351,1126400,5,11,9,10,14
run_20260811_normal_02,normal,1020,74915,1024,3328,21,234974,358400,5,11,18,18,16
run_20260811_normal_02,normal,1021,74979,1280,3072,25,173358,51200,5,17,14,9,13
run_20260811_normal_02,normal,1022,75043,1024,2816,19,175389,51200,5,19,12,13,18
run_20260811_normal_02,normal,1023,75107,1024,3328,20,181475,1126400,5,10,9,10,13
run_20260811_normal_02,normal,1024,75171,1024,2816,21,179691,153600,8,24,17,12,12
run_20260811_normal_02,normal,1025,75235,1280,3072,25,184184,256000,5,18,16,16,10
run_20260811_normal_02,normal,1026,75299,1024,3584,22,216237,51200,5,18,12,7,10
run_20260811_normal_02,normal,1027,75363,768,3584,15,274569,153600,8,20,19,12,13
run_20260811_normal_02,normal,1028,75427,1024,3072,20,222939,51200,5,17,11,12,11
run_20260811_normal_02,normal,1029,75491,1024,3072,20,203496,563200,5,11,16,14,19
run_20260811_normal_02,normal,1030,75555,1024,3328,21,197306,563200,5,10,14,17,10
run_20260811_normal_02,normal,1031,75619,1024,3328,24,151152,153600,13,32,14,13,15
run_20260811_normal_02,normal,1032,75683,1024,2560,20,140077,51200,5,13,10,17,11
run_20260811_normal_02,normal,1033,75747,1280,3584,28,173504,665600,10,32,17,18,12
run_20260811_normal_02,normal,1034,75811,1280,3584,28,165444,153600,8,29,10,12,11
run_20260811_normal_02,normal,1035,75875,1024,3072,20,168690,51200,5,19,12,11,13
run_20260811_normal_02,normal,1036,75939,1024,3072,23,163804,102400,5,24,15,13,12
run_20260811_normal_02,normal,1037,76003,1024,2816,22,157536,409600,8,16,18,13,18
run_20260811_normal_02,normal,1038,76067,1280,3328,29,161072,665600,10,22,14,22,12
run_20260811_normal_02,normal,1039,76131,1280,3328,29,154599,768000,10,20,27,21,10
run_20260811_normal_02,normal,1040,76195,1024,3584,22,180348,512000,8,12,24,17,15
run_20260811_normal_02,normal,1041,76259,1024,3328,20,211965,51200,5,21,7,8,15
run_20260811_normal_02,normal,1042,76323,1280,4096,26,242719,921600,8,24,21,21,11
run_20260811_normal_02,normal,1043,76387,1280,4352,29,248966,204800,10,25,12,12,13
run_20260811_normal_02,normal,1044,76451,1024,4608,24,270681,204800,8,19,13,12,12
run_20260811_normal_02,normal,1045,76515,1280,3072,26,149762,102400,5,16,18,13,14
run_20260811_normal_02,normal,1046,76579,1280,4096,32,171081,921600,10,20,21,26,12
run_20260811_normal_02,normal,1047,76643,1536,4608,39,215102,153600,5,17,20,23,16
run_20260811_normal_02,normal,1048,76707,1280,4352,29,244123,409600,8,20,27,15,18
run_20260811_normal_02,normal,1049,76771,1024,2560,21,139263,256000,8,20,18,10,10
run_20260811_normal_02,normal,1050,76835,1024,3072,22,154070,256000,5,14,11,7,13
run_20260811_normal_02,normal,1051,76899,1024,2816,19,177271,460800,8,10,21,12,11
run_20260811_normal_02,normal,1052,76963,1024,3584,21,187879,358400,8,23,20,11,9
run_20260811_normal_02,normal,1053,77027,1024,3584,18,212071,51200,2,11,10,11,10
run_20260811_normal_02,normal,1054,77091,1280,5120,28,318756,102400,5,15,12,11,15
run_20260811_normal_02,normal,1055,77155,1280,5120,33,268955,102400,5,19,14,21,9
run_20260811_normal_02,normal,1056,77219,1280,4864,31,239344,512000,8,17,23,18,10
run_20260811_normal_02,normal,1057,77283,1280,4864,29,248796,204800,5,17,13,11,11
run_20260811_normal_02,normal,1058,77347,1024,2560,20,157063,102400,5,16,16,11,13
run_20260811_normal_02,normal,1059,77411,1024,3584,21,197520,870400,8,13,11,24,15
run_20260811_normal_02,normal,1060,77475,1280,3840,28,191384,358400,5,11,23,16,9
run_20260811_normal_02,normal,1061,77539,1024,3328,22,188866,256000,5,14,14,10,16
run_20260811_normal_02,normal,1062,77603,1024,2816,16,205484,512000,8,12,17,11,15
run_20260811_normal_02,normal,1063,77667,1024,2816,16,197300,768000,5,9,6,15,16
run_20260811_normal_02,normal,1064,77731,1024,3584,21,222765,358400,5,9,17,10,16
run_20260811_normal_02,normal,1065,77795,1024,3584,21,223586,358400,8,14,20,12,14
run_20260811_normal_02,normal,1066,77859,1024,2560,19,170700,614400,5,10,14,18,12
run_20260811_normal_02,normal,1067,77923,1280,2816,25,142099,204800,5,17,19,9,11
run_20260811_normal_02,normal,1068,77987,1280,3584,31,159633,358400,8,15,23,8,12
run_20260811_normal_02,normal,1069,78051,1280,3840,33,182592,665600,9,18,27,22,12
run_20260811_normal_02,normal,1070,78115,1280,3840,29,200789,102400,5,13,17,12,14
run_20260811_normal_02,normal,1071,78179,1280,3584,25,195829,716800,8,15,17,17,13
run_20260811_normal_02,normal,1072,78243,1024,3328,18,203110,153600,5,15,14,18,12
run_20260811_normal_02,normal,1073,78307,1024,2560,16,178188,460800,4,11,10,9,12
run_20260811_normal_02,normal,1074,78371,1024,3072,22,164944,665600,8,13,20,26,11
run_20260811_normal_02,normal,1075,78435,1024,3072,22,170676,256000,5,17,17,14,8
run_20260811_normal_02,normal,1076,78499,1024,2816,18,166291,870400,8,13,14,19,11
run_20260811_normal_02,normal,1077,78563,1024,3072,22,173075,307200,8,24,17,12,10
run_20260811_normal_02,normal,1078,78627,1280,3072,28,151415,358400,8,10,22,13,15
run_20260811_normal_02,normal,1079,78691,1024,2816,24,149256,153600,5,11,17,20,12
run_20260811_normal_02,normal,1080,78755,1024,2816,16,190200,153600,5,16,12,16,13
run_20260811_normal_02,normal,1081,78819,768,2304,14,172133,460800,8,12,21,11,10
run_20260811_normal_02,normal,1082,78883,1024,2816,17,198208,153600,8,18,20,13,14
run_20260811_normal_02,normal,1083,78947,1024,3072,21,193896,51200,5,14,17,13,12
run_20260811_normal_02,normal,1084,79011,1024,3072,22,173112,51200,5,24,13,9,12
run_20260811_normal_02,normal,1085,79075,1024,3072,20,180078,307200,8,19,11,14,11
run_20260811_normal_02,normal,1086,79139,768,3072,13,217251,102400,4,14,11,9,12
run_20260811_normal_02,normal,1087,79203,1024,2816,20,176028,1075200,5,14,11,11,20
run_20260811_normal_02,normal,1088,79267,1280,2816,29,140990,307200,8,18,17,16,14
run_20260811_normal_02,normal,1089,79331,1280,3328,27,174838,102400,8,19,15,19,15
run_20260811_normal_02,normal,1090,79395,1280,3584,25,201414,204800,10,25,15,12,11
run_20260811_normal_02,normal,1091,79459,1024,3584,23,180081,153600,8,26,11,18,12
run_20260811_normal_02,normal,1092,79523,1024,2560,20,173862,307200,5,14,17,14,11
run_20260811_normal_02,normal,1093,79587,768,2816,15,229202,460800,5,8,14,9,19
run_20260811_normal_02,normal,1094,79651,1024,4352,21,288427,51200,5,21,14,18,13
run_20260811_normal_02,normal,1095,79715,1280,4608,32,222774,358400,8,20,17,12,11
run_20260811_normal_02,normal,1096,79779,1280,4096,30,228287,358400,10,10,18,9,9
run_20260811_normal_02,normal,1097,79843,1280,3840,30,176303,256000,8,27,20,10,11
run_20260811_normal_02,normal,1098,79907,1024,3840,21,206259,153600,5,19,14,6,13
run_20260811_normal_02,normal,1099,79971,768,3840,15,321930,716800,8,16,11,20,13
run_20260811_normal_02,normal,1100,80035,1024,3072,19,177456,102400,5,15,10,14,15
run_20260811_normal_02,normal,1101,80099,1280,3584,26,153646,51200,5,13,14,15,13
run_20260811_normal_02,normal,1102,80163,1280,3840,27,155000,972800,8,14,16,17,23
run_20260811_normal_02,normal,1103,80227,1024,3072,22,160324,460800,8,15,17,16,8
run_20260811_normal_02,normal,1104,80291,1024,3072,23,170215,153600,5,14,16,11,11
run_20260811_normal_02,normal,1105,80355,1280,3072,25,160053,51200,5,14,21,10,16
run_20260811_normal_02,normal,1106,80419,1280,3328,26,177355,563200,5,10,16,13,12
run_20260811_normal_02,normal,1107,80483,1024,3072,23,188982,768000,8,17,14,21,10
run_20260811_normal_02,normal,1108,80547,1024,2816,24,170840,563200,5,14,12,23,16
run_20260811_normal_02,normal,1109,80611,1280,2816,26,154618,307200,8,16,12,21,13
run_20260811_normal_02,normal,1110,80675,1024,2816,24,170142,307200,8,28,27,12,12
run_20260811_normal_02,normal,1111,80739,1024,3072,24,183432,460800,10,16,22,8,12
run_20260811_normal_02,normal,1112,80803,1024,3072,22,174718,563200,10,13,23,18,16
run_20260811_normal_02,normal,1113,80867,1280,4352,32,222511,512000,5,10,15,18,11
run_20260811_normal_02,normal,1114,80931,1280,4096,34,199984,102400,5,19,13,10,16
run_20260811_normal_02,normal,1115,80995,1024,2816,22,149864,358400,10,16,22,13,8
run_20260811_normal_02,normal,1116,81059,1024,2816,18,188219,204800,8,20,10,16,13
run_20260811_normal_02,normal,1117,81123,1024,2816,17,206623,563200,5,10,15,9,9
run_20260811_normal_02,normal,1118,81187,1024,3072,19,180990,358400,8,15,20,13,13
run_20260811_normal_02,normal,1119,81251,1024,3584,19,227769,256000,5,13,17,10,10
run_20260811_normal_02,normal,1120,81315,1024,3840,24,221816,102400,13,29,16,18,15
run_20260811_normal_02,normal,1121,81379,1024,3072,24,166474,972800,5,12,9,12,19
run_20260811_normal_02,normal,1122,81443,1024,2560,17,161809,563200,8,12,30,9,11
run_20260811_normal_02,normal,1123,81507,1024,3584,22,189174,358400,5,11,16,12,15
run_20260811_normal_02,normal,1124,81571,1024,3328,21,189319,256000,5,15,7,9,10
run_20260811_normal_02,normal,1125,81635,768,2304,15,178819,665600,10,12,12,21,11
run_20260811_normal_02,normal,1126,81699,1024,3328,17,210433,358400,8,9,20,18,16
run_20260811_normal_02,normal,1127,81763,1024,3840,22,219377,51200,5,19,12,18,18
run_20260811_normal_02,normal,1128,81827,1024,3584,20,204984,307200,5,16,11,16,8
run_20260811_normal_02,normal,1129,81891,1024,3072,22,173997,460800,5,10,14,11,12
run_20260811_normal_02,normal,1130,81955,1024,3072,24,172337,204800,5,20,10,16,13
run_20260811_normal_02,normal,1131,82019,1024,2816,19,175173,972800,5,12,11,9,20
run_20260811_normal_02,normal,1132,82083,768,2560,14,158834,256000,5,14,12,12,16
run_20260811_normal_02,normal,1133,82147,768,2816,15,164942,51200,5,15,14,17,8
run_20260811_normal_02,normal,1134,82211,1024,2560,17,155385,153600,5,18,10,14,10
run_20260811_normal_02,normal,1135,82275,1024,3840,23,240965,51200,5,20,14,18,13
run_20260811_normal_02,normal,1136,82339,1280,3584,26,198890,921600,5,14,10,13,17
run_20260811_normal_02,normal,1137,82403,1280,3840,27,194364,256000,5,16,8,20,11
run_20260811_normal_02,normal,1138,82467,1280,3840,27,201995,307200,5,13,18,13,15
run_20260811_normal_02,normal,1139,82531,1024,3072,20,192397,204800,5,13,15,12,10
run_20260811_normal_02,normal,1140,82595,1280,3328,28,166845,204800,5,13,15,19,22
run_20260811_normal_02,normal,1141,82659,1280,3328,28,174710,102400,5,19,14,10,15
run_20260811_normal_02,normal,1142,82723,1280,3584,25,175385,102400,5,21,10,13,16
run_20260811_normal_02,normal,1143,82787,1280,3072,26,164508,256000,5,15,9,13,16
run_20260811_normal_02,normal,1144,82851,1024,3072,23,180018,307200,8,27,20,12,13
run_20260811_normal_02,normal,1145,82915,1024,2560,19,169996,460800,10,8,20,15,12
run_20260811_normal_02,normal,1146,82979,1024,2560,19,169264,256000,5,14,12,13,15
run_20260811_normal_02,normal,1147,83043,1024,3072,18,202013,51200,5,18,7,13,15
run_20260811_normal_02,normal,1148,83107,1024,3072,16,203910,153600,5,15,8,14,20
run_20260811_normal_02,normal,1149,83171,1024,3072,22,167032,358400,4,12,13,10,13
run_20260811_normal_02,normal,1150,83235,1024,3072,21,157208,972800,8,8,14,14,15
run_20260811_normal_02,normal,1151,83299,1024,2816,18,152383,51200,5,20,10,10,17
run_20260811_normal_02,normal,1152,83363,1024,3328,19,186093,921600,8,12,13,20,11
run_20260811_normal_02,normal,1153,83427,1024,3072,18,201738,512000,8,14,20,10,18
run_20260811_normal_02,normal,1154,83491,1024,2560,16,176054,153600,5,14,10,19,16
run_20260811_normal_02,normal,1155,83555,1024,3840,23,220845,51200,8,25,9,12,18
run_20260811_normal_02,normal,1156,83619,1024,3584,23,177140,665600,5,7,14,23,8
run_20260811_normal_02,normal,1157,83683,1024,3072,23,155767,102400,5,14,17,18,16
run_20260811_normal_02,normal,1158,83747,1280,3328,25,165050,972800,8,14,13,13,18
run_20260811_normal_02,normal,1159,83811,1280,3840,25,210760,153600,5,16,20,11,23
run_20260811_normal_02,normal,1160,83875,1024,3840,21,224851,51200,5,26,8,14,12
run_20260811_normal_02,normal,1161,83939,1024,3584,24,189124,307200,8,19,21,11,13
run_20260811_normal_02,normal,1162,84003,1280,3840,26,191321,204800,8,23,27,16,12
run_20260811_normal_02,normal,1163,84067,1280,3840,25,216177,460800,8,11,26,8,22
run_20260811_normal_02,normal,1164,84131,1024,3584,22,189828,102400,5,18,12,9,14
run_20260811_normal_02,normal,1165,84195,1024,2560,19,151377,460800,5,12,20,8,14
run_20260811_normal_02,normal,1166,84259,1024,2560,19,169152,204800,8,17,18,14,11
run_20260811_normal_02,normal,1167,84323,1024,2560,19,160286,102400,5,20,11,17,13
run_20260811_normal_02,normal,1168,84387,1024,3584,18,212384,204800,5,14,19,11,13
run_20260811_normal_02,normal,1169,84451,1024,4096,19,302339,204800,5,17,18,12,17
run_20260811_normal_02,normal,1170,84515,1024,4096,19,240924,51200,5,14,17,11,10
run_20260811_normal_02,normal,1171,84579,1024,2304,19,146980,153600,5,15,19,8,14
run_20260811_normal_02,normal,1172,84643,1024,2560,17,178174,665600,10,13,17,24,8
run_20260811_normal_02,normal,1173,84707,768,2560,14,170068,51200,8,19,13,10,12
run_20260811_normal_02,normal,1174,84771,1280,4096,26,195127,153600,5,15,17,17,15
run_20260811_normal_02,normal,1175,84835,1280,4096,30,203989,358400,5,10,14,20,18
run_20260811_normal_02,normal,1176,84899,1280,3328,28,183015,358400,8,16,23,18,11
run_20260811_normal_02,normal,1177,84963,1280,3328,25,167991,102400,5,19,15,11,9
run_20260811_normal_02,normal,1178,85027,1024,2560,16,163747,563200,5,12,18,20,17
run_20260811_normal_02,normal,1179,85091,1024,3328,21,185925,51200,5,23,10,12,11
run_20260811_normal_02,normal,1180,85155,1280,3584,29,188259,153600,5,20,21,10,13
run_20260811_normal_02,normal,1181,85219,1280,3840,26,215852,51200,5,17,17,9,10
run_20260811_normal_02,normal,1182,85283,1024,2560,17,180782,512000,5,11,12,10,15
run_20260811_normal_02,normal,1183,85347,1024,2816,17,186666,460800,5,11,13,14,12
run_20260811_normal_02,normal,1184,85411,1024,2816,16,169028,51200,5,24,10,10,10
run_20260811_normal_02,normal,1185,85475,1024,2560,18,188991,307200,5,14,20,20,14
run_20260811_normal_02,normal,1186,85539,1024,3072,22,169900,358400,5,11,19,10,11
run_20260811_normal_02,normal,1187,85603,1024,3072,22,184509,409600,5,11,19,14,12
run_20260811_normal_02,normal,1188,85667,1024,3072,19,212354,256000,5,15,12,14,17
run_20260811_normal_02,normal,1189,85731,1024,3072,17,190191,102400,5,15,10,15,15
run_20260811_normal_02,normal,1190,85795,1024,3840,24,208137,256000,5,16,7,10,8
run_20260811_normal_02,normal,1191,85859,1024,3328,24,188863,358400,10,15,22,11,13
run_20260811_normal_02,normal,1192,85923,1024,3840,24,210503,1024000,10,20,9,13,26
run_20260811_normal_02,normal,1193,85987,1280,3328,25,211108,1280000,8,20,14,8,19
run_20260811_normal_02,normal,1194,86051,1024,2816,17,212723,358400,5,9,17,16,16
run_20260811_normal_02,normal,1195,86115,1024,2560,16,163404,563200,10,8,22,10,11
run_20260811_normal_02,normal,1196,86179,1024,3072,21,178937,102400,5,14,14,9,17
run_20260811_normal_02,normal,1197,86243,1280,4096,27,201711,153600,5,16,13,11,14
run_20260811_normal_02,normal,1198,86307,1280,4096,29,185729,51200,5,18,12,12,14
run_20260811_normal_02,normal,1199,86371,1280,3840,27,205410,563200,8,16,26,12,13
run_20260811_normal_02,normal,1200,86435,1024,3072,21,187277,460800,8,16,21,11,13
run_20260811_normal_02,normal,1201,86499,1024,3840,21,187425,51200,8,23,13,12,12
run_20260811_normal_02,normal,1202,86563,1024,3584,22,169856,307200,8,15,19,13,13
run_20260811_normal_02,normal,1203,86627,1024,3840,24,227853,256000,5,14,14,15,14
run_20260811_normal_02,normal,1204,86691,1024,3840,24,259291,563200,10,14,24,19,11
run_20260811_normal_02,normal,1205,86755,1024,3072,20,201459,460800,5,9,13,19,8
run_20260811_normal_02,normal,1206,86819,1024,3072,23,193914,256000,10,28,17,9,10
run_20260811_normal_02,normal,1207,86883,1280,3328,27,183038,460800,10,17,26,11,13
run_20260811_normal_02,normal,1208,86947,1536,5120,37,224218,51200,5,21,13,17,14
run_20260811_normal_02,normal,1209,87011,1280,4864,31,233982,153600,5,20,16,10,10
run_20260811_normal_02,normal,1210,87075,1280,2816,27,134779,358400,10,18,21,11,11
run_20260811_normal_02,normal,1211,87139,1280,4096,34,173841,256000,8,22,23,17,13
run_20260811_normal_02,normal,1212,87203,1280,4096,34,190155,102400,10,29,18,14,11
run_20260811_normal_02,normal,1213,87267,1024,3584,23,184501,1126400,5,11,12,10,15
run_20260811_normal_02,normal,1214,87331,1024,3328,18,171785,307200,8,20,11,11,10
run_20260811_normal_02,normal,1215,87395,1024,3584,23,176746,665600,10,10,12,27,11
run_20260811_normal_02,normal,1216,87459,1280,3840,25,158786,153600,8,27,15,17,13
run_20260811_normal_02,normal,1217,87523,1024,3072,20,164371,51200,5,24,14,16,11
run_20260811_normal_02,normal,1218,87587,1024,3072,18,192639,51200,5,10,13,14,15
run_20260811_normal_02,normal,1219,87651,768,2560,14,182052,563200,5,9,12,13,16
run_20260811_normal_02,normal,1220,87715,768,3072,13,204126,51200,5,13,17,16,14
run_20260811_normal_02,normal,1221,87779,1024,3072,17,200032,1280000,5,9,8,9,16
run_20260811_normal_02,normal,1222,87843,1024,2816,22,157796,358400,8,13,17,17,12
run_20260811_normal_02,normal,1223,87907,1280,3584,29,154261,358400,8,25,17,10,10
run_20260811_normal_02,normal,1224,87971,1280,3328,25,179552,358400,8,14,15,25,13
run_20260811_normal_02,normal,1225,88035,1024,3072,17,206131,102400,5,20,8,15,17
run_20260811_normal_02,normal,1226,88099,1024,3072,23,180656,307200,8,19,22,13,13
run_20260811_normal_02,normal,1227,88163,1024,3328,24,168978,358400,8,11,17,13,21
run_20260811_normal_02,normal,1228,88227,1024,3840,23,208594,51200,5,14,9,13,17
run_20260811_normal_02,normal,1229,88291,1024,3840,20,226573,665600,10,10,23,19,12
run_20260811_normal_02,normal,1230,88355,1024,3328,23,212283,51200,5,14,8,20,19
run_20260811_normal_02,normal,1231,88419,1280,3584,29,196689,256000,5,15,13,13,11
run_20260811_normal_02,normal,1232,88483,1024,2816,23,164958,460800,10,13,25,21,12
run_20260811_normal_02,normal,1233,88547,1280,3840,25,183792,153600,5,14,14,15,13
run_20260811_normal_02,normal,1234,88611,1280,3840,32,161876,102400,5,17,9,19,14
run_20260811_normal_02,normal,1235,88675,1280,3584,27,178022,102400,5,15,20,11,12
run_20260811_normal_02,normal,1236,88739,1024,3584,21,269145,102400,5,18,12,8,11
run_20260811_normal_02,normal,1237,88803,1024,3584,24,238003,307200,8,21,12,16,8
run_20260811_normal_02,normal,1238,88867,1024,3840,19,248239,512000,8,15,17,16,10
run_20260811_normal_02,normal,1239,88931,1024,2816,19,178229,204800,5,13,9,13,13
run_20260811_normal_02,normal,1240,88995,1024,2560,24,154666,51200,5,18,9,20,14
run_20260811_normal_02,normal,1241,89059,1024,3072,22,174221,307200,8,24,15,8,11
run_20260811_normal_02,normal,1242,89123,1024,3072,22,160042,153600,8,17,14,15,8
run_20260811_normal_02,normal,1243,89187,1280,3584,27,170747,51200,8,26,15,14,12
run_20260811_normal_02,normal,1244,89251,1024,3584,24,194399,51200,5,17,14,20,15
run_20260811_normal_02,normal,1245,89315,1024,4352,21,257711,512000,5,12,15,10,13
run_20260811_normal_02,normal,1246,89379,1280,4096,27,187863,204800,5,18,15,13,8
run_20260811_normal_02,normal,1247,89443,1280,3584,28,176181,358400,9,19,27,13,12
run_20260811_normal_02,normal,1248,89507,1280,4352,27,248593,358400,8,16,15,18,11
run_20260811_normal_02,normal,1249,89571,1024,4096,22,238795,102400,8,28,14,16,10
run_20260811_normal_02,normal,1250,89635,1024,3584,24,182590,51200,5,14,15,14,15
run_20260811_normal_02,normal,1251,89699,1024,3328,24,172687,358400,8,17,21,10,12
run_20260811_normal_02,normal,1252,89763,1024,2560,20,158634,460800,5,15,11,17,12
run_20260811_normal_02,normal,1253,89827,1024,3072,18,170270,204800,5,19,8,11,10
run_20260811_normal_02,normal,1254,89891,1280,4096,25,232983,665600,5,11,11,16,10
run_20260811_normal_02,normal,1255,89955,1024,4096,24,232685,307200,5,11,15,14,17
run_20260811_normal_02,normal,1256,90019,1024,2816,18,175090,307200,8,20,12,17,9
run_20260811_normal_02,normal,1257,90083,1280,3584,25,167691,614400,8,11,17,20,12
run_20260811_normal_02,normal,1258,90147,1024,3584,22,186633,256000,5,11,16,16,10
run_20260811_normal_02,normal,1259,90211,1024,3840,20,252440,665600,8,21,14,24,20
run_20260811_normal_02,normal,1260,90275,1280,3840,25,203944,307200,8,17,10,10,13
run_20260811_normal_02,normal,1261,90339,1024,2816,20,167513,204800,5,17,10,11,9
run_20260811_normal_02,normal,1262,90403,1024,4096,20,254184,972800,5,10,9,13,16
run_20260811_normal_02,normal,1263,90467,1024,4096,19,267609,358400,8,11,16,20,9
run_20260811_normal_02,normal,1264,90531,768,2560,12,171329,153600,5,14,7,11,15
run_20260811_normal_02,normal,1265,90595,1024,3072,18,187112,358400,8,13,23,11,12
run_20260811_normal_02,normal,1266,90659,1024,3328,22,172832,460800,8,19,16,15,11
run_20260811_normal_02,normal,1267,90723,1024,3328,22,210765,256000,5,14,15,13,11
run_20260811_normal_02,normal,1268,90787,1024,3328,21,202379,256000,5,14,10,11,15
run_20260811_normal_02,normal,1269,90851,1024,3328,23,179210,716800,8,17,11,20,14
run_20260811_normal_02,normal,1270,90915,1024,2816,22,158777,256000,5,14,11,9,13
run_20260811_normal_02,normal,1271,90979,1024,3328,22,185505,102400,5,13,10,24,13
run_20260811_normal_02,normal,1272,91043,1024,3072,23,179212,614400,5,9,12,15,12
run_20260811_normal_02,normal,1273,91107,1280,3840,28,192895,256000,5,13,11,20,15
run_20260811_normal_02,normal,1274,91171,1280,3840,32,196014,358400,10,14,21,23,10
run_20260811_normal_02,normal,1275,91235,1280,3584,26,212740,51200,5,16,10,11,11
run_20260811_normal_02,normal,1276,91299,1024,3584,20,233599,51200,8,25,11,10,12
run_20260811_normal_02,normal,1277,91363,1024,4096,20,281228,51200,5,20,8,8,9
run_20260811_normal_02,normal,1278,91427,1024,4608,23,278368,460800,8,20,19,7,10
run_20260811_normal_02,normal,1279,91491,768,2304,14,171000,51200,5,18,21,8,9
run_20260811_normal_02,normal,1280,91555,1024,2560,17,168929,563200,5,10,12,13,12
run_20260811_normal_02,normal,1281,91619,1280,4864,25,308525,563200,10,16,23,14,12
run_20260811_normal_02,normal,1282,91683,1024,4608,21,339424,358400,5,9,16,9,10
run_20260811_normal_02,normal,1283,91747,768,2816,15,189020,563200,5,14,13,10,12
run_20260811_normal_02,normal,1284,91811,1024,3328,19,220057,307200,8,22,14,12,11
run_20260811_normal_02,normal,1285,91875,1280,3584,26,174802,256000,5,14,10,12,11
run_20260811_normal_02,normal,1286,91939,1280,4352,32,187301,51200,5,23,19,18,17
run_20260811_normal_02,normal,1287,92003,23808,113152,8652,1027988,665600,34,90,151,125,65
run_20260811_normal_02,normal,1288,92067,23808,112896,8729,1007997,563200,250,826,1267,660,359
run_20260811_normal_02,normal,1289,92131,2816,12288,143,424904,921600,8,17,10,24,23
run_20260811_normal_02,normal,1290,92195,1792,6656,59,307998,665600,17,10,23,51,23
run_20260811_normal_02,normal,1291,92259,3584,14336,206,487449,665600,26,12,24,100,34
run_20260811_normal_02,normal,1292,92323,3328,14080,181,611851,768000,8,10,16,23,15
run_20260811_normal_02,normal,1293,92387,1024,2816,22,141254,51200,5,14,10,15,16
run_20260811_normal_02,normal,1294,92451,1024,2560,18,153198,153600,8,21,11,9,15
run_20260811_normal_02,normal,1295,92515,1024,2560,16,185429,665600,5,11,9,19,10
run_20260811_normal_02,normal,1296,92579,1024,3584,24,180107,256000,8,22,11,10,14
run_20260811_normal_02,normal,1297,92643,1280,4096,32,173633,358400,8,17,21,9,12
run_20260811_normal_02,normal,1298,92707,1280,4352,26,223621,409600,5,12,23,13,10
run_20260811_normal_02,normal,1299,92771,1024,2816,22,149651,153600,8,26,17,12,15
run_20260811_normal_02,normal,1300,92835,1024,3072,22,159801,51200,5,15,17,11,12
run_20260811_normal_02,normal,1301,92899,1024,3328,22,188959,51200,5,15,11,12,10
run_20260811_normal_02,normal,1302,92963,1024,3072,21,171884,153600,5,14,14,9,9
run_20260811_normal_02,normal,1303,93027,1024,3072,22,164883,563200,5,11,14,16,13
run_20260811_normal_02,normal,1304,93091,1024,2816,19,167524,153600,5,17,12,11,11
run_20260811_normal_02,normal,1305,93155,1024,3072,19,215555,153600,8,20,12,8,15
run_20260811_normal_02,normal,1306,93219,1024,3072,17,226168,307200,5,15,17,10,20
run_20260811_normal_02,normal,1307,93283,1024,3072,17,207047,153600,8,19,11,14,12
run_20260811_normal_02,normal,1308,93347,1024,3328,21,186998,307200,8,17,23,11,14
run_20260811_normal_02,normal,1309,93411,1280,3584,25,173769,358400,8,13,24,16,10
run_20260811_normal_02,normal,1310,93475,1280,3328,29,170465,665600,10,17,17,21,7
run_20260811_normal_02,normal,1311,93539,1280,4096,31,197396,153600,5,16,21,11,14
run_20260811_normal_02,normal,1312,93603,1280,3840,27,193469,665600,10,16,18,20,11
run_20260811_normal_02,normal,1313,93667,1024,3072,19,197285,102400,8,23,12,18,11
run_20260811_normal_02,normal,1314,93731,1024,3072,20,182443,563200,8,10,16,14,10
run_20260811_normal_02,normal,1315,93795,1024,2560,23,136215,51200,5,13,13,14,13
run_20260811_normal_02,normal,1316,93859,1024,2560,20,149641,102400,8,23,11,18,12
run_20260811_normal_02,normal,1317,93923,1024,3072,23,197866,358400,8,15,17,15,17
run_20260811_normal_02,normal,1318,93987,1280,3328,30,170811,307200,8,26,24,10,10
run_20260811_normal_02,normal,1319,94051,1024,2816,19,158828,51200,5,13,16,17,12
run_20260811_normal_02,normal,1320,94115,1024,4352,19,296644,307200,8,20,15,11,12
run_20260811_normal_02,normal,1321,94179,1280,4352,28,264686,358400,8,26,15,15,17
run_20260811_normal_02,normal,1322,94243,1280,4352,29,222185,307200,8,20,10,14,21
run_20260811_normal_02,normal,1323,94307,1280,3584,29,191532,102400,5,18,13,18,14
run_20260811_normal_02,normal,1324,94371,1280,3840,33,186384,307200,8,26,17,13,18
run_20260811_normal_02,normal,1325,94435,1280,3328,28,174091,921600,5,11,11,14,15
run_20260811_normal_02,normal,1326,94499,1024,3584,24,214359,51200,5,23,10,13,13
run_20260811_normal_02,normal,1327,94563,1280,3328,25,182105,716800,8,10,19,24,9
run_20260811_normal_02,normal,1328,94627,1280,3584,25,198895,102400,5,12,16,10,16
run_20260811_normal_02,normal,1329,94691,1280,4096,25,248555,460800,10,16,25,10,12
run_20260811_normal_02,normal,1330,94755,1024,4096,24,241256,614400,5,11,13,9,13
run_20260811_normal_02,normal,1331,94819,1280,3584,28,191327,204800,5,18,13,14,12
run_20260811_normal_02,normal,1332,94883,1280,3584,25,193018,51200,5,14,9,10,15
run_20260811_normal_02,normal,1333,94947,1024,4096,22,224746,51200,5,12,14,17,15
run_20260811_normal_02,normal,1334,95011,1280,4096,26,206164,460800,8,14,16,20,18
run_20260811_normal_02,normal,1335,95075,1024,2816,20,168695,51200,5,23,10,12,11
run_20260811_normal_02,normal,1336,95139,768,2816,13,192860,51200,5,18,12,14,7
run_20260811_normal_02,normal,1337,95203,768,2816,15,185108,153600,5,17,13,10,10
run_20260811_normal_02,normal,1338,95267,1024,3072,19,174042,102400,5,20,14,11,10
run_20260811_normal_02,normal,1339,95331,1024,3328,23,216570,204800,5,18,13,13,9
run_20260811_normal_02,normal,1340,95395,1280,3584,30,189083,51200,8,18,17,15,12
run_20260811_normal_02,normal,1341,95459,1280,3584,25,183426,307200,8,18,13,17,17
run_20260811_normal_02,normal,1342,95523,1024,3328,19,183956,716800,8,15,10,18,16
run_20260811_normal_02,normal,1343,95587,1024,3072,18,192566,307200,5,14,17,16,10
run_20260811_normal_02,normal,1344,95651,1024,3072,21,187996,716800,5,10,11,22,11
run_20260811_normal_02,normal,1345,95715,1024,3584,18,260371,51200,2,11,8,11,13
run_20260811_normal_02,normal,1346,95779,1024,3072,17,192635,51200,5,15,11,15,14
run_20260811_normal_02,normal,1347,95843,1024,2560,18,156676,51200,5,20,8,15,9
run_20260811_normal_02,normal,1348,95907,1024,3072,20,169858,358400,8,13,17,15,9
run_20260811_normal_02,normal,1349,95971,1024,2560,18,165627,256000,5,14,13,9,13
run_20260811_normal_02,normal,1350,96035,1024,3072,23,174567,307200,8,21,18,17,14
run_20260811_normal_02,normal,1351,96099,1280,4352,30,210759,153600,8,16,19,10,16
run_20260811_normal_02,normal,1352,96163,1280,4352,25,266126,153600,5,21,18,21,11
run_20260811_normal_02,normal,1353,96227,1024,3840,23,199232,358400,5,11,17,8,14
run_20260811_normal_02,normal,1354,96291,1280,4352,32,210907,358400,8,20,19,17,5
run_20260811_normal_02,normal,1355,96355,1280,4096,35,186919,768000,10,27,15,23,12
run_20260811_normal_02,normal,1356,96419,1280,3328,26,156813,102400,5,17,23,19,15
run_20260811_normal_02,normal,1357,96483,1280,2816,25,142312,51200,5,14,14,8,15
run_20260811_normal_02,normal,1358,96547,1024,2816,21,178292,358400,8,12,21,12,17
run_20260811_normal_02,normal,1359,96611,1024,3072,17,204150,358400,5,10,13,16,14
run_20260811_normal_02,normal,1360,96675,768,2304,15,180804,102400,5,16,15,6,11
run_20260811_normal_02,normal,1361,96739,1024,3584,18,232044,460800,5,11,12,9,10
run_20260811_normal_02,normal,1362,96803,1024,3328,22,192544,256000,5,17,13,18,17
run_20260811_normal_02,normal,1363,96867,1024,3328,24,175414,665600,8,11,18,17,12
run_20260811_normal_02,normal,1364,96931,1280,3584,32,178555,460800,5,10,19,19,10
run_20260811_normal_02,normal,1365,96995,1280,3584,34,176556,460800,10,20,40,11,8
run_20260811_normal_02,normal,1366,97059,1280,3328,28,175562,563200,10,14,29,9,22
run_20260811_normal_02,normal,1367,97123,1280,4352,25,257613,563200,10,16,22,14,13
run_20260811_normal_02,normal,1368,97187,1024,4608,20,326076,153600,8,18,17,9,11
run_20260811_normal_02,normal,1369,97251,1024,3072,21,164564,153600,5,16,10,10,13
run_20260811_normal_02,normal,1370,97315,1280,3328,26,162533,256000,8,25,14,22,11
run_20260811_normal_02,normal,1371,97379,1024,3072,24,169699,102400,5,14,19,17,13
run_20260811_normal_02,normal,1372,97443,1024,3328,22,207222,307200,5,15,22,14,15
run_20260811_normal_02,normal,1373,97507,1280,3328,25,181182,460800,8,17,20,12,13
run_20260811_normal_02,normal,1374,97571,1024,2816,22,154851,512000,10,10,24,9,10
run_20260811_normal_02,normal,1375,97635,1792,5888,49,295484,512000,8,13,20,20,13
run_20260811_normal_02,normal,1376,97699,1792,5888,49,300727,358400,13,30,38,24,22
run_20260811_normal_02,normal,1377,97763,768,3072,15,206213,51200,2,11,9,12,12
run_20260811_normal_02,normal,1378,97827,1024,3584,21,217369,460800,5,12,17,13,11
run_20260811_normal_02,normal,1379,97891,1024,3584,22,197994,307200,8,27,24,20,11
run_20260811_normal_02,normal,1380,97955,1024,3072,19,178677,307200,8,20,15,14,12
run_20260811_normal_02,normal,1381,98019,1024,2816,18,185757,51200,5,20,12,8,12
run_20260811_normal_02,normal,1382,98083,1024,3584,16,230269,51200,5,18,10,8,11
run_20260811_normal_02,normal,1383,98147,1024,3072,20,174632,102400,5,15,9,17,13
run_20260811_normal_02,normal,1384,98211,1024,3072,17,190443,51200,5,20,12,12,14
run_20260811_normal_02,normal,1385,98275,768,2816,15,180665,204800,4,15,9,14,11
run_20260811_normal_02,normal,1386,98339,1024,2816,18,167661,1075200,5,11,13,11,15
run_20260811_normal_02,normal,1387,98403,1280,3584,25,183535,51200,5,12,11,15,15
run_20260811_normal_02,normal,1388,98467,1280,3328,25,175898,51200,5,20,12,13,12
run_20260811_normal_02,normal,1389,98531,1024,3072,24,163492,102400,5,18,14,9,21
run_20260811_normal_02,normal,1390,98595,1024,2816,17,192062,665600,5,12,10,19,17
run_20260811_normal_02,normal,1391,98659,768,2304,14,155771,358400,5,11,17,10,12
run_20260811_normal_02,normal,1392,98723,1024,3840,21,221666,921600,8,14,13,19,15
run_20260811_normal_02,normal,1393,98787,1280,3584,30,186526,768000,9,19,11,22,18
run_20260811_normal_02,normal,1394,98851,1280,3328,29,172348,358400,10,17,24,14,11
run_20260811_normal_02,normal,1395,98915,1024,3072,21,186046,102400,5,15,14,11,11
run_20260811_normal_02,normal,1396,98979,1280,3840,25,227111,358400,8,18,19,22,9
run_20260811_normal_02,normal,1397,99043,1280,3840,27,219305,870400,5,12,9,18,17
run_20260811_normal_02,normal,1398,99107,1024,3584,18,201924,256000,5,17,11,15,15
run_20260811_normal_02,normal,1399,99171,1024,3840,20,230236,460800,5,12,17,16,16
run_20260811_normal_02,normal,1400,99235,1024,3840,20,221731,870400,8,11,24,19,17
run_20260811_normal_02,normal,1401,99299,1024,3072,21,170717,102400,5,19,17,15,11
run_20260811_normal_02,normal,1402,99363,1024,3328,23,184130,307200,5,17,16,10,11
run_20260811_normal_02,normal,1403,99427,1024,3072,21,171723,51200,5,23,12,10,15
run_20260811_normal_02,normal,1404,99491,1024,2816,18,184127,358400,8,12,23,11,16
run_20260811_normal_02,normal,1405,99555,1024,3072,18,200104,153600,5,16,14,10,13
run_20260811_normal_02,normal,1406,99619,768,2816,14,214167,153600,5,15,7,13,12
run_20260811_normal_02,normal,1407,99683,1024,2560,16,187400,256000,5,14,12,14,18
run_20260811_normal_02,normal,1408,99747,1024,2816,20,173867,512000,8,9,22,15,11
run_20260811_normal_02,normal,1409,99811,1024,2816,23,165018,307200,5,14,14,11,17
run_20260811_normal_02,normal,1410,99875,1024,3072,19,159150,870400,4,9,11,13,11
run_20260811_normal_02,normal,1411,99939,1024,3840,19,223770,204800,5,15,15,19,13
run_20260811_normal_02,normal,1412,100003,768,3840,15,290781,307200,5,14,8,8,14
run_20260811_normal_02,normal,1413,100067,1024,3328,18,207092,102400,5,13,12,10,14
run_20260811_normal_02,normal,1414,100131,1024,3072,20,181651,51200,5,16,8,13,18
run_20260811_normal_02,normal,1415,100195,1024,3072,19,212599,768000,5,10,8,19,11
run_20260811_normal_02,normal,1416,100259,1280,4096,28,218744,358400,10,23,16,12,15
run_20260811_normal_02,normal,1417,100323,1280,4096,31,188751,153600,8,23,18,17,16
run_20260811_normal_02,normal,1418,100387,1024,3072,23,160735,256000,5,13,20,12,11
run_20260811_normal_02,normal,1419,100451,1024,2816,22,157963,307200,8,17,16,10,10
run_20260811_normal_02,normal,1420,100515,1280,3328,26,172355,153600,5,13,13,9,17
run_20260811_normal_02,normal,1421,100579,1024,3328,23,192825,256000,8,18,20,15,13
run_20260811_normal_02,normal,1422,100643,1024,2048,16,154740,512000,5,9,17,15,11
run_20260811_normal_02,normal,1423,100707,1024,2816,17,154984,51200,5,13,15,12,14
run_20260811_normal_02,normal,1424,100771,1024,2560,20,147587,153600,10,28,9,11,17
run_20260811_normal_02,normal,1425,100835,1024,2560,17,148891,665600,9,8,14,23,14
run_20260811_normal_02,normal,1426,100899,1024,2560,17,172482,204800,5,14,11,18,10
run_20260811_normal_02,normal,1427,100963,1024,3072,21,174288,1126400,8,11,15,17,18
run_20260811_normal_02,normal,1428,101027,1024,2816,17,189526,512000,5,10,16,14,9
run_20260811_normal_02,normal,1429,101091,1024,4352,23,259886,512000,10,22,26,13,10
run_20260811_normal_02,normal,1430,101155,1280,4096,25,209141,153600,5,13,14,13,15
run_20260811_normal_02,normal,1431,101219,1024,2816,22,160027,256000,5,14,13,17,10
run_20260811_normal_02,normal,1432,101283,1280,3584,32,157313,153600,5,17,17,14,13
run_20260811_normal_02,normal,1433,101347,1280,3584,30,174667,460800,5,9,16,26,14
run_20260811_normal_02,normal,1434,101411,1024,2816,19,176121,153600,5,14,14,14,8
run_20260811_normal_02,normal,1435,101475,1024,2816,17,171835,256000,5,14,15,16,16
run_20260811_normal_02,normal,1436,101539,1024,3328,19,211119,358400,5,9,13,8,10
run_20260811_normal_02,normal,1437,101603,1024,3584,21,220722,972800,8,12,14,9,16
run_20260811_normal_02,normal,1438,101667,1024,3328,19,192503,256000,5,13,12,17,14
run_20260811_normal_02,normal,1439,101731,1024,3072,16,220866,358400,5,8,13,9,13
run_20260811_normal_02,normal,1440,101795,1024,2816,16,194666,153600,5,15,14,13,9
run_20260811_normal_02,normal,1441,101859,1280,4352,26,232758,768000,8,21,16,23,14
run_20260811_normal_02,normal,1442,101923,1280,4096,27,201246,51200,5,18,10,12,10
run_20260811_normal_02,normal,1443,101987,1024,2560,20,159359,1024000,8,15,17,12,21
run_20260811_normal_02,normal,1444,102051,1024,2816,21,180910,256000,5,12,17,17,10
run_20260811_normal_02,normal,1445,102115,1024,2816,21,186907,204800,5,14,12,21,11
run_20260811_normal_02,normal,1446,102179,1280,3328,25,165163,51200,8,22,12,10,14
run_20260811_normal_02,normal,1447,102243,1280,3328,29,166220,460800,10,23,24,11,13
run_20260811_normal_02,normal,1448,102307,1024,3328,21,201035,102400,5,18,11,16,17
run_20260811_normal_02,normal,1449,102371,1024,2816,18,176023,153600,8,17,7,10,13
run_20260811_normal_02,normal,1450,102435,1792,6656,51,394872,102400,13,28,11,14,10
run_20260811_normal_02,normal,1451,102499,1792,6656,52,383510,409600,10,27,24,23,23
run_20260811_normal_02,normal,1452,102563,1024,3840,24,201766,358400,8,13,23,18,17
run_20260811_normal_02,normal,1453,102627,1024,3328,19,197179,819200,5,9,11,18,17
run_20260811_normal_02,normal,1454,102691,1024,3072,20,194409,307200,8,16,5,17,9
run_20260811_normal_02,normal,1455,102755,1024,2816,19,171149,512000,4,8,12,11,11
run_20260811_normal_02,normal,1456,102819,1024,2816,18,168511,512000,8,11,24,11,11
run_20260811_normal_02,normal,1457,102883,1280,3328,26,184982,51200,8,16,21,18,16
run_20260811_normal_02,normal,1458,102947,1280,3328,26,182403,51200,5,19,10,10,11
run_20260811_normal_02,normal,1459,103011,1024,4096,24,244544,358400,8,24,18,20,12
run_20260811_normal_02,normal,1460,103075,1280,4096,30,182926,51200,5,23,14,14,11
run_20260811_normal_02,normal,1461,103139,1280,3328,30,142413,1280000,8,19,11,21,19
run_20260811_normal_02,normal,1462,103203,2560,22528,101,3008316,51200,8,30,23,13,17
run_20260811_normal_02,normal,1463,103267,8448,39424,1123,836230,716800,85,63,211,368,88
run_20260811_normal_02,normal,1464,103331,8192,39424,1047,934086,512000,10,14,22,28,39
run_20260811_normal_02,normal,1465,103395,1024,3840,24,186046,153600,5,14,20,9,15
run_20260811_normal_02,normal,1466,103459,1024,4096,21,228537,102400,8,27,9,9,16
run_20260811_normal_02,normal,1467,103523,1024,3072,16,195434,358400,5,8,13,11,15
run_20260811_normal_02,normal,1468,103587,1024,2816,18,201150,51200,5,17,11,15,10
run_20260811_normal_02,normal,1469,103651,1024,2816,22,166895,153600,8,19,19,8,10
run_20260811_normal_02,normal,1470,103715,1280,3584,29,172843,256000,10,23,13,12,16
run_20260811_normal_02,normal,1471,103779,1280,3840,33,167820,870400,10,18,17,28,13
run_20260811_normal_02,normal,1472,103843,1280,3328,28,173922,102400,8,24,17,13,10
run_20260811_normal_02,normal,1473,103907,1024,3072,22,166177,460800,5,11,15,15,12
run_20260811_normal_02,normal,1474,103971,1024,2816,20,159155,358400,5,13,20,15,11
run_20260811_normal_02,normal,1475,104035,1024,2816,17,162054,204800,5,13,8,10,13
run_20260811_normal_02,normal,1476,104099,1024,3328,24,185835,51200,5,21,15,15,11
run_20260811_normal_02,normal,1477,104163,1024,3072,21,186839,153600,5,14,6,9,13
run_20260811_normal_02,normal,1478,104227,1024,2816,17,187136,358400,5,11,13,10,8
run_20260811_normal_02,normal,1479,104291,1280,4864,29,255382,102400,5,18,17,15,19
run_20260811_normal_02,normal,1480,104355,1280,4608,27,236653,512000,10,12,25,13,16
run_20260811_normal_02,normal,1481,104419,1024,3072,22,171948,665600,5,10,11,13,11
run_20260811_normal_02,normal,1482,104483,1280,3072,28,142729,665600,8,14,17,18,19
run_20260811_normal_02,normal,1483,104547,1280,3328,28,158448,51200,5,22,10,11,14
run_20260811_normal_02,normal,1484,104611,1024,3072,21,188764,256000,10,22,15,13,9
run_20260811_normal_02,normal,1485,104675,1024,4608,22,310931,716800,5,14,14,13,12
run_20260811_normal_02,normal,1486,104739,1024,4608,19,357510,153600,8,16,13,10,15
run_20260811_normal_02,normal,1487,104803,1024,3328,18,212677,153600,5,14,16,14,7
run_20260811_normal_02,normal,1488,104867,1024,3328,21,201600,563200,5,12,14,11,15
run_20260811_normal_02,normal,1489,104931,1024,2816,20,166047,307200,8,23,18,13,12
run_20260811_normal_02,normal,1490,104995,1024,2816,20,186061,204800,5,14,13,14,16
run_20260811_normal_02,normal,1491,105059,1024,2816,19,196208,665600,5,11,11,17,12
run_20260811_normal_02,normal,1492,105123,1024,3072,20,183308,256000,5,18,12,11,15
run_20260811_normal_02,normal,1493,105187,1280,3584,27,192349,102400,5,12,23,18,15
run_20260811_normal_02,normal,1494,105251,1280,3072,25,170793,972800,5,12,10,9,16
run_20260811_normal_02,normal,1495,105315,1024,2560,17,144840,307200,5,16,13,13,15
run_20260811_normal_02,normal,1496,105379,1280,4096,25,210024,204800,5,19,19,13,15
run_20260811_normal_02,normal,1497,105443,1280,4096,29,221475,665600,8,10,13,17,13
run_20260811_normal_02,normal,1498,105507,1024,3584,23,173242,51200,5,17,15,9,14
run_20260811_normal_02,normal,1499,105571,1024,2816,20,163251,51200,5,26,10,11,12
run_20260811_normal_02,normal,1500,105635,1024,3072,21,182633,51200,5,20,11,20,12
run_20260811_normal_02,normal,1501,105699,768,3072,15,213534,460800,5,11,14,15,11
run_20260811_normal_02,normal,1502,105763,1024,3328,20,218131,358400,5,7,13,15,16
run_20260811_normal_02,normal,1503,105827,1280,3328,26,179748,51200,5,17,11,18,14
run_20260811_normal_02,normal,1504,105891,1024,2816,24,154277,153600,5,21,18,11,11
run_20260811_normal_02,normal,1505,105955,1024,2816,20,168738,460800,5,10,17,14,10
run_20260811_normal_02,normal,1506,106019,1024,2816,16,199084,768000,5,14,12,16,10
run_20260811_normal_02,normal,1507,106083,1024,2816,21,165278,460800,5,10,15,16,12
run_20260811_normal_02,normal,1508,106147,1024,3328,23,167574,102400,5,17,16,13,13
run_20260811_normal_02,normal,1509,106211,1024,3328,21,184852,256000,5,15,12,17,13
run_20260811_normal_02,normal,1510,106275,1280,3328,25,165791,256000,10,28,16,18,11
run_20260811_normal_02,normal,1511,106339,1024,3072,22,162892,460800,8,16,27,13,11
run_20260811_normal_02,normal,1512,106403,1024,3840,20,237908,358400,5,10,22,17,13
run_20260811_normal_02,normal,1513,106467,1024,3840,21,220739,460800,10,12,25,11,9
run_20260811_normal_02,normal,1514,106531,1024,3328,24,179693,307200,8,22,13,15,11
run_20260811_normal_02,normal,1515,106595,1280,3328,26,177385,563200,5,11,13,17,16
run_20260811_normal_02,normal,1516,106659,1024,3072,16,206272,460800,5,10,18,9,13
run_20260811_normal_02,normal,1517,106723,1024,3584,18,248434,1177600,5,12,11,8,18
run_20260811_normal_02,normal,1518,106787,1024,3584,19,260590,716800,5,11,8,20,17
run_20260811_normal_02,normal,1519,106851,1024,3072,18,225041,153600,5,15,9,13,14
run_20260811_normal_02,normal,1520,106915,1280,3840,26,206244,153600,5,14,14,15,16
run_20260811_normal_02,normal,1521,106979,1024,3584,22,214904,204800,5,17,14,9,11
run_20260811_normal_02,normal,1522,107043,1024,3328,17,197491,358400,5,11,14,20,13
run_20260811_normal_02,normal,1523,107107,1024,3328,24,185207,51200,5,15,10,17,9
run_20260811_normal_02,normal,1524,107171,1024,3072,22,176283,409600,5,12,23,13,9
run_20260811_normal_02,normal,1525,107235,1024,2560,18,182363,358400,5,10,17,10,11
run_20260811_normal_02,normal,1526,107299,1024,2560,23,153589,665600,5,9,12,18,13
run_20260811_normal_02,normal,1527,107363,1280,3584,26,166640,153600,5,20,12,8,16
run_20260811_normal_02,normal,1528,107427,1024,3584,24,192186,358400,8,17,16,13,12
run_20260811_normal_02,normal,1529,107491,1280,2816,25,150973,307200,8,27,16,17,10
run_20260811_normal_02,normal,1530,107555,1280,3584,28,174613,51200,10,25,14,17,19
run_20260811_normal_02,normal,1531,107619,1024,3328,21,217204,204800,5,17,10,11,10
run_20260811_normal_02,normal,1532,107683,768,2560,14,167371,512000,5,10,12,15,18
run_20260811_normal_02,normal,1533,107747,768,3072,15,189500,512000,5,9,14,15,11
run_20260811_normal_02,normal,1534,107811,1024,3328,20,194597,358400,5,12,24,10,10
run_20260811_normal_02,normal,1535,107875,1280,3840,26,200684,153600,5,21,16,17,11
run_20260811_normal_02,normal,1536,107939,1280,3584,26,178297,614400,8,14,19,12,10
run_20260811_normal_02,normal,1537,108003,1280,3584,25,179805,716800,5,11,12,16,14
run_20260811_normal_02,normal,1538,108067,1280,3072,27,159528,51200,5,20,12,11,15
run_20260811_normal_02,normal,1539,108131,1280,3328,26,157772,102400,8,21,20,12,18
run_20260811_normal_02,normal,1540,108195,1024,2816,24,155174,153600,8,29,10,12,14
run_20260811_normal_02,normal,1541,108259,1024,2560,18,168010,307200,8,21,14,17,8
run_20260811_normal_02,normal,1542,108323,1024,3072,20,175400,51200,5,13,7,13,12
run_20260811_normal_02,normal,1543,108387,1280,2816,27,155747,460800,8,23,23,11,14
run_20260811_normal_02,normal,1544,108451,1280,3072,25,162040,307200,5,12,15,11,15
run_20260811_normal_02,normal,1545,108515,1024,2560,23,136537,102400,5,20,9,11,16
run_20260811_normal_02,normal,1546,108579,1024,2560,18,167746,665600,5,9,10,16,10
run_20260811_normal_02,normal,1547,108643,1024,3072,18,162025,358400,5,11,16,18,11
run_20260811_normal_02,normal,1548,108707,1024,3328,19,191661,256000,5,16,7,17,10
run_20260811_normal_02,normal,1549,108771,1024,2816,24,174290,512000,10,12,31,21,10
run_20260811_normal_02,normal,1550,108835,1280,3840,31,178340,204800,5,15,15,19,11
run_20260811_normal_02,normal,1551,108899,1280,3840,27,197602,460800,10,13,32,15,11
run_20260811_normal_02,normal,1552,108963,1024,3072,20,182458,665600,5,9,10,17,16
run_20260811_normal_02,normal,1553,109027,1024,3072,17,193298,153600,5,20,14,10,14
run_20260811_normal_02,normal,1554,109091,1024,3072,18,193235,256000,5,15,15,8,15
run_20260811_normal_02,normal,1555,109155,1280,3584,27,195541,102400,5,18,14,20,26
run_20260811_normal_02,normal,1556,109219,1280,3584,29,185072,51200,5,18,19,16,13
run_20260811_normal_02,normal,1557,109283,1024,3328,24,186638,153600,8,17,13,25,14
run_20260811_normal_02,normal,1558,109347,1280,3328,27,182263,256000,8,17,11,17,12
run_20260811_normal_02,normal,1559,109411,1024,3328,24,176547,102400,5,24,21,14,15
run_20260811_normal_02,normal,1560,109475,1024,3840,22,233102,256000,5,15,8,13,10
run_20260811_normal_02,normal,1561,109539,1280,3840,34,182071,51200,5,17,15,11,14
run_20260811_normal_02,normal,1562,109603,1280,3584,35,150252,665600,10,17,28,32,11
run_20260811_normal_02,normal,1563,109667,1024,3328,23,197764,358400,5,10,14,17,13
run_20260811_normal_02,normal,1564,109731,1024,3072,19,188051,153600,5,17,9,13,17
run_20260811_normal_02,normal,1565,109795,1024,3328,17,191727,51200,5,20,8,16,16
run_20260811_normal_02,normal,1566,109859,768,4096,15,351829,307200,5,15,10,6,7
run_20260811_normal_02,normal,1567,109923,1024,3584,19,208304,204800,5,17,18,12,12
run_20260811_normal_02,normal,1568,109987,1280,3328,28,164294,51200,8,19,21,18,17
run_20260811_normal_02,normal,1569,110051,1280,3584,29,212680,256000,5,16,15,12,17
run_20260811_normal_02,normal,1570,110115,1024,3584,23,216438,307200,5,15,17,15,14
run_20260811_normal_02,normal,1571,110179,1280,4352,27,210871,153600,5,17,9,20,14
run_20260811_normal_02,normal,1572,110243,1024,4352,24,236923,870400,10,9,10,28,20
run_20260811_normal_02,normal,1573,110307,1024,3328,17,233121,51200,2,10,9,9,11
run_20260811_normal_02,normal,1574,110371,1024,3584,22,207779,102400,5,17,14,14,20
run_20260811_normal_02,normal,1575,110435,1024,3840,19,225293,358400,5,11,14,18,13
run_20260811_normal_02,normal,1576,110499,1024,2560,16,149481,460800,5,11,16,13,10
run_20260811_normal_02,normal,1577,110563,1024,2816,20,147204,256000,5,18,11,11,20
run_20260811_normal_02,normal,1578,110627,1024,2816,18,175356,665600,8,11,10,24,13
run_20260811_normal_02,normal,1579,110691,1024,3072,21,180383,51200,5,19,9,16,11
run_20260811_normal_02,normal,1580,110755,1024,3072,20,174046,204800,5,13,8,9,32
run_20260811_normal_02,normal,1581,110819,1024,2816,19,154797,51200,5,14,15,20,12
run_20260811_normal_02,normal,1582,110883,1280,5120,25,282092,102400,5,18,11,18,13
run_20260811_normal_02,normal,1583,110947,1280,5120,31,291666,358400,8,9,15,14,16
run_20260811_normal_02,normal,1584,111011,1280,4864,27,256347,972800,10,14,19,20,19
run_20260811_normal_02,normal,1585,111075,1024,3072,24,153618,512000,5,11,15,17,24
run_20260811_normal_02,normal,1586,111139,1024,2816,24,154089,358400,8,14,20,11,15
run_20260811_normal_02,normal,1587,111203,1280,2816,25,168407,102400,8,27,12,12,11
run_20260811_normal_02,normal,1588,111267,1024,2816,21,182919,870400,8,17,12,21,16
run_20260811_normal_02,normal,1589,111331,1024,2816,20,169167,409600,5,11,18,10,15
run_20260811_normal_02,normal,1590,111395,1024,3072,21,169587,512000,8,12,20,13,8
run_20260811_normal_02,normal,1591,111459,1024,3072,17,191495,358400,5,11,14,11,17
run_20260811_normal_02,normal,1592,111523,1024,3328,18,207373,204800,5,14,16,17,11
run_20260811_normal_02,normal,1593,111587,1024,3328,24,203352,153600,8,24,14,9,11
run_20260811_normal_02,normal,1594,111651,1024,3328,19,219130,153600,8,30,11,18,13
run_20260811_normal_02,normal,1595,111715,1024,3072,18,177623,358400,8,18,14,9,16
run_20260811_normal_02,normal,1596,111779,1024,4096,24,205724,153600,5,17,17,12,10
run_20260811_normal_02,normal,1597,111843,1024,3840,23,204622,51200,5,17,14,9,20
run_20260811_normal_02,normal,1598,111907,1024,3328,20,180607,460800,5,9,19,10,11
run_20260811_normal_02,normal,1599,111971,1280,4352,28,221519,921600,10,21,14,26,12
run_20260811_normal_02,normal,1600,112035,1024,4096,23,232468,512000,5,11,17,11,17
run_20260811_normal_02,normal,1601,112099,1024,2816,19,185504,51200,5,20,10,14,16
run_20260811_normal_02,normal,1602,112163,1024,2816,22,173447,51200,5,15,12,13,11
run_20260811_normal_02,normal,1603,112227,1024,3584,23,191415,204800,5,15,20,12,13
run_20260811_normal_02,normal,1604,112291,1024,3584,19,211826,51200,2,11,12,12,13
run_20260811_normal_02,normal,1605,112355,768,2560,15,161252,307200,8,16,10,10,11
run_20260811_normal_02,normal,1606,112419,1280,4096,26,220727,153600,8,20,18,24,16
run_20260811_normal_02,normal,1607,112483,1280,4096,30,204823,102400,5,17,14,18,16
run_20260811_normal_02,normal,1608,112547,1024,3328,20,180950,204800,5,14,10,8,11
run_20260811_normal_02,normal,1609,112611,1024,2560,16,159996,307200,8,21,11,15,16
run_20260811_normal_02,normal,1610,112675,1024,2816,19,169056,460800,10,14,27,11,11
run_20260811_normal_02,normal,1611,112739,1280,2816,26,152760,102400,5,17,11,21,11
run_20260811_normal_02,normal,1612,112803,1280,4096,29,188955,153600,5,13,12,15,16
run_20260811_normal_02,normal,1613,112867,1024,3840,18,225241,153600,5,18,11,15,10
run_20260811_normal_02,normal,1614,112931,1024,3072,21,191402,460800,5,11,16,15,16
run_20260811_normal_02,normal,1615,112995,1280,3328,26,168591,102400,8,27,19,10,8
run_20260811_normal_02,normal,1616,113059,1024,3584,20,222619,51200,5,18,14,12,8
run_20260811_normal_02,normal,1617,113123,1024,3840,24,220943,204800,5,17,18,20,12
run_20260811_normal_02,normal,1618,113187,1024,3072,23,170994,307200,8,16,17,12,12
run_20260811_normal_02,normal,1619,113251,1024,3584,20,233523,102400,5,17,14,13,10
run_20260811_normal_02,normal,1620,113315,1024,3584,19,245778,307200,8,20,12,9,11
run_20260811_normal_02,normal,1621,113379,1024,2560,20,146677,51200,5,20,13,15,18
run_20260811_normal_02,normal,1622,113443,1024,4608,23,290676,358400,8,18,16,12,15
run_20260811_normal_02,normal,1623,113507,1024,4352,17,378869,460800,5,10,14,10,19
run_20260811_normal_02,normal,1624,113571,1024,2816,22,159148,102400,5,14,13,17,18
run_20260811_normal_02,normal,1625,113635,1280,4352,27,213567,51200,5,21,19,13,13
run_20260811_normal_02,normal,1626,113699,1280,4352,27,215527,153600,10,29,10,9,10
run_20260811_normal_02,normal,1627,113763,1280,3584,27,177826,256000,5,13,15,22,16
run_20260811_normal_02,normal,1628,113827,1024,3584,23,189262,256000,5,17,11,17,13
run_20260811_normal_02,normal,1629,113891,1024,3072,21,156423,153600,8,24,14,10,10
run_20260811_normal_02,normal,1630,113955,1024,3328,22,190698,512000,5,11,16,11,11
run_20260811_normal_02,normal,1631,114019,1280,3584,25,221974,153600,8,20,22,13,13
run_20260811_normal_02,normal,1632,114083,1024,3328,22,194355,512000,10,12,28,8,14
run_20260811_normal_02,normal,1633,114147,1280,4352,26,268898,153600,8,18,11,17,10
run_20260811_normal_02,normal,1634,114211,1280,4352,33,216280,204800,5,17,17,17,12
run_20260811_normal_02,normal,1635,114275,1280,3072,26,170032,870400,8,14,10,18,20
run_20260811_normal_02,normal,1636,114339,1024,3072,22,187980,153600,5,20,15,8,11
run_20260811_normal_02,normal,1637,114403,1024,3328,21,197566,51200,8,21,17,16,13
run_20260811_normal_02,normal,1638,114467,1280,3584,26,197589,51200,5,15,18,7,16
run_20260811_normal_02,normal,1639,114531,1280,3584,29,194159,563200,10,17,30,12,15
run_20260811_normal_02,normal,1640,114595,1024,3584,24,210559,51200,8,23,15,9,7
run_20260811_normal_02,normal,1641,114659,1280,3584,30,184801,51200,5,21,15,10,10
run_20260811_normal_02,normal,1642,114723,1280,3584,31,182106,153600,8,21,26,13,9
run_20260811_normal_02,normal,1643,114787,1024,3584,24,216818,51200,5,14,17,13,13
run_20260811_normal_02,normal,1644,114851,1280,4096,28,218400,153600,8,21,12,11,9
run_20260811_normal_02,normal,1645,114915,1280,4352,31,189646,153600,9,32,14,17,9
run_20260811_normal_02,normal,1646,114979,1024,3328,24,175709,51200,5,14,13,17,10
run_20260811_normal_02,normal,1647,115043,1024,2560,17,151914,307200,8,22,12,11,9
run_20260811_normal_02,normal,1648,115107,1024,2560,16,181729,51200,5,16,11,13,11
run_20260811_normal_02,normal,1649,115171,1024,2560,17,184219,307200,5,14,12,17,13
run_20260811_normal_02,normal,1650,115235,1024,2560,19,175685,358400,5,10,14,9,12
run_20260811_normal_02,normal,1651,115299,1024,2816,16,168737,256000,5,17,13,20,13
run_20260811_normal_02,normal,1652,115363,1024,3328,19,206858,921600,8,15,15,20,11
run_20260811_normal_02,normal,1653,115427,1280,3840,25,214098,256000,5,15,12,14,9
run_20260811_normal_02,normal,1654,115491,1280,3584,26,198476,870400,8,15,10,27,17
run_20260811_normal_02,normal,1655,115555,1280,3584,26,211968,358400,8,15,18,12,12
run_20260811_normal_02,normal,1656,115619,1024,3584,21,231743,204800,5,19,16,19,20
run_20260811_normal_02,normal,1657,115683,1024,3584,22,202310,1280000,8,9,14,14,21
run_20260811_normal_02,normal,1658,115747,1024,2816,21,179138,153600,8,24,16,14,20
run_20260811_normal_02,normal,1659,115811,1024,3328,24,169502,563200,5,10,16,23,13
run_20260811_normal_02,normal,1660,115875,1280,3584,28,196478,460800,10,15,26,17,11
run_20260811_normal_02,normal,1661,115939,1280,3584,31,177055,972800,8,13,20,13,22
run_20260811_normal_02,normal,1662,116003,1280,3328,25,164733,256000,8,17,18,13,15
run_20260811_normal_02,normal,1663,116067,1024,2560,21,155822,307200,5,13,15,18,17
run_20260811_normal_02,normal,1664,116131,1280,3840,27,164946,153600,8,21,12,11,9
run_20260811_normal_02,normal,1665,116195,1280,3840,26,190030,358400,8,20,20,10,11
run_20260811_normal_02,normal,1666,116259,1024,3328,22,189220,153600,8,17,11,17,12
run_20260811_normal_02,normal,1667,116323,1024,3072,18,194896,153600,8,18,14,12,9
run_20260811_normal_02,normal,1668,116387,768,3072,15,184049,665600,10,10,17,17,11
run_20260811_normal_02,normal,1669,116451,1024,3328,21,193423,768000,5,13,13,15,8
run_20260811_normal_02,normal,1670,116515,1280,3328,26,161357,307200,5,14,18,13,12
run_20260811_normal_02,normal,1671,116579,1024,3072,24,152578,204800,8,27,15,12,11
run_20260811_normal_02,normal,1672,116643,1280,4352,29,207475,307200,8,21,16,14,13
run_20260811_normal_02,normal,1673,116707,1280,4608,34,260871,563200,8,12,24,10,17
run_20260811_normal_02,normal,1674,116771,1280,4608,32,244698,153600,5,20,16,13,14
run_20260811_normal_02,normal,1675,116835,1280,4096,25,228235,716800,8,21,18,17,9
run_20260811_normal_02,normal,1676,116899,1024,3328,20,190084,972800,10,14,9,8,20
run_20260811_normal_02,normal,1677,116963,1024,3328,21,186716,716800,5,12,11,11,17
run_20260811_normal_02,normal,1678,117027,1280,3840,29,188765,358400,8,19,19,11,14
run_20260811_normal_02,normal,1679,117091,1280,3840,31,194187,153600,5,23,15,10,14
run_20260811_normal_02,normal,1680,117155,1280,3328,26,191761,512000,8,20,19,11,14
run_20260811_normal_02,normal,1681,117219,1024,2816,22,179101,51200,5,15,18,13,19
run_20260811_normal_02,normal,1682,117283,1280,4096,26,206374,51200,5,14,16,19,12
run_20260811_normal_02,normal,1683,117347,1280,4096,29,218461,563200,10,15,25,16,13
run_20260811_normal_02,normal,1684,117411,1024,3584,22,192999,358400,5,9,16,12,11
run_20260811_normal_02,normal,1685,117475,1024,2816,18,172890,153600,8,22,12,12,19
run_20260811_normal_02,normal,1686,117539,1024,3072,22,176443,512000,10,19,25,9,10
run_20260811_normal_02,normal,1687,117603,1024,3072,23,149482,256000,8,20,22,18,10
run_20260811_normal_02,normal,1688,117667,1024,2816,21,161087,153600,5,13,12,19,12
run_20260811_normal_02,normal,1689,117731,1024,2560,18,148030,563200,5,9,14,10,13
run_20260811_normal_02,normal,1690,117795,1024,3328,22,190017,153600,8,23,9,17,11
run_20260811_normal_02,normal,1691,117859,1280,3584,26,207613,153600,5,17,15,13,14
run_20260811_normal_02,normal,1692,117923,1024,2816,20,182872,51200,5,19,12,15,10
run_20260811_normal_02,normal,1693,117987,1024,3072,18,173508,768000,5,10,10,16,15
run_20260811_normal_02,normal,1694,118051,1024,3328,21,210429,665600,5,16,8,14,9
run_20260811_normal_02,normal,1695,118115,1024,3328,19,206564,51200,5,15,17,11,11
run_20260811_normal_02,normal,1696,118179,1024,3328,18,229538,307200,8,16,12,20,7
run_20260811_normal_02,normal,1697,118243,1024,3072,18,214090,307200,5,14,16,12,14
run_20260811_normal_02,normal,1698,118307,1024,3072,17,239360,358400,5,8,13,10,7
run_20260811_normal_02,normal,1699,118371,1024,2816,20,186463,256000,5,17,21,20,13
run_20260811_normal_02,normal,1700,118435,1024,3328,23,167243,51200,5,13,10,14,16
run_20260811_normal_02,normal,1701,118499,1280,4608,26,267454,870400,4,12,10,12,10
run_20260811_normal_02,normal,1702,118563,1280,4608,28,234465,256000,5,19,9,17,14
run_20260811_normal_02,normal,1703,118627,1024,3072,19,187117,256000,5,15,23,14,10
run_20260811_normal_02,normal,1704,118691,768,2048,10,185779,1280000,4,10,11,9,13
run_20260811_normal_02,normal,1705,118755,768,3072,15,187294,256000,5,14,14,17,13
run_20260811_normal_02,normal,1706,118819,1024,3072,17,173098,51200,5,14,19,11,10
run_20260811_normal_02,normal,1707,118883,1024,2816,18,166673,870400,5,12,12,14,22
run_20260811_normal_02,normal,1708,118947,1024,2816,18,164257,460800,8,14,23,9,11
run_20260811_normal_02,normal,1709,119011,1024,4096,24,229302,512000,8,12,21,14,17
run_20260811_normal_02,normal,1710,119075,1280,4096,29,204566,358400,5,9,18,14,16
run_20260811_normal_02,normal,1711,119139,1024,3328,24,172492,307200,8,20,21,13,8
run_20260811_normal_02,normal,1712,119203,1024,3072,18,182555,460800,5,9,13,12,17
run_20260811_normal_02,normal,1713,119267,1024,3840,23,218984,307200,8,17,24,15,11
run_20260811_normal_02,normal,1714,119331,1280,3840,28,179529,460800,8,17,19,13,15
run_20260811_normal_02,normal,1715,119395,1024,3328,21,176802,153600,5,18,14,10,9
run_20260811_normal_02,normal,1716,119459,1024,2816,17,174393,307200,8,15,16,10,18
run_20260811_normal_02,normal,1717,119523,1024,3328,18,214466,153600,8,24,9,11,14
run_20260811_normal_02,normal,1718,119587,1280,6400,32,448590,563200,5,11,13,14,13
run_20260811_normal_02,normal,1719,119651,1280,6400,35,398446,563200,10,25,38,16,15
run_20260811_normal_02,normal,1720,119715,1280,3328,25,151784,1126400,8,18,15,17,16
run_20260811_normal_02,normal,1721,119779,1280,4096,30,175882,102400,5,16,20,15,18
run_20260811_normal_02,normal,1722,119843,1280,4096,32,179217,358400,8,10,19,16,10
run_20260811_normal_02,normal,1723,119907,1280,3840,25,227334,409600,8,10,18,15,18
run_20260811_normal_02,normal,1724,119971,1024,3584,20,219915,358400,5,12,20,10,13
run_20260811_normal_02,normal,1725,120035,1024,4352,22,242172,768000,4,9,10,14,10
run_20260811_normal_02,normal,1726,120099,1280,4608,25,225265,665600,10,12,11,21,15
run_20260811_normal_02,normal,1727,120163,1280,4352,27,217915,716800,8,19,13,19,12
run_20260811_normal_02,normal,1728,120227,1280,3840,28,184415,153600,8,22,10,13,21
run_20260811_normal_02,normal,1729,120291,1280,3584,25,190924,51200,5,17,20,17,7
run_20260811_normal_02,normal,1730,120355,1280,3584,26,205265,51200,5,14,14,17,18
run_20260811_normal_02,normal,1731,120419,1280,3328,27,184599,256000,5,13,19,16,14
run_20260811_normal_02,normal,1732,120483,1024,2816,20,152795,256000,5,17,8,13,9
run_20260811_normal_02,normal,1733,120547,1024,2560,17,163240,256000,5,15,18,12,8
run_20260811_normal_02,normal,1734,120611,1024,2816,19,166224,153600,5,14,9,16,15
run_20260811_normal_02,normal,1735,120675,1024,3328,24,182548,460800,8,14,15,14,10
run_20260811_normal_02,normal,1736,120739,1024,3072,23,183692,51200,5,24,14,12,13
run_20260811_normal_02,normal,1737,120803,1024,3584,20,187419,358400,10,11,22,14,11
run_20260811_normal_02,normal,1738,120867,1280,4352,25,228310,307200,5,13,9,10,11
run_20260811_normal_02,normal,1739,120931,1024,3840,23,239581,102400,5,21,12,10,13
run_20260811_normal_02,normal,1740,120995,1024,3584,23,207692,51200,5,17,9,14,11
run_20260811_normal_02,normal,1741,121059,1024,3328,22,195256,460800,5,9,17,21,11
run_20260811_normal_02,normal,1742,121123,1280,4096,29,191148,256000,10,30,12,12,18
run_20260811_normal_02,normal,1743,121187,1280,4096,31,176695,51200,5,18,7,27,17
run_20260811_normal_02,normal,1744,121251,1280,4352,31,192084,307200,8,20,11,11,19
run_20260811_normal_02,normal,1745,121315,1280,4352,26,211735,870400,10,17,10,20,13
run_20260811_normal_02,normal,1746,121379,1024,3840,21,220916,358400,5,8,21,19,16
run_20260811_normal_02,normal,1747,121443,1280,3584,31,168815,972800,8,18,14,13,16
run_20260811_normal_02,normal,1748,121507,1280,3584,31,160462,512000,8,15,19,16,12
run_20260811_normal_02,normal,1749,121571,1024,2816,18,188794,409600,5,9,21,11,11
run_20260811_normal_02,normal,1750,121635,1024,4352,24,260626,51200,8,29,11,16,12
run_20260811_normal_02,normal,1751,121699,1024,4608,24,273043,51200,5,14,9,10,11
run_20260811_normal_02,normal,1752,121763,1024,3328,21,214159,358400,5,13,20,14,20
run_20260811_normal_02,normal,1753,121827,1280,3328,26,178632,102400,5,21,14,13,9
run_20260811_normal_02,normal,1754,121891,1280,3072,29,153599,563200,8,23,26,16,13
run_20260811_normal_02,normal,1755,121955,1280,3072,29,160431,153600,8,19,18,16,14
run_20260811_normal_02,normal,1756,122019,1280,3328,27,171748,102400,5,18,10,15,9
run_20260811_normal_02,normal,1757,122083,1024,3072,22,193399,153600,5,14,7,20,13
run_20260811_normal_02,normal,1758,122147,1024,2560,17,152721,153600,8,23,12,9,8
run_20260811_normal_02,normal,1759,122211,1024,3840,20,234931,358400,8,14,23,8,10
run_20260811_normal_02,normal,1760,122275,1024,3584,21,227822,460800,5,11,13,11,12
run_20260811_normal_02,normal,1761,122339,1280,3328,25,194613,102400,5,26,12,18,10
run_20260811_normal_02,normal,1762,122403,1280,3328,26,179032,665600,5,10,11,23,12
run_20260811_normal_02,normal,1763,122467,1024,3328,21,195998,51200,5,14,14,20,12
run_20260811_normal_02,normal,1764,122531,1024,3328,24,169840,51200,5,21,18,10,13
run_20260811_normal_02,normal,1765,122595,1280,3328,27,157030,307200,8,22,17,11,13
run_20260811_normal_02,normal,1766,122659,1280,2816,26,149907,512000,5,11,17,14,16
run_20260811_normal_02,normal,1767,122723,1280,3072,25,164883,307200,5,15,17,12,10
run_20260811_normal_02,normal,1768,122787,1024,3072,21,185830,358400,8,17,21,12,11
run_20260811_normal_02,normal,1769,122851,1024,3072,22,164560,307200,5,15,17,13,16
run_20260811_normal_02,normal,1770,122915,1024,3072,22,181370,51200,5,17,14,12,19
run_20260811_normal_02,normal,1771,122979,1280,3584,26,193864,153600,8,23,12,12,13
run_20260811_normal_02,normal,1772,123043,1280,3584,27,184257,512000,8,19,18,11,14
run_20260811_normal_02,normal,1773,123107,1280,3328,30,160794,153600,5,21,12,17,17
run_20260811_normal_02,normal,1774,123171,1280,3328,29,156514,768000,10,19,12,21,13
run_20260811_normal_02,normal,1775,123235,1024,2816,23,158335,204800,8,22,7,11,11
run_20260811_normal_02,normal,1776,123299,1280,3072,28,132783,563200,8,17,22,14,11
run_20260811_normal_02,normal,1777,123363,1024,2816,23,146336,102400,5,23,13,13,10
run_20260811_normal_02,normal,1778,123427,1024,3072,18,193288,51200,5,17,11,14,15
run_20260811_normal_02,normal,1779,123491,1280,4352,30,216998,204800,5,14,11,13,22
run_20260811_normal_02,normal,1780,123555,1280,4096,30,202631,460800,13,27,21,19,10
run_20260811_normal_02,normal,1781,123619,1280,4352,27,238282,870400,9,17,20,21,19
run_20260811_normal_02,normal,1782,123683,1024,4096,24,234410,102400,5,14,8,7,11
run_20260811_normal_02,normal,1783,123747,1024,2816,16,165683,307200,8,20,13,13,10
run_20260811_normal_02,normal,1784,123811,1024,3328,23,189503,256000,5,13,18,12,11
run_20260811_normal_02,normal,1785,123875,1024,3328,23,192419,358400,8,16,21,17,19
run_20260811_normal_02,normal,1786,123939,1024,2816,20,165711,716800,8,14,10,22,14
run_20260811_normal_02,normal,1787,124003,1024,2816,20,161731,512000,5,11,13,21,14
run_20260811_normal_02,normal,1788,124067,768,2560,14,190360,409600,5,11,15,9,9
run_20260811_normal_02,normal,1789,124131,1024,2816,18,194525,358400,8,13,17,12,23
run_20260811_normal_02,normal,1790,124195,1024,3584,22,200525,153600,8,24,14,18,10
run_20260811_normal_02,normal,1791,124259,1024,3328,18,213432,307200,8,26,12,14,16
run_20260811_normal_02,normal,1792,124323,1024,3072,20,177713,563200,5,10,19,14,8
run_20260811_normal_02,normal,1793,124387,1024,3072,21,157193,358400,8,10,20,19,15
run_20260811_normal_02,normal,1794,124451,1024,2560,22,147725,102400,5,14,12,16,9
run_20260811_normal_02,normal,1795,124515,1280,4864,34,251761,358400,8,14,24,14,10
run_20260811_normal_02,normal,1796,124579,1280,4608,32,248299,614400,5,9,17,19,12
run_20260811_normal_02,normal,1797,124643,1024,3072,19,172552,460800,8,14,26,14,10
run_20260811_normal_02,normal,1798,124707,1024,3840,18,242563,204800,5,13,9,10,17
run_20260811_normal_02,normal,1799,124771,1024,3840,17,270941,768000,9,14,17,18,14
run_20260811_normal_02,normal,1800,124835,1024,3584,19,216393,256000,5,14,14,18,8
run_20260811_normal_02,normal,1801,124899,1024,3584,20,192829,256000,8,17,16,11,12
run_20260811_normal_02,normal,1802,124963,1024,2816,19,146697,102400,5,20,9,10,10
run_20260811_normal_02,normal,1803,125027,1280,3584,26,174622,204800,10,34,18,12,12
run_20260811_normal_02,normal,1804,125091,1280,3328,29,175377,102400,5,19,11,17,12
run_20260811_normal_02,normal,1805,125155,1280,3584,25,221571,102400,5,14,14,12,13
run_20260811_normal_02,normal,1806,125219,1024,3328,23,216712,358400,8,14,18,11,16
run_20260811_normal_02,normal,1807,125283,1024,3072,21,202371,563200,5,9,18,10,13
run_20260811_normal_02,normal,1808,125347,1024,2816,21,147466,102400,5,14,19,14,13
run_20260811_normal_02,normal,1809,125411,1024,3072,21,172628,358400,8,12,16,7,15
run_20260811_normal_02,normal,1810,125475,1024,2816,18,170024,153600,5,17,11,18,11
run_20260811_normal_02,normal,1811,125539,1024,3072,18,164574,460800,8,18,17,15,11
run_20260811_normal_02,normal,1812,125603,1280,3072,25,156839,51200,5,13,19,15,11
run_20260811_normal_02,normal,1813,125667,1280,3072,27,155486,307200,8,18,13,17,8
run_20260811_normal_02,normal,1814,125731,1024,2560,19,160073,768000,10,12,11,25,13
run_20260811_normal_02,normal,1815,125795,1024,3072,22,191927,153600,8,16,13,16,14
run_20260811_normal_02,normal,1816,125859,1024,2816,20,181106,51200,5,19,12,16,14
run_20260811_normal_02,normal,1817,125923,768,2048,12,152636,460800,5,9,12,12,16
run_20260811_normal_02,normal,1818,125987,1024,2816,18,173761,460800,5,12,19,17,11
run_20260811_normal_02,normal,1819,126051,1024,3072,21,180093,102400,5,17,11,10,10
run_20260811_normal_02,normal,1820,126115,1024,3328,19,240202,51200,5,18,12,14,8
run_20260811_normal_02,normal,1821,126179,1024,3328,23,228588,51200,5,17,10,10,12
run_20260811_normal_02,normal,1822,126243,1024,3072,24,163397,102400,5,20,23,19,10
run_20260811_normal_02,normal,1823,126307,1024,2560,17,151011,51200,8,15,10,11,15
run_20260811_normal_02,normal,1824,126371,1024,3328,17,213460,256000,5,15,11,9,11
run_20260811_normal_02,normal,1825,126435,1024,3584,24,182176,921600,10,23,12,20,11
run_20260811_normal_02,normal,1826,126499,1280,3840,27,200623,768000,8,12,14,18,14
run_20260811_normal_02,normal,1827,126563,1280,4096,31,219295,153600,5,19,18,14,13
run_20260811_normal_02,normal,1828,126627,1280,3328,25,195327,460800,5,11,14,17,11
run_20260811_normal_02,normal,1829,126691,1280,4096,26,189029,870400,8,11,16,27,15
run_20260811_normal_02,normal,1830,126755,1024,3840,23,204075,153600,5,14,13,20,16
run_20260811_normal_02,normal,1831,126819,1024,2816,17,181988,460800,5,12,11,15,16
run_20260811_normal_02,normal,1832,126883,1024,2816,23,160827,51200,5,20,11,16,14
run_20260811_normal_02,normal,1833,126947,1024,3072,24,161165,716800,13,10,14,27,10
run_20260811_normal_02,normal,1834,127011,1280,3328,26,162959,563200,5,11,11,11,16
run_20260811_normal_02,normal,1835,127075,1280,3584,31,175058,768000,8,14,15,27,10
run_20260811_normal_02,normal,1836,127139,1024,3840,24,271728,768000,8,12,13,19,10
run_20260811_normal_02,normal,1837,127203,1024,4608,23,269883,153600,5,13,9,14,13
run_20260811_normal_02,normal,1838,127267,1024,4608,24,260091,153600,8,20,19,15,13
run_20260811_normal_02,normal,1839,127331,1024,2816,23,155851,665600,10,21,17,22,11
run_20260811_normal_02,normal,1840,127395,1280,3584,26,164843,153600,5,16,10,13,16
run_20260811_normal_02,normal,1841,127459,1024,3072,21,149812,153600,8,16,18,10,21
run_20260811_normal_02,normal,1842,127523,1024,2560,20,147182,460800,5,12,15,13,15
run_20260811_normal_02,normal,1843,127587,768,2560,14,173589,307200,5,11,12,20,17
run_20260811_normal_02,normal,1844,127651,768,2560,14,170866,256000,5,15,17,10,12
run_20260811_normal_02,normal,1845,127715,1024,4352,24,224466,307200,5,17,11,17,16
run_20260811_normal_02,normal,1846,127779,1280,4352,27,206609,307200,5,15,17,10,15
run_20260811_normal_02,normal,1847,127843,1280,3328,27,163997,153600,5,20,8,10,14
run_20260811_normal_02,normal,1848,127907,1280,3584,32,159014,153600,8,24,19,12,18
run_20260811_normal_02,normal,1849,127971,1280,3584,29,165288,102400,5,13,11,10,16
run_20260811_normal_02,normal,1850,128035,1024,2816,23,158979,358400,10,14,21,12,12
run_20260811_normal_02,normal,1851,128099,1280,3072,26,167998,102400,5,18,10,20,9
run_20260811_normal_02,normal,1852,128163,1024,3072,19,156007,460800,10,13,20,12,9
run_20260811_normal_02,normal,1853,128227,768,2560,14,163975,358400,8,13,22,17,10
run_20260811_normal_02,normal,1854,128291,1024,3072,18,198252,768000,8,10,15,20,12
run_20260811_normal_02,normal,1855,128355,1280,3328,26,185623,307200,8,16,13,14,13
run_20260811_normal_02,normal,1856,128419,1280,3584,28,209323,153600,8,25,18,9,10
run_20260811_normal_02,normal,1857,128483,1024,3072,20,188687,204800,5,18,15,14,10
run_20260811_normal_02,normal,1858,128547,1024,2816,19,172791,512000,10,14,26,13,14
run_20260811_normal_02,normal,1859,128611,1280,3072,25,170483,409600,5,8,19,12,13
run_20260811_normal_02,normal,1860,128675,1280,3328,28,152583,51200,5,24,13,14,12
run_20260811_normal_02,normal,1861,128739,1024,3072,21,178136,358400,8,13,18,9,9
run_20260811_normal_02,normal,1862,128803,1024,2816,19,181196,102400,5,20,9,9,13
run_20260811_normal_02,normal,1863,128867,1280,3072,25,173597,51200,5,15,13,20,12
run_20260811_normal_02,normal,1864,128931,1280,5120,33,225259,614400,5,14,12,20,18
run_20260811_normal_02,normal,1865,128995,1280,5120,32,233878,409600,5,9,23,10,11
run_20260811_normal_02,normal,1866,129059,1024,3072,22,163942,153600,5,12,21,9,20
run_20260811_normal_02,normal,1867,129123,1024,2560,21,168032,563200,8,13,27,14,13
run_20260811_normal_02,normal,1868,129187,1024,3328,20,169771,256000,5,14,15,15,22
run_20260811_normal_02,normal,1869,129251,1024,3584,22,215292,204800,5,17,17,14,12
run_20260811_normal_02,normal,1870,129315,1536,4352,37,227131,153600,8,17,16,11,16
run_20260811_normal_02,normal,1871,129379,1536,4352,37,221039,256000,8,27,20,14,17
run_20260811_normal_02,normal,1872,129443,1024,3840,20,240594,51200,5,13,12,10,13
run_20260811_normal_02,normal,1873,129507,1024,3840,18,232732,768000,5,12,10,13,11
run_20260811_normal_02,normal,1874,129571,1024,3072,24,155121,153600,5,15,11,17,11
run_20260811_normal_02,normal,1875,129635,1024,3328,24,179543,460800,8,10,21,17,18
run_20260811_normal_02,normal,1876,129699,1024,3072,18,200227,307200,5,14,14,15,16
run_20260811_normal_02,normal,1877,129763,1024,3072,18,206701,256000,5,14,9,9,11
run_20260811_normal_02,normal,1878,129827,1024,3328,21,196126,51200,5,20,9,17,12
run_20260811_normal_02,normal,1879,129891,1280,3584,30,187032,102400,5,15,18,17,14
run_20260811_normal_02,normal,1880,129955,1280,3584,25,198943,256000,8,24,11,21,12
run_20260811_normal_02,normal,1881,130019,1280,3328,25,184591,563200,8,12,23,14,7
run_20260811_normal_02,normal,1882,130083,1280,3072,28,148121,614400,8,22,22,8,10
run_20260811_normal_02,normal,1883,130147,1024,3328,23,177195,307200,8,20,16,10,12
run_20260811_normal_02,normal,1884,130211,1280,3584,27,192800,563200,5,12,15,13,10
run_20260811_normal_02,normal,1885,130275,1280,3328,27,176883,51200,8,32,11,16,10
run_20260811_normal_02,normal,1886,130339,1024,2560,19,149373,204800,5,15,20,6,10
run_20260811_normal_02,normal,1887,130403,1024,2560,17,174432,51200,5,14,9,11,11
run_20260811_normal_02,normal,1888,130467,1024,3072,21,223174,665600,8,17,8,23,12
run_20260811_normal_02,normal,1889,130531,1280,3584,25,248349,307200,5,16,14,9,17
run_20260811_normal_02,normal,1890,130595,1024,3584,23,199769,102400,5,13,13,9,14
run_20260811_normal_02,normal,1891,130659,1024,2816,22,163681,153600,8,21,15,16,15
run_20260811_normal_02,normal,1892,130723,1024,2816,17,169897,204800,5,18,13,14,13
run_20260811_normal_02,normal,1893,130787,1024,3328,21,207290,358400,8,10,16,15,15
run_20260811_normal_02,normal,1894,130851,1280,3328,28,160262,665600,5,11,14,17,9
run_20260811_normal_02,normal,1895,130915,1280,3584,34,155758,665600,8,11,20,24,13
run_20260811_normal_02,normal,1896,130979,1280,3584,25,205391,768000,8,10,17,25,13
run_20260811_normal_02,normal,1897,131043,1024,2560,18,153966,102400,5,20,13,13,11
run_20260811_normal_02,normal,1898,131107,1280,4352,30,237269,51200,5,18,17,18,11
run_20260811_normal_02,normal,1899,131171,1280,3840,34,225105,51200,5,23,13,13,10
run_20260811_normal_02,normal,1900,131235,1280,3584,25,254444,716800,8,19,22,21,15
run_20260811_normal_02,normal,1901,131299,1280,3840,25,209835,460800,8,14,18,18,10
run_20260811_normal_02,normal,1902,131363,1280,3328,27,169851,307200,5,12,17,8,18
run_20260811_normal_02,normal,1903,131427,1280,3584,33,166531,153600,8,23,22,16,14
run_20260811_normal_02,normal,1904,131491,1280,3840,31,195490,307200,8,24,10,16,11
run_20260811_normal_02,normal,1905,131555,1024,3840,24,229023,665600,8,8,12,22,18
run_20260811_normal_02,normal,1906,131619,1024,3840,24,196913,153600,5,15,15,9,16
run_20260811_normal_02,normal,1907,131683,1280,3072,26,138977,358400,8,17,15,10,12
run_20260811_normal_02,normal,1908,131747,1024,3072,24,153327,358400,10,18,23,9,10
run_20260811_normal_02,normal,1909,131811,1024,2560,16,167146,409600,8,15,23,10,7
run_20260811_normal_02,normal,1910,131875,1024,3840,20,207873,358400,5,10,20,10,13
run_20260811_normal_02,normal,1911,131939,1280,3840,30,194541,665600,10,17,15,25,17
run_20260811_normal_02,normal,1912,132003,1280,3840,28,181653,204800,5,18,15,16,12
run_20260811_normal_02,normal,1913,132067,1024,3072,21,167065,460800,5,12,15,17,11
run_20260811_normal_02,normal,1914,132131,1024,3072,20,159826,256000,8,21,10,16,13
run_20260811_normal_02,normal,1915,132195,1280,4864,27,266904,256000,10,32,16,10,9
run_20260811_normal_02,normal,1916,132259,1280,5376,28,364383,153600,8,28,20,8,12
run_20260811_normal_02,normal,1917,132323,1024,3328,22,205119,102400,8,19,14,17,17
run_20260811_normal_02,normal,1918,132387,1024,3072,23,188603,358400,8,20,15,14,17
run_20260811_normal_02,normal,1919,132451,1024,3072,22,185734,460800,5,10,19,13,11
run_20260811_normal_02,normal,1920,132515,1024,3072,16,187364,51200,5,14,21,13,13
run_20260811_normal_02,normal,1921,132579,1024,2304,16,158230,51200,5,20,11,14,8
run_20260811_normal_02,normal,1922,132643,1024,2560,17,161788,358400,8,14,15,11,11
run_20260811_normal_02,normal,1923,132707,768,3072,15,211279,563200,5,7,15,20,12
run_20260811_normal_02,normal,1924,132771,1024,3328,21,185004,256000,5,14,14,9,10
run_20260811_normal_02,normal,1925,132835,1280,3328,25,171077,102400,8,23,14,10,17
run_20260811_normal_02,normal,1926,132899,1280,4352,31,195553,409600,8,26,25,11,16
run_20260811_normal_02,normal,1927,132963,1280,4352,26,227081,358400,8,14,24,11,15
run_20260811_normal_02,normal,1928,133027,1024,3584,19,238229,51200,5,14,14,12,10
run_20260811_normal_02,normal,1929,133091,1280,3840,25,206901,256000,5,12,13,11,11
run_20260811_normal_02,normal,1930,133155,1024,2816,20,175383,256000,5,14,9,19,13
run_20260811_normal_02,normal,1931,133219,1024,3328,22,176107,358400,8,17,20,11,11
run_20260811_normal_02,normal,1932,133283,1024,3328,23,166972,51200,5,17,14,14,13
run_20260811_normal_02,normal,1933,133347,1024,3072,23,171491,563200,5,10,20,15,20
run_20260811_normal_02,normal,1934,133411,1024,3840,23,248574,256000,5,11,10,14,11
run_20260811_normal_02,normal,1935,133475,1024,3840,20,279481,460800,5,13,15,16,11
run_20260811_normal_02,normal,1936,133539,1024,2816,17,188697,460800,5,10,14,14,11
run_20260811_normal_02,normal,1937,133603,1024,3072,20,175072,51200,5,16,12,15,13
run_20260811_normal_02,normal,1938,133667,1024,3072,21,173419,256000,5,13,18,10,8
run_20260811_normal_02,normal,1939,133731,1280,3328,25,190768,153600,8,29,18,16,11
run_20260811_normal_02,normal,1940,133795,1280,3328,34,171690,102400,5,13,14,16,17
run_20260811_normal_02,normal,1941,133859,1280,3328,29,171630,460800,5,10,18,14,14
run_20260811_normal_02,normal,1942,133923,1280,3072,27,162879,204800,8,26,13,10,11
run_20260811_normal_02,normal,1943,133987,1280,3328,30,167588,204800,8,23,12,15,12
run_20260811_normal_02,normal,1944,134051,1280,3584,25,178123,153600,8,20,9,12,12
run_20260811_normal_02,normal,1945,134115,1024,3328,22,168690,256000,5,19,8,11,11
run_20260811_normal_02,normal,1946,134179,1024,3072,24,166559,153600,8,22,16,10,19
run_20260811_normal_02,normal,1947,134243,1024,3584,24,180073,256000,5,17,14,12,13
run_20260811_normal_02,normal,1948,134307,1280,4096,27,211688,563200,8,17,24,17,15
run_20260811_normal_02,normal,1949,134371,1280,3840,34,179327,665600,8,11,19,24,8
run_20260811_normal_02,normal,1950,134435,1280,3584,29,173293,102400,8,20,19,11,13
run_20260811_normal_02,normal,1951,134499,1024,2816,16,199252,870400,5,11,10,17,13
run_20260811_normal_02,normal,1952,134563,1024,3072,22,178161,614400,8,11,20,18,13
run_20260811_normal_02,normal,1953,134627,1280,3328,33,144664,204800,10,35,13,16,11
run_20260811_normal_02,normal,1954,134691,1280,3328,29,153674,51200,5,25,13,17,10
run_20260811_normal_02,normal,1955,134755,1280,3584,29,172984,51200,8,25,20,8,12
run_20260811_normal_02,normal,1956,134819,1280,3328,31,162038,358400,8,20,26,17,14
run_20260811_normal_02,normal,1957,134883,1024,3072,23,178162,307200,8,32,12,16,8
run_20260811_normal_02,normal,1958,134947,1024,2816,22,173236,153600,8,18,13,12,12
run_20260811_normal_02,normal,1959,135011,1280,3584,25,193622,51200,5,27,11,12,16
run_20260811_normal_02,normal,1960,135075,1024,3584,19,247730,819200,4,11,11,12,12
run_20260811_normal_02,normal,1961,135139,1024,2816,19,147692,358400,8,14,23,11,16
run_20260811_normal_02,normal,1962,135203,1024,3072,23,141187,102400,5,24,7,11,16
run_20260811_normal_02,normal,1963,135267,1280,3584,25,194495,102400,5,20,19,12,15
run_20260811_normal_02,normal,1964,135331,1024,3584,23,229451,153600,5,12,18,18,13
run_20260811_normal_02,normal,1965,135395,1024,3584,24,218705,358400,5,12,12,13,12
run_20260811_normal_02,normal,1966,135459,1280,3328,27,164085,512000,8,13,20,20,9
run_20260811_normal_02,normal,1967,135523,1024,2560,19,167164,51200,5,18,18,11,13
run_20260811_normal_02,normal,1968,135587,1024,3584,18,230742,307200,5,14,12,17,9
run_20260811_normal_02,normal,1969,135651,1024,3584,22,225606,51200,5,23,12,9,13
run_20260811_normal_02,normal,1970,135715,1024,3840,22,197487,460800,5,15,21,10,11
run_20260811_normal_02,normal,1971,135779,1024,3072,23,161545,512000,5,10,16,20,12
run_20260811_normal_02,normal,1972,135843,1024,3072,21,188814,102400,8,28,17,9,14
run_20260811_normal_02,normal,1973,135907,1024,3072,17,228835,768000,9,11,11,28,14
run_20260811_normal_02,normal,1974,135971,1024,3072,19,184593,819200,5,9,9,20,15
run_20260811_normal_02,normal,1975,136035,1280,5120,34,253662,256000,10,31,19,15,10
run_20260811_normal_02,normal,1976,136099,1536,5376,38,245191,563200,10,12,25,18,18
run_20260811_normal_02,normal,1977,136163,1280,3328,31,156017,51200,5,24,10,12,9
run_20260811_normal_02,normal,1978,136227,1280,3584,29,169461,51200,5,20,21,14,15
run_20260811_normal_02,normal,1979,136291,1280,3584,27,189365,512000,5,13,11,9,20
run_20260811_normal_02,normal,1980,136355,1024,3072,16,200915,153600,8,27,16,16,13
run_20260811_normal_02,normal,1981,136419,768,2048,12,166085,358400,5,9,12,12,14
run_20260811_normal_02,normal,1982,136483,1024,3328,23,181296,972800,10,15,13,13,23
run_20260811_normal_02,normal,1983,136547,1280,3584,34,157400,256000,13,26,16,22,17
run_20260811_normal_02,normal,1984,136611,1280,2816,28,153604,204800,5,16,15,16,10
run_20260811_normal_02,normal,1985,136675,1024,3840,24,195755,307200,8,18,21,19,13
run_20260811_normal_02,normal,1986,136739,1280,4096,25,225812,358400,5,11,20,15,18
run_20260811_normal_02,normal,1987,136803,1024,3328,22,176830,102400,5,17,11,13,14
run_20260811_normal_02,normal,1988,136867,1280,3584,25,190785,102400,8,26,12,18,11
run_20260811_normal_02,normal,1989,136931,1280,4096,31,219162,972800,5,12,10,8,16
run_20260811_normal_02,normal,1990,136995,1024,4608,22,316305,102400,8,16,14,11,14
run_20260811_normal_02,normal,1991,137059,768,2816,13,229167,51200,5,16,11,10,14
run_20260811_normal_02,normal,1992,137123,1024,3072,20,206764,102400,5,24,11,13,14
run_20260811_normal_02,normal,1993,137187,1280,4352,31,185495,153600,5,18,10,13,12
run_20260811_normal_02,normal,1994,137251,1280,4352,32,194797,51200,8,30,22,13,15
run_20260811_normal_02,normal,1995,137315,1280,4096,25,239604,358400,5,14,19,13,13
run_20260811_normal_02,normal,1996,137379,1280,4096,25,218054,1228800,10,14,13,9,32
run_20260811_normal_02,normal,1997,137443,1024,3072,23,162510,358400,5,9,17,14,13
run_20260811_normal_02,normal,1998,137507,1280,3328,25,151056,51200,5,12,12,21,13
run_20260811_normal_02,normal,1999,137571,1280,3072,25,172154,358400,8,14,20,15,10
run_20260811_normal_02,normal,2000,137635,1024,3840,21,228379,102400,8,19,18,9,11
run_20260811_normal_02,normal,2001,137699,1024,3840,19,239070,665600,10,13,12,20,14
run_20260811_normal_02,normal,2002,137763,1024,3584,21,208202,51200,5,12,20,9,14
run_20260811_normal_02,normal,2003,137827,1024,3328,19,188553,256000,5,14,16,9,14
run_20260811_normal_02,normal,2004,137891,1024,2816,17,155565,768000,5,14,10,16,12
run_20260811_normal_02,normal,2005,137955,768,2560,13,187588,153600,5,16,11,12,10
run_20260811_normal_02,normal,2006,138019,768,2816,12,284335,51200,5,17,11,15,13
run_20260811_normal_02,normal,2007,138083,768,2816,14,223391,102400,4,12,9,9,9
run_20260811_normal_02,normal,2008,138147,1024,3328,23,191255,51200,5,20,19,11,11
run_20260811_normal_02,normal,2009,138211,1280,3328,25,163928,51200,5,18,11,12,10
run_20260811_normal_02,normal,2010,138275,1024,2816,17,167714,460800,5,11,17,16,12
run_20260811_normal_02,normal,2011,138339,1024,2560,16,174526,153600,8,21,10,16,10
run_20260811_normal_02,normal,2012,138403,1024,2560,18,157572,153600,5,16,17,9,8
run_20260811_normal_02,normal,2013,138467,1024,4096,22,208080,307200,8,19,12,14,12
run_20260811_normal_02,normal,2014,138531,1024,4096,20,231421,204800,5,16,13,14,17
run_20260811_normal_02,normal,2015,138595,1024,3072,24,178103,358400,8,13,22,14,14
run_20260811_normal_02,normal,2016,138659,1280,4352,34,191223,51200,8,26,35,10,19
run_20260811_normal_02,normal,2017,138723,1280,4096,30,206125,153600,8,27,11,18,16
run_20260811_normal_02,normal,2018,138787,1024,3328,23,176320,51200,5,16,11,11,12
run_20260811_normal_02,normal,2019,138851,1024,3072,22,167073,358400,10,21,19,11,12
run_20260811_normal_02,normal,2020,138915,1024,3072,20,173951,665600,10,16,14,23,11
run_20260811_normal_02,normal,2021,138979,1024,2560,17,174721,307200,5,14,14,12,17
run_20260811_normal_02,normal,2022,139043,1024,3328,21,177388,51200,5,18,7,10,15
run_20260811_normal_02,normal,2023,139107,1280,3328,31,164897,256000,9,30,17,11,19
run_20260811_normal_02,normal,2024,139171,1280,3328,32,151996,307200,5,15,8,14,15
run_20260811_normal_02,normal,2025,139235,1024,3072,20,170513,204800,5,16,11,20,15
run_20260811_normal_02,normal,2026,139299,1280,3584,26,183738,51200,5,25,13,10,12
run_20260811_normal_02,normal,2027,139363,1280,3584,34,156960,256000,10,38,16,13,10
run_20260811_normal_02,normal,2028,139427,1024,3840,23,192287,358400,5,9,20,15,21
run_20260811_normal_02,normal,2029,139491,1024,3072,18,181567,153600,5,14,10,10,12
run_20260811_normal_02,normal,2030,139555,1280,3840,28,183777,819200,8,17,10,25,14
run_20260811_normal_02,normal,2031,139619,1280,3840,32,155630,614400,8,12,29,21,12
run_20260811_normal_02,normal,2032,139683,1024,2816,21,158409,256000,5,14,12,10,17
run_20260811_normal_02,normal,2033,139747,1024,3328,20,183793,51200,8,16,14,20,14
run_20260811_normal_02,normal,2034,139811,1280,3584,28,163204,51200,8,20,8,18,13
run_20260811_normal_02,normal,2035,139875,1280,3328,30,165529,409600,8,18,24,18,14
run_20260811_normal_02,normal,2036,139939,1024,3328,21,194977,460800,10,15,26,15,11
run_20260811_normal_02,normal,2037,140003,1024,2560,22,145461,102400,5,13,14,15,15
run_20260811_normal_02,normal,2038,140067,1280,3328,29,151498,716800,10,17,13,25,13
run_20260811_normal_02,normal,2039,140131,1024,3328,22,192333,665600,5,14,7,18,11
run_20260811_normal_02,normal,2040,140195,1280,3840,28,208270,256000,5,14,17,9,11
run_20260811_normal_02,normal,2041,140259,1280,4096,33,186544,768000,8,15,24,30,15
run_20260811_normal_02,normal,2042,140323,1024,3072,24,165610,768000,10,13,9,24,13
run_20260811_normal_02,normal,2043,140387,1024,3072,23,163171,256000,5,15,12,10,9
run_20260811_normal_02,normal,2044,140451,1024,3072,22,163598,51200,5,17,13,15,11
run_20260811_normal_02,normal,2045,140515,1024,2816,18,161275,563200,8,9,20,11,14
run_20260811_normal_02,normal,2046,140579,1024,3328,21,179897,51200,5,17,14,16,11
run_20260811_normal_02,normal,2047,140643,1280,3584,31,184054,665600,9,16,14,19,19
run_20260811_normal_02,normal,2048,140707,1280,3584,30,190753,716800,10,24,13,20,11
run_20260811_normal_02,normal,2049,140771,1024,3840,24,228003,51200,5,19,14,16,13
run_20260811_normal_02,normal,2050,140835,1024,3328,24,186156,51200,5,15,10,14,15
run_20260811_normal_02,normal,2051,140899,1024,3072,23,167224,665600,10,11,9,22,18
run_20260811_normal_02,normal,2052,140963,1280,3584,27,190835,665600,10,21,15,22,11
run_20260811_normal_02,normal,2053,141027,1280,3840,33,192549,256000,10,24,11,17,12
run_20260811_normal_02,normal,2054,141091,1280,3584,25,216505,153600,5,16,16,10,9
run_20260811_normal_02,normal,2055,141155,1024,3584,18,233660,153600,5,14,19,12,12
run_20260811_normal_02,normal,2056,141219,768,2560,15,168421,563200,8,10,20,10,13
run_20260811_normal_02,normal,2057,141283,1024,3328,21,196370,51200,5,13,18,12,11
run_20260811_normal_02,normal,2058,141347,1280,3328,28,162678,102400,5,16,18,16,10
run_20260811_normal_02,normal,2059,141411,1280,3328,30,154875,921600,8,18,17,17,11
run_20260811_normal_02,normal,2060,141475,1024,3328,24,202696,921600,5,11,13,16,13
run_20260811_normal_02,normal,2061,141539,1024,3072,16,212673,51200,5,13,10,13,10
run_20260811_normal_02,normal,2062,141603,1024,2816,16,208192,460800,5,11,13,12,20
run_20260811_normal_02,normal,2063,141667,1024,2560,20,161196,870400,5,13,10,13,15
run_20260811_normal_02,normal,2064,141731,1280,3840,25,179068,716800,10,16,19,25,11
run_20260811_normal_02,normal,2065,141795,1280,3840,29,177952,921600,9,10,21,21,17
run_20260811_normal_02,normal,2066,141859,1280,3584,26,166838,358400,8,13,16,14,10
run_20260811_normal_02,normal,2067,141923,1280,3328,25,162973,204800,5,12,16,12,11
run_20260811_normal_02,normal,2068,141987,1280,3072,27,152992,153600,10,32,16,13,10
run_20260811_normal_02,normal,2069,142051,1024,3328,23,180341,358400,8,14,20,13,12
run_20260811_normal_02,normal,2070,142115,1024,3328,23,188537,921600,8,15,11,24,15
run_20260811_normal_02,normal,2071,142179,1024,3328,20,197287,153600,5,13,10,20,11
run_20260811_normal_02,normal,2072,142243,1024,3072,21,189540,358400,8,17,27,7,9
run_20260811_normal_02,normal,2073,142307,1024,3072,21,183972,153600,5,13,9,18,11
run_20260811_normal_02,normal,2074,142371,1024,2816,16,169433,256000,5,12,10,14,14
run_20260811_normal_02,normal,2075,142435,1024,2560,19,172736,1075200,8,14,18,14,25
run_20260811_normal_02,normal,2076,142499,1024,2816,22,178595,512000,5,7,12,21,19
run_20260811_normal_02,normal,2077,142563,1024,2560,23,163903,51200,5,14,19,12,10
run_20260811_normal_02,normal,2078,142627,1024,2816,23,161990,51200,5,19,13,12,14
run_20260811_normal_02,normal,2079,142691,1024,2816,21,181538,460800,5,9,15,16,18
run_20260811_normal_02,normal,2080,142755,1024,3328,18,207892,358400,8,12,18,23,10
run_20260811_normal_02,normal,2081,142819,1280,3328,29,178542,51200,5,23,8,9,12
run_20260811_normal_02,normal,2082,142883,1280,3328,28,179123,204800,8,24,13,26,15
run_20260811_normal_02,normal,2083,142947,1024,3584,18,226904,153600,5,18,14,12,15
run_20260811_normal_02,normal,2084,143011,1024,3840,20,245286,256000,5,15,10,13,11
run_20260811_normal_02,normal,2085,143075,1024,3584,22,184302,870400,9,12,9,25,9
run_20260811_normal_02,normal,2086,143139,1280,3072,27,154908,921600,9,13,13,19,19
run_20260811_normal_02,normal,2087,143203,1280,3328,31,145756,358400,9,20,23,11,19
run_20260811_normal_02,normal,2088,143267,1280,3328,27,163347,358400,10,13,23,9,15
run_20260811_normal_02,normal,2089,143331,1280,3584,30,173866,204800,8,21,15,16,14
run_20260811_normal_02,normal,2090,143395,1024,3328,23,226824,102400,5,17,10,20,22
run_20260811_normal_02,normal,2091,143459,1024,3584,23,233480,256000,5,14,10,10,10
run_20260811_normal_02,normal,2092,143523,1280,3072,26,187543,358400,10,10,27,13,10
run_20260811_normal_02,normal,2093,143587,1280,3840,27,207508,256000,9,26,15,10,12
run_20260811_normal_02,normal,2094,143651,1280,5120,31,265595,665600,8,13,11,23,19
run_20260811_normal_02,normal,2095,143715,1280,5120,28,256621,256000,5,13,18,13,21
run_20260811_normal_02,normal,2096,143779,1280,4096,28,179587,358400,8,22,17,10,13
run_20260811_normal_02,normal,2097,143843,1280,4096,25,212278,358400,5,10,19,9,15
run_20260811_normal_02,normal,2098,143907,1024,2816,20,158067,102400,5,15,12,14,13
run_20260811_normal_02,normal,2099,143971,1024,3072,24,150516,358400,10,26,20,13,19
run_20260811_normal_02,normal,2100,144035,1280,3328,25,183399,204800,5,15,7,12,14
run_20260811_normal_02,normal,2101,144099,1024,3328,23,205404,972800,8,11,12,13,15
run_20260811_normal_02,normal,2102,144163,1280,4096,33,173602,102400,5,24,20,16,16
run_20260811_normal_02,normal,2103,144227,1280,4096,33,204261,102400,8,27,22,10,16
run_20260811_normal_02,normal,2104,144291,1024,3840,19,228495,256000,5,11,7,11,16
run_20260811_normal_02,normal,2105,144355,1024,3328,22,187070,153600,5,13,16,19,21
run_20260811_normal_02,normal,2106,144419,1280,3328,25,172607,870400,10,13,11,25,13
run_20260811_normal_02,normal,2107,144483,1024,2816,19,164882,256000,5,18,18,17,16
run_20260811_normal_02,normal,2108,144547,1024,3072,20,180341,256000,5,13,10,12,9
run_20260811_normal_02,normal,2109,144611,1024,3072,21,179704,153600,5,12,7,24,13
run_20260811_normal_02,normal,2110,144675,1024,3072,22,156000,204800,5,18,13,23,11
run_20260811_normal_02,normal,2111,144739,1280,3072,26,149240,256000,5,15,12,11,10
run_20260811_normal_02,normal,2112,144803,1280,3072,28,151271,51200,5,18,18,11,12
run_20260811_normal_02,normal,2113,144867,1024,2816,21,170500,51200,5,14,16,14,18
run_20260811_normal_02,normal,2114,144931,1024,2816,20,164612,256000,5,11,13,15,11
run_20260811_normal_02,normal,2115,144995,1024,3072,23,146280,716800,10,15,18,22,9
run_20260811_normal_02,normal,2116,145059,1024,3072,24,159267,51200,5,20,20,11,13
run_20260811_normal_02,normal,2117,145123,1280,2816,25,166630,256000,5,15,23,9,16
run_20260811_normal_02,normal,2118,145187,1280,3584,33,165102,256000,5,18,15,10,14
run_20260811_normal_02,normal,2119,145251,1280,3584,31,178695,256000,8,26,21,15,15
run_20260811_normal_02,normal,2120,145315,1024,3584,23,186013,51200,8,23,17,10,11
run_20260811_normal_02,normal,2121,145379,1280,4352,27,214338,153600,5,17,14,15,13
run_20260811_normal_02,normal,2122,145443,1280,4096,26,217600,1024000,8,16,16,15,19
run_20260811_normal_02,normal,2123,145507,1280,3328,27,180481,204800,5,16,13,15,13
run_20260811_normal_02,normal,2124,145571,1280,3328,31,151104,256000,5,14,8,20,14
run_20260811_normal_02,normal,2125,145635,1280,3584,28,175502,51200,5,19,10,18,15
run_20260811_normal_02,normal,2126,145699,1024,3072,23,179739,51200,5,19,11,16,15
run_20260811_normal_02,normal,2127,145763,1280,3584,26,190271,102400,5,19,23,10,10
run_20260811_normal_02,normal,2128,145827,1536,3840,38,161309,51200,5,23,20,11,9
run_20260811_normal_02,normal,2129,145891,1280,3584,33,156491,614400,8,14,22,22,13
run_20260811_normal_02,normal,2130,145955,1024,2816,18,151587,409600,5,9,14,15,10
run_20260811_normal_02,normal,2131,146019,768,2560,13,181779,153600,5,12,9,5,10
run_20260811_normal_02,normal,2132,146083,768,2304,13,163468,1280000,5,10,12,11,20
run_20260811_normal_02,normal,2133,146147,768,2560,15,178589,102400,5,14,15,13,12
run_20260811_normal_02,normal,2134,146211,1024,3072,18,201821,102400,5,17,11,11,13
run_20260811_normal_02,normal,2135,146275,1280,3072,25,166865,51200,5,13,16,15,13
run_20260811_normal_02,normal,2136,146339,1024,3072,24,163867,204800,8,16,17,20,14
run_20260811_normal_02,normal,2137,146403,1024,3072,24,155639,307200,8,22,13,14,17
run_20260811_normal_02,normal,2138,146467,1024,3072,22,181060,153600,8,21,18,15,11
run_20260811_normal_02,normal,2139,146531,1024,2816,17,191509,256000,5,18,8,7,6
run_20260811_normal_02,normal,2140,146595,1024,3072,20,182629,256000,8,20,11,13,14
run_20260811_normal_02,normal,2141,146659,1280,3072,26,142188,358400,8,11,25,10,12
run_20260811_normal_02,normal,2142,146723,1024,2816,22,135239,204800,5,13,21,13,16
run_20260811_normal_02,normal,2143,146787,1024,3584,22,223016,51200,5,24,16,17,12
run_20260811_normal_02,normal,2144,146851,1280,3584,27,232730,102400,5,12,24,11,13
run_20260811_normal_02,normal,2145,146915,1280,3584,26,190815,256000,8,23,18,18,17
run_20260811_normal_02,normal,2146,146979,1280,4096,27,192621,51200,5,19,13,17,16
run_20260811_normal_02,normal,2147,147043,1280,4352,28,227638,307200,8,23,23,11,7
run_20260811_normal_02,normal,2148,147107,1280,3584,29,170160,307200,8,27,27,14,11
run_20260811_normal_02,normal,2149,147171,1280,3584,29,180141,358400,13,20,24,22,11
run_20260811_normal_02,normal,2150,147235,1280,3840,25,232880,51200,5,17,15,14,11
run_20260811_normal_02,normal,2151,147299,1024,3840,19,254661,153600,8,30,15,7,9
run_20260811_normal_02,normal,2152,147363,768,2304,15,182631,460800,5,9,18,13,10
run_20260811_normal_02,normal,2153,147427,1024,2560,18,154742,716800,8,14,11,21,8
run_20260811_normal_02,normal,2154,147491,1024,3328,23,173393,153600,8,27,20,15,12
run_20260811_normal_02,normal,2155,147555,1280,3328,30,160123,51200,5,18,12,15,18
run_20260811_normal_02,normal,2156,147619,1280,3328,29,155610,102400,5,23,16,11,13
run_20260811_normal_02,normal,2157,147683,1280,3328,28,179199,102400,5,17,15,12,11
run_20260811_normal_02,normal,2158,147747,1024,3328,20,201560,51200,5,13,11,14,15
run_20260811_normal_02,normal,2159,147811,1024,3072,18,195650,1177600,5,11,10,8,13
run_20260811_normal_02,normal,2160,147875,1280,3584,25,197027,51200,5,17,10,8,10
run_20260811_normal_02,normal,2161,147939,1280,3328,26,168145,307200,8,17,16,12,15
run_20260811_normal_02,normal,2162,148003,1280,4096,26,211829,102400,5,15,14,11,15
run_20260811_normal_02,normal,2163,148067,1024,4096,24,230768,256000,5,15,7,13,19
run_20260811_normal_02,normal,2164,148131,1024,2816,21,170189,409600,5,11,12,11,11
run_20260811_normal_02,normal,2165,148195,1024,4096,23,243200,460800,8,13,26,14,18
run_20260811_normal_02,normal,2166,148259,1280,4096,28,236512,358400,10,20,23,9,12
run_20260811_normal_02,normal,2167,148323,1024,4352,24,219628,512000,5,9,20,9,11
run_20260811_normal_02,normal,2168,148387,1024,2816,23,168340,358400,5,11,16,13,18
run_20260811_normal_02,normal,2169,148451,1280,3072,26,167951,256000,8,18,15,20,14
run_20260811_normal_02,normal,2170,148515,1024,3328,23,170997,614400,5,11,13,18,13
run_20260811_normal_02,normal,2171,148579,1024,2816,21,145805,307200,8,19,16,17,18
run_20260811_normal_02,normal,2172,148643,1024,2816,17,168406,358400,8,13,19,12,10
run_20260811_normal_02,normal,2173,148707,1280,3584,26,173867,256000,13,30,10,19,12
run_20260811_normal_02,normal,2174,148771,1280,3584,29,162722,51200,5,23,15,9,12
run_20260811_normal_02,normal,2175,148835,1280,3072,25,158296,460800,5,12,13,21,11
run_20260811_normal_02,normal,2176,148899,1280,3072,28,149047,358400,8,18,19,20,10
run_20260811_normal_02,normal,2177,148963,1280,3328,28,157387,358400,8,14,18,12,15
run_20260811_normal_02,normal,2178,149027,1280,3072,26,150566,102400,8,27,16,11,13
run_20260811_normal_02,normal,2179,149091,1280,3072,26,156497,51200,5,18,18,11,12
run_20260811_normal_02,normal,2180,149155,1024,2816,20,157329,307200,8,21,19,11,11
run_20260811_normal_02,normal,2181,149219,1024,3072,21,150595,51200,5,17,12,11,18
run_20260811_normal_02,normal,2182,149283,1024,2560,22,132886,358400,5,12,21,13,14
run_20260811_normal_02,normal,2183,149347,1280,3584,26,182802,102400,8,30,17,10,10
run_20260811_normal_02,normal,2184,149411,1280,3584,26,177613,358400,8,13,23,12,13
run_20260811_normal_02,normal,2185,149475,1024,3584,21,215263,153600,8,23,17,15,10
run_20260811_normal_02,normal,2186,149539,1280,3328,26,185226,563200,8,19,21,11,8
run_20260811_normal_02,normal,2187,149603,1024,3072,23,180144,614400,8,13,20,14,16
run_20260811_normal_02,normal,2188,149667,1280,4096,32,218085,51200,8,17,14,23,15
run_20260811_normal_02,normal,2189,149731,1280,4096,31,229094,358400,5,11,24,12,12
run_20260811_normal_02,normal,2190,149795,1024,3584,21,171834,153600,5,18,21,14,16
run_20260811_normal_02,normal,2191,149859,1536,6144,42,299297,51200,5,17,13,15,10
run_20260811_normal_02,normal,2192,149923,1792,6144,55,276058,716800,17,14,15,48,22
run_20260811_normal_02,normal,2193,149987,1536,6144,46,307858,358400,8,20,21,13,15
run_20260811_normal_02,normal,2194,150051,1280,5376,34,289500,716800,8,14,15,27,16
run_20260811_normal_02,normal,2195,150115,1280,4352,34,210163,460800,5,11,20,18,23
run_20260811_normal_02,normal,2196,150179,1280,4352,28,233159,153600,5,19,17,7,12
run_20260811_normal_02,normal,2197,150243,1024,3328,20,195095,51200,5,23,15,9,14
run_20260811_normal_02,normal,2198,150307,1024,3328,24,191726,460800,5,16,13,16,11
run_20260811_normal_02,normal,2199,150371,1280,3584,29,173135,153600,5,14,14,17,19
run_20260811_normal_02,normal,2200,150435,1280,3584,30,179526,256000,5,16,16,13,10
run_20260811_normal_02,normal,2201,150499,1280,5888,35,305909,460800,10,17,32,9,13
run_20260811_normal_02,normal,2202,150563,1536,6144,40,340759,51200,8,21,26,13,22
run_20260811_normal_02,normal,2203,150627,1280,4864,25,310815,563200,5,10,14,18,13
run_20260811_normal_02,normal,2204,150691,1280,3328,26,167473,102400,5,17,13,16,13
run_20260811_normal_02,normal,2205,150755,1280,3584,35,160452,256000,5,19,14,25,14
run_20260811_normal_02,normal,2206,150819,1536,4352,39,180798,51200,5,15,13,24,15
run_20260811_normal_02,normal,2207,150883,1536,4352,36,195734,768000,10,15,10,22,28
run_20260811_normal_02,normal,2208,150947,1280,3840,29,211241,51200,5,23,10,8,11
run_20260811_normal_02,normal,2209,151011,1024,3584,23,236337,512000,5,10,20,14,15
run_20260811_normal_02,normal,2210,151075,1024,3840,20,232550,102400,5,16,16,12,16
run_20260811_normal_02,normal,2211,151139,1024,3328,21,215729,51200,8,17,18,8,9
run_20260811_normal_02,normal,2212,151203,1024,4096,21,234958,102400,5,14,15,10,16
run_20260811_normal_02,normal,2213,151267,1280,4096,28,206721,256000,5,18,17,13,11
run_20260811_normal_02,normal,2214,151331,1280,3840,33,176593,563200,13,18,39,18,12
run_20260811_normal_02,normal,2215,151395,1280,3584,33,178543,153600,8,22,16,14,17
run_20260811_normal_02,normal,2216,151459,1280,3584,26,195612,256000,5,14,12,16,12
run_20260811_normal_02,normal,2217,151523,1024,3584,22,187304,51200,5,18,19,13,17
run_20260811_normal_02,normal,2218,151587,1280,5632,29,308020,358400,5,10,14,11,15
run_20260811_normal_02,normal,2219,151651,1280,5632,31,301887,256000,5,19,12,15,17
run_20260811_normal_02,normal,2220,151715,1024,3840,22,211086,460800,5,12,14,9,13
run_20260811_normal_02,normal,2221,151779,1024,4096,22,244468,512000,5,11,13,9,9
run_20260811_normal_02,normal,2222,151843,1024,4096,22,231907,614400,5,8,14,13,13
run_20260811_normal_02,normal,2223,151907,1280,3840,26,202678,358400,5,10,26,24,17
run_20260811_normal_02,normal,2224,151971,1280,3840,31,200012,358400,5,15,16,11,16
run_20260811_normal_02,normal,2225,152035,1280,3584,28,184459,51200,5,23,15,14,19
run_20260811_normal_02,normal,2226,152099,1024,3328,22,166120,665600,8,7,14,18,12
run_20260811_normal_02,normal,2227,152163,768,2304,14,160583,563200,5,9,16,10,12
run_20260811_normal_02,normal,2228,152227,1024,3584,18,208787,307200,5,17,10,11,18
run_20260811_normal_02,normal,2229,152291,1024,3328,24,175354,204800,5,16,9,12,11
run_20260811_normal_02,normal,2230,152355,1024,3072,22,176031,358400,5,11,12,13,19
run_20260811_normal_02,normal,2231,152419,1024,3328,22,211899,204800,5,17,14,10,15
run_20260811_normal_02,normal,2232,152483,1024,3584,24,214755,102400,8,17,21,13,12
run_20260811_normal_02,normal,2233,152547,1024,3072,23,179822,307200,5,14,20,19,15
run_20260811_normal_02,normal,2234,152611,1280,3328,25,179830,307200,8,17,12,9,15
run_20260811_normal_02,normal,2235,152675,1024,3328,22,196630,204800,5,17,16,12,12
run_20260811_normal_02,normal,2236,152739,1024,3328,21,182338,460800,5,9,15,10,11
run_20260811_normal_02,normal,2237,152803,1024,4352,23,229401,358400,8,14,20,14,10
run_20260811_normal_02,normal,2238,152867,1280,4352,25,283334,51200,5,13,12,11,10
run_20260811_normal_02,normal,2239,152931,1024,4096,24,205664,512000,5,12,15,12,23
run_20260811_normal_02,normal,2240,152995,1280,3072,25,153897,51200,5,16,16,15,19
run_20260811_normal_02,normal,2241,153059,1280,4608,30,197459,256000,5,15,17,10,13
run_20260811_normal_02,normal,2242,153123,1280,4864,30,240401,307200,8,24,25,12,11
run_20260811_normal_02,normal,2243,153187,1536,3840,38,175976,460800,8,20,26,13,22
run_20260811_normal_02,normal,2244,153251,1536,3840,38,153628,460800,8,16,18,15,17
run_20260811_normal_02,normal,2245,153315,1280,3072,25,144570,102400,5,19,18,7,13
run_20260811_normal_02,normal,2246,153379,1024,2816,18,160715,102400,5,24,14,18,12
run_20260811_normal_02,normal,2247,153443,768,2304,12,176667,716800,5,10,10,13,11
run_20260811_normal_02,normal,2248,153507,1024,2816,17,185897,665600,5,10,9,17,15
run_20260811_normal_02,normal,2249,153571,1024,3072,20,197133,870400,8,9,21,18,10
run_20260811_normal_02,normal,2250,153635,1024,3584,24,184068,358400,8,11,22,15,14
run_20260811_normal_02,normal,2251,153699,1280,3840,29,204548,358400,8,14,19,13,14
run_20260811_normal_02,normal,2252,153763,1280,4096,26,216390,256000,5,16,22,13,15
run_20260811_normal_02,normal,2253,153827,1024,3584,22,209139,716800,10,15,12,22,16
run_20260811_normal_02,normal,2254,153891,1024,3840,24,193383,358400,10,22,26,14,15
run_20260811_normal_02,normal,2255,153955,1280,4096,28,186414,358400,8,17,18,11,13
run_20260811_normal_02,normal,2256,154019,1024,4096,22,218483,51200,5,18,17,10,10
run_20260811_normal_02,normal,2257,154083,1024,2816,16,154980,665600,5,10,8,24,14
run_20260811_normal_02,normal,2258,154147,1280,4608,27,198826,102400,8,27,14,18,13
run_20260811_normal_02,normal,2259,154211,1280,4864,34,199273,460800,5,11,13,17,23
run_20260811_normal_02,normal,2260,154275,1280,3072,28,190846,358400,8,14,23,19,14
run_20260811_normal_02,normal,2261,154339,1024,3328,20,205412,512000,8,14,19,12,10
run_20260811_normal_02,normal,2262,154403,1024,3328,23,166865,102400,5,20,14,11,10
run_20260811_normal_02,normal,2263,154467,1280,3584,29,170434,102400,5,25,12,13,12
run_20260811_normal_02,normal,2264,154531,1280,3840,27,166982,153600,8,18,15,21,11
run_20260811_normal_02,normal,2265,154595,1280,3584,28,169796,153600,8,19,17,14,16
run_20260811_normal_02,normal,2266,154659,1024,3584,22,213712,972800,9,14,11,15,26
run_20260811_normal_02,normal,2267,154723,768,2560,12,218358,716800,5,12,10,11,17
run_20260811_normal_02,normal,2268,154787,1024,2816,19,169758,768000,5,11,9,13,13
run_20260811_normal_02,normal,2269,154851,1024,2560,20,153549,256000,5,14,17,19,9
run_20260811_normal_02,normal,2270,154915,1024,2560,19,162672,460800,5,8,14,15,15
run_20260811_normal_02,normal,2271,154979,1024,2816,22,159529,256000,5,15,14,10,19
run_20260811_normal_02,normal,2272,155043,1024,3072,24,180088,102400,5,16,16,17,12
run_20260811_normal_02,normal,2273,155107,1280,3584,26,225094,102400,5,19,14,16,11
run_20260811_normal_02,normal,2274,155171,1280,3840,33,204120,409600,5,10,15,9,11
run_20260811_normal_02,normal,2275,155235,1280,3584,30,174626,51200,5,24,18,16,14
run_20260811_normal_02,normal,2276,155299,1280,4096,32,207492,256000,8,18,14,20,19
run_20260811_normal_02,normal,2277,155363,1280,4096,27,243625,665600,8,13,14,25,19
run_20260811_normal_02,normal,2278,155427,1024,3072,20,173161,256000,5,15,11,10,12
run_20260811_normal_02,normal,2279,155491,1024,3840,21,216095,563200,8,10,19,17,13
run_20260811_normal_02,normal,2280,155555,1024,3584,21,181070,358400,5,12,20,14,10
run_20260811_normal_02,normal,2281,155619,1280,3584,32,167060,153600,5,20,15,11,9
run_20260811_normal_02,normal,2282,155683,1280,3584,35,173782,358400,13,17,26,17,18
run_20260811_normal_02,normal,2283,155747,1280,3840,28,192049,1024000,5,8,13,16,18
run_20260811_normal_02,normal,2284,155811,1024,3584,24,197967,51200,5,15,12,20,14
run_20260811_normal_02,normal,2285,155875,1024,3072,23,158711,358400,5,10,14,17,15
run_20260811_normal_02,normal,2286,155939,1024,2816,22,170228,51200,5,14,20,10,9
run_20260811_normal_02,normal,2287,156003,1024,3072,23,166813,358400,8,18,20,10,11
run_20260811_normal_02,normal,2288,156067,1024,3584,22,198043,972800,8,14,14,14,24
run_20260811_normal_02,normal,2289,156131,1024,2816,21,173112,153600,8,23,20,9,12
run_20260811_normal_02,normal,2290,156195,1280,3840,25,199753,563200,10,21,18,17,9
run_20260811_normal_02,normal,2291,156259,1024,3584,20,185284,563200,5,11,16,9,16
run_20260811_normal_02,normal,2292,156323,1024,2304,17,137807,460800,5,9,13,15,14
run_20260811_normal_02,normal,2293,156387,1024,3328,19,202020,1075200,4,10,10,11,15
run_20260811_normal_02,normal,2294,156451,1280,3328,30,159102,307200,8,21,26,10,21
run_20260811_normal_02,normal,2295,156515,1280,3072,29,162036,358400,8,14,26,14,9
run_20260811_normal_02,normal,2296,156579,1280,3328,25,170851,307200,8,27,14,10,18
run_20260811_normal_02,normal,2297,156643,1280,3072,28,158582,358400,10,20,21,9,12
run_20260811_normal_02,normal,2298,156707,1280,3840,27,202170,665600,10,20,11,23,12
run_20260811_normal_02,normal,2299,156771,1024,3840,22,237319,358400,5,10,17,9,6
run_20260811_normal_02,normal,2300,156835,1024,3328,17,225639,921600,5,10,12,14,9
run_20260811_normal_02,normal,2301,156899,1024,3328,19,217779,358400,9,18,17,14,21
run_20260811_normal_02,normal,2302,156963,1024,3328,22,203948,716800,5,8,13,17,11
run_20260811_normal_02,normal,2303,157027,1280,3584,28,213118,153600,5,18,19,13,15
run_20260811_normal_02,normal,2304,157091,1280,3840,25,256838,51200,5,13,20,16,8
run_20260811_normal_02,normal,2305,157155,1280,3072,30,158922,665600,8,21,15,22,10
run_20260811_normal_02,normal,2306,157219,40960,209408,25877,1200867,614400,530,966,2901,1853,216
run_20260811_normal_02,normal,2307,157283,40960,209408,25869,1201243,512000,196,407,1059,721,75
run_20260811_normal_02,normal,2308,157347,1280,4608,33,202453,665600,10,14,13,25,14
run_20260811_normal_02,normal,2309,157411,1280,4608,31,187662,512000,10,18,26,20,11
run_20260811_normal_02,normal,2310,157475,1280,3072,25,176184,358400,9,12,19,13,11
run_20260811_normal_02,normal,2311,157539,1024,3072,21,185788,768000,10,17,20,18,14
run_20260811_normal_02,normal,2312,157603,1024,2816,19,180963,358400,8,20,15,11,12
run_20260811_normal_02,normal,2313,157667,1280,4864,26,317756,51200,5,23,19,10,10
run_20260811_normal_02,normal,2314,157731,1536,6912,36,424246,512000,5,9,16,16,15
run_20260811_normal_02,normal,2315,157795,2048,7424,65,411913,665600,10,21,12,25,16
run_20260811_normal_02,normal,2316,157859,1792,7168,54,427257,102400,8,30,21,17,21
run_20260811_normal_02,normal,2317,157923,1024,2816,20,184354,153600,5,12,21,12,13
run_20260811_normal_02,normal,2318,157987,1024,2816,24,158653,665600,10,11,19,23,12
run_20260811_normal_02,normal,2319,158051,1280,2816,27,151081,256000,10,23,15,20,12
run_20260811_normal_02,normal,2320,158115,1280,3584,28,178279,102400,5,21,12,11,11
run_20260811_normal_02,normal,2321,158179,1280,5120,33,239057,51200,5,19,17,10,20
run_20260811_normal_02,normal,2322,158243,1280,5376,29,302547,307200,5,16,18,16,16
run_20260811_normal_02,normal,2323,158307,1280,3584,29,177481,51200,5,24,9,12,12
run_20260811_normal_02,normal,2324,158371,1280,3328,28,156536,153600,13,32,16,13,14
run_20260811_normal_02,normal,2325,158435,1024,3072,24,157622,614400,8,12,22,20,9
run_20260811_normal_02,normal,2326,158499,1024,3328,22,190210,512000,5,13,14,11,12
run_20260811_normal_02,normal,2327,158563,1024,3328,21,193897,51200,8,23,14,16,19
run_20260811_normal_02,normal,2328,158627,1024,2816,17,169271,307200,5,12,17,17,8
run_20260811_normal_02,normal,2329,158691,1280,4864,32,271390,665600,10,11,16,25,13
run_20260811_normal_02,normal,2330,158755,1280,5120,34,296345,307200,8,17,25,7,21
run_20260811_normal_02,normal,2331,158819,1280,3072,26,181111,51200,5,16,14,11,12
run_20260811_normal_02,normal,2332,158883,1280,3072,32,137287,102400,8,30,17,10,11
run_20260811_normal_02,normal,2333,158947,1280,3328,28,146363,665600,10,13,13,20,15
run_20260811_normal_02,normal,2334,159011,1024,3072,23,163871,870400,8,16,15,16,11
run_20260811_normal_02,normal,2335,159075,1024,2560,18,154768,665600,8,14,11,15,9
run_20260811_normal_02,normal,2336,159139,1024,3840,24,229403,563200,8,15,30,9,11
run_20260811_normal_02,normal,2337,159203,1280,3840,28,242926,358400,5,11,22,9,13
run_20260811_normal_02,normal,2338,159267,1792,8960,59,565498,460800,8,17,28,19,22
run_20260811_normal_02,normal,2339,159331,1792,8960,55,625396,256000,5,18,16,15,17
run_20260811_normal_02,normal,2340,159395,1024,2560,19,146626,153600,5,13,9,12,18
run_20260811_normal_02,normal,2341,159459,1024,2560,20,150417,665600,5,11,10,19,12
run_20260811_normal_02,normal,2342,159523,1024,3584,19,214957,153600,5,15,11,14,16
run_20260811_normal_02,normal,2343,159587,1280,3840,26,196321,51200,5,13,15,15,16
run_20260811_normal_02,normal,2344,159651,1024,3328,21,187669,153600,8,23,8,24,15
run_20260811_normal_02,normal,2345,159715,1024,3840,23,248290,307200,8,24,16,18,8
run_20260811_normal_02,normal,2346,159779,1280,3840,25,247035,51200,8,19,11,17,10
run_20260811_normal_02,normal,2347,159843,1024,3072,17,223572,51200,5,15,12,12,9
run_20260811_normal_02,normal,2348,159907,1024,3328,17,276507,460800,5,11,13,11,17
run_20260811_normal_02,normal,2349,159971,1280,4352,28,230871,51200,5,20,10,11,12
run_20260811_normal_02,normal,2350,160035,1280,4608,29,225861,256000,5,12,19,17,14
run_20260811_normal_02,normal,2351,160099,1024,3072,23,174725,102400,5,13,9,16,11
run_20260811_normal_02,normal,2352,160163,1024,3328,21,197254,204800,5,16,10,9,11
run_20260811_normal_02,normal,2353,160227,1024,2816,19,183941,51200,5,14,15,17,16
run_20260811_normal_02,normal,2354,160291,1280,3840,28,183054,460800,10,24,23,17,15
run_20260811_normal_02,normal,2355,160355,1280,4352,30,189041,716800,8,12,19,20,14
run_20260811_normal_02,normal,2356,160419,1280,3328,30,168595,460800,5,8,14,14,12
run_20260811_normal_02,normal,2357,160483,1024,3328,22,164196,460800,8,19,21,11,11
run_20260811_normal_02,normal,2358,160547,1024,2816,19,199469,51200,5,17,12,9,12
run_20260811_normal_02,normal,2359,160611,1024,2560,19,152580,870400,8,16,11,17,11
run_20260811_normal_02,normal,2360,160675,1024,2816,17,193400,256000,5,12,14,13,15
run_20260811_normal_02,normal,2361,160739,1024,3840,16,316969,51200,2,11,10,10,13
run_20260811_normal_02,normal,2362,160803,1024,3584,18,215971,51200,5,15,9,13,11
run_20260811_normal_02,normal,2363,160867,1024,2560,17,169732,51200,5,16,11,12,11
run_20260811_normal_02,normal,2364,160931,1024,4352,22,250118,563200,10,8,28,10,7
run_20260811_normal_02,normal,2365,160995,1024,4352,23,238415,51200,8,20,12,11,9
run_20260811_normal_02,normal,2366,161059,1024,3072,20,173735,358400,8,12,24,12,11
run_20260811_normal_02,normal,2367,161123,1024,3328,23,206659,204800,5,19,21,16,17
run_20260811_normal_02,normal,2368,161187,1024,3328,20,213883,153600,8,30,11,14,11
run_20260811_normal_02,normal,2369,161251,1024,2560,18,174442,307200,8,25,15,13,11
run_20260811_normal_02,normal,2370,161315,1024,3072,19,171283,51200,5,15,17,15,13
run_20260811_normal_02,normal,2371,161379,1024,3072,21,198314,102400,5,21,17,14,11
run_20260811_normal_02,normal,2372,161443,1024,3072,23,190510,102400,8,20,14,10,13
run_20260811_normal_02,normal,2373,161507,1024,3072,21,191640,1075200,8,15,16,13,14
run_20260811_normal_02,normal,2374,161571,1024,3072,21,202266,256000,5,11,9,11,10
run_20260811_normal_02,normal,2375,161635,1024,2816,22,190338,51200,5,13,16,13,11
run_20260811_normal_02,normal,2376,161699,1536,7424,37,622717,1280000,8,14,11,20,21
run_20260811_normal_02,normal,2377,161763,1536,6912,40,469289,358400,8,10,23,17,31
run_20260811_normal_02,normal,2378,161827,1024,3328,24,184338,665600,5,9,13,14,12
run_20260811_normal_02,normal,2379,161891,1024,3584,23,184206,204800,5,12,15,19,16
run_20260811_normal_02,normal,2380,161955,1024,3072,24,157267,153600,8,33,7,11,16
run_20260811_normal_02,normal,2381,162019,1280,5376,29,305520,153600,5,17,10,11,15
run_20260811_normal_02,normal,2382,162083,1280,5376,28,316721,1024000,10,9,11,17,26
run_20260811_normal_02,normal,2383,162147,1024,3328,23,184423,972800,8,14,9,13,26
run_20260811_normal_02,normal,2384,162211,1024,3072,16,182395,614400,5,12,12,14,14
run_20260811_normal_02,normal,2385,162275,1024,3584,23,202033,51200,5,20,11,14,11
run_20260811_normal_02,normal,2386,162339,1280,3584,26,187733,153600,5,14,16,14,20
run_20260811_normal_02,normal,2387,162403,1024,2560,21,148080,563200,5,9,15,14,16
run_20260811_normal_02,normal,2388,162467,1280,3840,27,166408,307200,8,23,17,13,12
run_20260811_normal_02,normal,2389,162531,1280,3840,26,200727,153600,5,13,19,15,18
run_20260811_normal_02,normal,2390,162595,1280,3840,28,199983,51200,8,29,11,9,11
run_20260811_normal_02,normal,2391,162659,1280,3840,32,200667,307200,8,22,13,15,14
run_20260811_normal_02,normal,2392,162723,1280,4096,29,230780,307200,8,17,14,20,12
run_20260811_normal_02,normal,2393,162787,1024,3840,22,207326,358400,8,21,20,9,13
run_20260811_normal_02,normal,2394,162851,1024,2816,21,158378,51200,5,21,10,10,13
run_20260811_normal_02,normal,2395,162915,1280,2816,25,144690,204800,5,19,23,12,12
run_20260811_normal_02,normal,2396,162979,1024,3328,21,219665,204800,5,17,10,11,12
run_20260811_normal_02,normal,2397,163043,1024,4352,19,343814,512000,10,23,25,10,16
run_20260811_normal_02,normal,2398,163107,1024,4608,22,282827,307200,8,20,9,9,14
run_20260811_normal_02,normal,2399,163171,1024,2816,23,170684,512000,10,13,28,13,16
run_20260811_normal_02,normal,2400,163235,1024,3072,23,191848,358400,8,13,18,14,14
run_20260811_normal_02,normal,2401,163299,1024,3072,21,187309,51200,8,22,16,10,15
run_20260811_normal_02,normal,2402,163363,1024,2816,20,162311,460800,5,7,18,10,18
run_20260811_normal_02,normal,2403,163427,1024,3328,17,201941,102400,5,14,21,10,11
run_20260811_normal_02,normal,2404,163491,1024,3584,24,165428,51200,5,17,12,14,16
run_20260811_normal_02,normal,2405,163555,1280,3840,27,172383,409600,5,13,16,17,14
run_20260811_normal_02,normal,2406,163619,1024,3840,23,216384,153600,5,18,10,18,8
run_20260811_normal_02,normal,2407,163683,1536,6144,38,394668,768000,5,9,9,12,11
run_20260811_normal_02,normal,2408,163747,1536,6144,41,403590,512000,10,17,30,24,13
run_20260811_normal_02,normal,2409,163811,1280,5632,28,282051,204800,8,20,18,15,14
run_20260811_normal_02,normal,2410,163875,1024,3072,23,166480,51200,5,16,11,9,9
run_20260811_normal_02,normal,2411,163939,1024,2816,16,190792,51200,5,19,11,8,10
run_20260811_normal_02,normal,2412,164003,1024,3840,21,275003,51200,8,21,10,10,12
run_20260811_normal_02,normal,2413,164067,1024,3584,21,220801,358400,8,18,17,14,10
run_20260811_normal_02,normal,2414,164131,1024,2816,19,151264,102400,5,20,12,17,12
run_20260811_normal_02,normal,2415,164195,1024,4608,23,306633,1075200,5,5,12,10,19
run_20260811_normal_02,normal,2416,164259,1280,4608,27,284648,153600,5,16,17,12,9
run_20260811_normal_02,normal,2417,164323,1280,3840,31,188043,256000,5,19,19,23,17
run_20260811_normal_02,normal,2418,164387,1280,3584,27,149952,51200,5,24,14,16,12
run_20260811_normal_02,normal,2419,164451,1024,4096,23,222229,358400,5,11,19,16,9
run_20260811_normal_02,normal,2420,164515,1024,4352,24,246909,358400,8,11,18,11,25
run_20260811_normal_02,normal,2421,164579,1024,3072,24,162060,51200,5,15,15,13,9
run_20260811_normal_02,normal,2422,164643,1024,3328,23,193437,256000,5,17,10,11,15
run_20260811_normal_02,normal,2423,164707,1280,3328,25,201558,102400,5,16,12,17,11
run_20260811_normal_02,normal,2424,164771,1280,3328,27,172251,563200,10,11,28,16,13
run_20260811_normal_02,normal,2425,164835,1024,2816,20,179423,870400,5,11,10,15,11
run_20260811_normal_02,normal,2426,164899,1024,3072,19,193767,307200,8,27,13,11,14
run_20260811_normal_02,normal,2427,164963,1024,3072,21,166521,102400,5,21,15,15,11
run_20260811_normal_02,normal,2428,165027,1280,3072,28,160530,409600,8,15,19,8,12
run_20260811_normal_02,normal,2429,165091,1024,3072,24,178623,51200,5,15,13,11,11
run_20260811_normal_02,normal,2430,165155,1536,8192,45,612746,870400,8,11,15,18,16
run_20260811_normal_02,normal,2431,165219,1792,8192,49,525742,563200,10,20,23,20,30
run_20260811_normal_02,normal,2432,165283,1024,3328,18,204210,153600,5,18,10,10,15
run_20260811_normal_02,normal,2433,165347,1024,3584,19,209010,204800,10,25,11,9,13
run_20260811_normal_02,normal,2434,165411,1024,3328,21,207501,256000,5,18,13,14,12
run_20260811_normal_02,normal,2435,165475,1024,3328,22,203153,307200,5,11,14,12,12
run_20260811_normal_02,normal,2436,165539,1024,3840,23,222693,102400,5,21,15,14,18
run_20260811_normal_02,normal,2437,165603,1280,3584,32,153430,358400,5,12,20,12,10
run_20260811_normal_02,normal,2438,165667,1536,3584,38,145082,204800,5,20,19,13,14
run_20260811_normal_02,normal,2439,165731,1280,3584,31,192805,563200,10,12,33,12,15
run_20260811_normal_02,normal,2440,165795,1024,3328,20,195532,51200,5,20,10,8,15
run_20260811_normal_02,normal,2441,165859,1024,2304,16,162763,460800,5,12,14,17,9
run_20260811_normal_02,normal,2442,165923,1024,3328,18,210430,512000,5,12,14,11,13
run_20260811_normal_02,normal,2443,165987,1024,3072,18,187243,307200,5,13,15,9,16
run_20260811_normal_02,normal,2444,166051,1024,3328,19,199870,1126400,8,8,12,14,22
run_20260811_normal_02,normal,2445,166115,1024,3584,23,213305,307200,8,23,14,13,10
run_20260811_normal_02,normal,2446,166179,1536,5120,38,223205,51200,5,25,19,15,14
run_20260811_normal_02,normal,2447,166243,1536,4608,38,224427,51200,5,18,20,23,15
run_20260811_normal_02,normal,2448,166307,1024,3328,21,173629,51200,5,23,9,10,9
run_20260811_normal_02,normal,2449,166371,1024,2816,19,148389,204800,5,15,10,13,15
run_20260811_normal_02,normal,2450,166435,1280,2816,26,142880,665600,8,17,15,16,16
run_20260811_normal_02,normal,2451,166499,1280,3072,25,154317,51200,5,18,13,12,12
run_20260811_normal_02,normal,2452,166563,1024,3072,20,157320,307200,8,16,17,13,11
run_20260811_normal_02,normal,2453,166627,1024,3328,24,161797,153600,5,18,8,15,11
run_20260811_normal_02,normal,2454,166691,1024,3328,19,217294,102400,5,15,17,16,13
run_20260811_normal_02,normal,2455,166755,768,3328,14,250222,153600,5,14,6,13,13
run_20260811_normal_02,normal,2456,166819,1024,3328,17,230953,51200,5,18,10,10,16
run_20260811_normal_02,normal,2457,166883,1024,3072,16,212491,460800,5,12,15,17,17
run_20260811_normal_02,normal,2458,166947,768,3072,15,214767,51200,5,14,11,10,13
run_20260811_normal_02,normal,2459,167011,1024,2816,20,191411,358400,10,16,17,16,17
run_20260811_normal_02,normal,2460,167075,1280,5376,32,278362,204800,8,21,13,14,9
run_20260811_normal_02,normal,2461,167139,1536,5376,37,263517,153600,8,33,10,16,15
run_20260811_normal_02,normal,2462,167203,1280,3840,27,235345,256000,5,16,8,18,15
run_20260811_normal_02,normal,2463,167267,1280,3840,27,211373,51200,5,15,18,9,17
run_20260811_normal_02,normal,2464,167331,1280,3584,27,181976,153600,8,20,13,15,11
run_20260811_normal_02,normal,2465,167395,1280,2816,26,146063,102400,5,15,13,20,20
run_20260811_normal_02,normal,2466,167459,1280,3584,29,150012,153600,5,15,19,21,12
run_20260811_normal_02,normal,2467,167523,1024,3840,24,190391,1075200,8,11,18,16,28
run_20260811_normal_02,normal,2468,167587,1280,3584,26,232183,307200,5,14,10,10,16
run_20260811_normal_02,normal,2469,167651,1280,3840,25,223268,102400,5,21,14,14,14
run_20260811_normal_02,normal,2470,167715,1024,2816,24,161755,512000,9,21,24,14,11
run_20260811_normal_02,normal,2471,167779,1280,4096,27,213409,358400,8,13,19,13,10
run_20260811_normal_02,normal,2472,167843,1024,4608,22,339166,51200,8,23,16,14,16
run_20260811_normal_02,normal,2473,167907,1024,3328,18,189684,358400,8,11,15,15,10
run_20260811_normal_02,normal,2474,167971,1024,3072,20,162393,51200,5,25,12,9,11
run_20260811_normal_02,normal,2475,168035,1024,2816,20,172182,153600,8,21,16,12,13
run_20260811_normal_02,normal,2476,168099,1024,3840,23,227160,51200,5,17,17,13,19
run_20260811_normal_02,normal,2477,168163,1024,3840,20,237945,153600,5,14,18,12,12
run_20260811_normal_02,normal,2478,168227,1024,2560,20,159736,51200,5,20,9,12,11
run_20260811_normal_02,normal,2479,168291,1024,2816,18,189348,51200,5,17,11,12,12
run_20260811_normal_02,normal,2480,168355,1024,3584,23,191762,256000,5,15,16,12,9
run_20260811_normal_02,normal,2481,168419,1280,3584,29,166580,51200,5,21,11,14,10
run_20260811_normal_02,normal,2482,168483,1024,2816,22,165022,358400,8,21,21,14,16
run_20260811_normal_02,normal,2483,168547,1024,2560,20,151956,307200,8,21,13,14,11
run_20260811_normal_02,normal,2484,168611,1280,4096,26,220998,307200,8,23,11,13,15
run_20260811_normal_02,normal,2485,168675,1280,4096,34,194678,768000,13,19,9,33,19
run_20260811_normal_02,normal,2486,168739,1280,3584,31,186747,51200,5,17,15,14,17
run_20260811_normal_02,normal,2487,168803,1280,3328,25,190089,512000,5,11,17,12,10
run_20260811_normal_02,normal,2488,168867,1024,3072,22,166717,307200,8,14,22,20,14
run_20260811_normal_02,normal,2489,168931,1280,3840,27,204959,153600,5,20,21,10,11
run_20260811_normal_02,normal,2490,168995,1280,3840,29,200445,563200,8,11,21,20,13
run_20260811_normal_02,normal,2491,169059,1792,9216,58,650740,51200,8,30,12,14,26
run_20260811_normal_02,normal,2492,169123,2048,9216,67,581048,921600,9,24,23,24,17
run_20260811_normal_02,normal,2493,169187,1280,5888,33,383144,153600,5,13,15,9,11
run_20260811_normal_02,normal,2494,169251,1024,3840,22,223955,768000,8,14,9,21,15
run_20260811_normal_02,normal,2495,169315,1024,3840,21,269129,256000,5,13,17,18,9
run_20260811_normal_02,normal,2496,169379,1024,3840,21,213557,307200,5,14,13,7,12
run_20260811_normal_02,normal,2497,169443,1024,2560,21,154394,256000,5,14,13,10,14
run_20260811_normal_02,normal,2498,169507,1024,3584,20,207001,153600,5,16,15,15,10
run_20260811_normal_02,normal,2499,169571,2048,7936,78,465155,1280000,10,13,14,23,34
run_20260811_normal_02,normal,2500,169635,2304,7680,81,436651,716800,10,19,26,32,18
run_20260811_normal_02,normal,2501,169699,1792,8448,61,365501,1280000,10,18,16,24,27
run_20260811_normal_02,normal,2502,169763,2816,10752,128,369898,153600,5,16,20,16,14
run_20260811_normal_02,normal,2503,169827,2304,10752,86,594351,614400,10,8,29,26,24
run_20260811_normal_02,normal,2504,169891,1280,3840,25,198206,256000,5,15,17,17,16
run_20260811_normal_02,normal,2505,169955,1280,4352,33,214679,51200,5,12,17,14,12
run_20260811_normal_02,normal,2506,170019,1536,4864,36,257723,153600,5,21,18,14,11
run_20260811_normal_02,normal,2507,170083,1280,5120,26,299206,921600,9,9,17,24,14
run_20260811_normal_02,normal,2508,170147,1024,3328,17,225330,204800,5,19,9,12,14
run_20260811_normal_02,normal,2509,170211,1024,3072,22,164889,665600,10,20,14,23,13
run_20260811_normal_02,normal,2510,170275,1024,2816,24,150641,204800,5,14,11,20,15
run_20260811_normal_02,normal,2511,170339,1280,3840,27,170702,358400,8,13,15,16,10
run_20260811_normal_02,normal,2512,170403,1280,3840,29,178635,460800,13,11,28,17,10
run_20260811_normal_02,normal,2513,170467,1024,3584,21,189776,358400,5,10,15,12,9
run_20260811_normal_02,normal,2514,170531,1280,4096,26,237117,204800,5,15,13,18,8
run_20260811_normal_02,normal,2515,170595,1280,4352,29,206893,665600,9,9,14,24,11
run_20260811_normal_02,normal,2516,170659,1024,3328,22,174345,256000,8,15,14,15,8
run_20260811_normal_02,normal,2517,170723,1024,3072,19,185164,716800,5,12,15,16,6
run_20260811_normal_02,normal,2518,170787,1024,3328,19,225025,153600,5,15,17,8,11
run_20260811_normal_02,normal,2519,170851,1280,3840,29,208730,153600,5,22,9,17,12
run_20260811_normal_02,normal,2520,170915,1280,3584,27,192507,563200,8,14,27,14,13
run_20260811_normal_02,normal,2521,170979,1024,3072,24,166269,307200,5,15,13,15,20
run_20260811_normal_02,normal,2522,171043,1024,3072,21,195953,768000,10,17,11,22,17
run_20260811_normal_02,normal,2523,171107,1024,3072,16,211737,256000,8,19,12,10,11
run_20260811_normal_02,normal,2524,171171,1024,3840,24,222059,51200,5,16,11,18,17
run_20260811_normal_02,normal,2525,171235,1280,3840,25,231167,256000,5,13,7,19,16
run_20260811_normal_02,normal,2526,171299,1024,3328,23,220985,665600,5,11,11,17,13
run_20260811_normal_02,normal,2527,171363,1024,3328,24,190209,460800,5,11,15,24,14
run_20260811_normal_02,normal,2528,171427,1024,3328,19,195785,1280000,8,14,11,14,18
run_20260811_normal_02,normal,2529,171491,1024,3072,17,193525,409600,5,12,17,14,17
run_20260811_normal_02,normal,2530,171555,768,2304,15,167138,102400,5,15,10,14,12
run_20260811_normal_02,normal,2531,171619,1024,2560,18,153900,51200,5,21,15,13,11
run_20260811_normal_02,normal,2532,171683,1024,3328,20,208031,972800,5,11,11,12,16
run_20260811_normal_02,normal,2533,171747,1024,3072,24,189173,307200,8,27,17,15,13
run_20260811_normal_02,normal,2534,171811,1280,3584,25,175973,307200,5,16,15,14,12
run_20260811_normal_02,normal,2535,171875,1280,3328,28,176635,512000,10,17,23,18,11
run_20260811_normal_02,normal,2536,171939,1280,4352,33,190957,204800,5,17,18,17,10
run_20260811_normal_02,normal,2537,172003,2048,7936,65,359391,256000,5,12,14,15,25
run_20260811_normal_02,normal,2538,172067,2816,12288,131,402709,716800,17,17,40,66,25
run_20260811_normal_02,normal,2539,172131,2304,12032,90,617473,358400,5,12,20,18,11
run_20260811_normal_02,normal,2540,172195,768,3072,15,232996,102400,5,18,10,8,11
run_20260811_normal_02,normal,2541,172259,1024,2560,18,150173,102400,5,16,10,14,15
run_20260811_normal_02,normal,2542,172323,1280,3072,25,158739,665600,9,15,14,17,11
run_20260811_normal_02,normal,2543,172387,1280,3584,25,201050,256000,5,15,8,12,17
run_20260811_normal_02,normal,2544,172451,1280,3840,25,207026,153600,8,21,20,17,14
run_20260811_normal_02,normal,2545,172515,1280,5888,34,314701,51200,5,23,13,14,11
run_20260811_normal_02,normal,2546,172579,1280,5888,27,442136,102400,5,16,14,18,23
run_20260811_normal_02,normal,2547,172643,1024,3072,17,234699,51200,5,20,11,14,20
run_20260811_normal_02,normal,2548,172707,1024,3072,19,197020,256000,5,16,10,14,17
run_20260811_normal_02,normal,2549,172771,1024,2304,18,137524,51200,5,11,12,17,22
run_20260811_normal_02,normal,2550,172835,1024,2304,18,135484,51200,8,18,10,10,11
run_20260811_normal_02,normal,2551,172899,1024,2816,21,165352,358400,8,18,15,15,17
run_20260811_normal_02,normal,2552,172963,1280,3328,26,170669,256000,5,18,16,14,13
run_20260811_normal_02,normal,2553,173027,1024,4096,24,202486,972800,9,11,14,9,25
run_20260811_normal_02,normal,2554,173091,1280,4352,28,211331,512000,8,21,24,14,10
run_20260811_normal_02,normal,2555,173155,1280,3840,29,177100,665600,9,12,15,20,12
run_20260811_normal_02,normal,2556,173219,1280,2816,25,145659,153600,8,22,11,13,19
run_20260811_normal_02,normal,2557,173283,1024,3584,23,234892,512000,5,15,14,11,12
run_20260811_normal_02,normal,2558,173347,1024,3072,20,214537,204800,10,26,8,10,11
run_20260811_normal_02,normal,2559,173411,1024,4096,24,240710,204800,5,16,11,19,12
run_20260811_normal_02,normal,2560,173475,1280,3840,30,192039,460800,5,12,16,15,14
run_20260811_normal_02,normal,2561,173539,1280,4096,30,177833,256000,8,30,19,10,10
run_20260811_normal_02,normal,2562,173603,1280,3584,28,192403,102400,5,17,13,20,11
run_20260811_normal_02,normal,2563,173667,1024,4352,21,249834,51200,4,10,8,12,11
run_20260811_normal_02,normal,2564,173731,1280,4096,29,177069,307200,8,23,28,18,9
run_20260811_normal_02,normal,2565,173795,1280,4352,31,193803,870400,8,13,23,22,13
run_20260811_normal_02,normal,2566,173859,1024,4352,23,263642,358400,8,11,18,10,18
run_20260811_normal_02,normal,2567,173923,1024,2816,16,194313,102400,5,14,15,14,16
run_20260811_normal_02,normal,2568,173987,1280,5376,31,296752,358400,8,18,14,12,13
run_20260811_normal_02,normal,2569,174051,1280,5376,35,255481,614400,8,9,22,9,10
run_20260811_normal_02,normal,2570,174115,1024,3072,22,164214,204800,8,17,11,10,10
run_20260811_normal_02,normal,2571,174179,1024,3840,21,219404,153600,5,20,10,13,20
run_20260811_normal_02,normal,2572,174243,1024,3584,24,195981,409600,5,10,11,15,10
run_20260811_normal_02,normal,2573,174307,1024,3584,20,212504,921600,8,9,20,20,13
run_20260811_normal_02,normal,2574,174371,1024,3072,18,206453,307200,5,15,9,13,12
run_20260811_normal_02,normal,2575,174435,1280,3328,27,180146,1177600,8,14,12,10,19
run_20260811_normal_02,normal,2576,174499,1280,3328,25,200761,716800,10,11,10,20,19
run_20260811_normal_02,normal,2577,174563,1024,3584,17,236324,768000,9,8,13,25,8
run_20260811_normal_02,normal,2578,174627,768,2048,11,166748,51200,2,11,11,10,10
run_20260811_normal_02,normal,2579,174691,768,2560,13,183826,460800,5,12,17,17,9
run_20260811_normal_02,normal,2580,174755,1024,2816,18,187436,563200,8,9,18,14,12
run_20260811_normal_02,normal,2581,174819,1024,2816,21,168367,768000,5,10,11,22,9
run_20260811_normal_02,normal,2582,174883,1280,3072,28,159197,768000,8,10,24,18,13
run_20260811_normal_02,normal,2583,174947,1280,3840,27,212154,51200,8,24,10,9,9
run_20260811_normal_02,normal,2584,175011,1536,7936,42,551627,563200,10,17,21,32,19
run_20260811_normal_02,normal,2585,175075,1536,7936,42,543718,51200,8,20,15,19,12
run_20260811_normal_02,normal,2586,175139,1280,2816,25,173272,102400,5,15,17,11,21
run_20260811_normal_02,normal,2587,175203,1280,3072,29,154752,512000,10,14,27,13,15
run_20260811_normal_02,normal,2588,175267,1280,3328,29,147069,102400,5,16,16,13,18
run_20260811_normal_02,normal,2589,175331,1024,3328,21,183328,153600,8,24,12,14,15
run_20260811_normal_02,normal,2590,175395,1024,3584,24,241452,153600,5,14,13,11,10
run_20260811_normal_02,normal,2591,175459,1792,6144,52,294813,153600,10,29,15,9,17
run_20260811_normal_02,normal,2592,175523,1792,5888,50,285432,563200,9,16,26,30,15
run_20260811_normal_02,normal,2593,175587,1280,3328,25,192902,51200,5,21,10,14,11
run_20260811_normal_02,normal,2594,175651,1024,2816,18,211113,614400,5,10,14,16,9
run_20260811_normal_02,normal,2595,175715,1024,3072,24,169807,153600,8,27,8,10,12
run_20260811_normal_02,normal,2596,175779,1280,3584,29,163070,256000,5,12,13,15,10
run_20260811_normal_02,normal,2597,175843,1280,3840,32,170201,51200,5,27,15,13,10
run_20260811_normal_02,normal,2598,175907,1280,3584,26,175057,665600,8,15,21,21,11
run_20260811_normal_02,normal,2599,175971,1280,4608,27,254051,102400,5,22,15,12,15
run_20260811_normal_02,normal,2600,176035,1280,4352,31,207623,256000,5,14,10,13,11
run_20260811_normal_02,normal,2601,176099,1280,3840,25,183556,51200,8,24,14,14,12
run_20260811_normal_02,normal,2602,176163,1024,3584,21,194362,51200,5,14,15,12,17
run_20260811_normal_02,normal,2603,176227,768,2560,15,189111,460800,5,10,14,17,10
run_20260811_normal_02,normal,2604,176291,1024,2816,19,185485,102400,5,12,9,11,18
run_20260811_normal_02,normal,2605,176355,1024,2816,20,170695,768000,8,10,14,21,8
run_20260811_normal_02,normal,2606,176419,1024,2816,17,177498,256000,5,14,15,10,9
run_20260811_normal_02,normal,2607,176483,1024,3328,24,180511,153600,5,13,9,16,25
run_20260811_normal_02,normal,2608,176547,1280,3584,31,159033,307200,8,18,20,13,16
run_20260811_normal_02,normal,2609,176611,1024,2816,24,167162,102400,8,22,17,13,12
run_20260811_normal_02,normal,2610,176675,1280,3840,25,210456,614400,5,12,14,16,11
run_20260811_normal_02,normal,2611,176739,1280,3840,27,226930,256000,8,21,16,26,13
run_20260811_normal_02,normal,2612,176803,1024,3328,22,202848,665600,5,8,9,13,16
run_20260811_normal_02,normal,2613,176867,1280,3840,26,186509,102400,8,27,18,13,15
run_20260811_normal_02,normal,2614,176931,1280,3584,28,173934,768000,8,21,16,18,15
run_20260811_normal_02,normal,2615,176995,1024,2816,21,172041,460800,5,11,16,11,13
run_20260811_normal_02,normal,2616,177059,1280,3840,31,162161,307200,10,19,23,11,16
run_20260811_normal_02,normal,2617,177123,1536,3584,36,149607,204800,13,27,12,15,9
run_20260811_normal_02,normal,2618,177187,1280,3840,25,184013,256000,5,16,12,13,13
run_20260811_normal_02,normal,2619,177251,1024,2816,19,164370,512000,8,16,17,11,14
run_20260811_normal_02,normal,2620,177315,1024,2816,24,160877,460800,5,11,20,12,17
run_20260811_normal_02,normal,2621,177379,1280,3072,25,182244,512000,5,10,15,19,11
run_20260811_normal_02,normal,2622,177443,1024,3072,22,199900,307200,5,12,11,25,13
run_20260811_normal_02,normal,2623,177507,1280,3584,29,183486,153600,5,14,16,12,13
run_20260811_normal_02,normal,2624,177571,1280,3584,29,198606,153600,5,15,14,17,16
run_20260811_normal_02,normal,2625,177635,1280,3328,26,190817,51200,5,17,12,11,11
run_20260811_normal_02,normal,2626,177699,1024,2816,23,160224,358400,8,13,22,14,11
run_20260811_normal_02,normal,2627,177763,1024,3072,17,196327,358400,5,12,18,14,9
run_20260811_normal_02,normal,2628,177827,1024,3328,18,220172,512000,5,9,18,11,15
run_20260811_normal_02,normal,2629,177891,1024,3072,23,172626,256000,8,23,12,13,11
run_20260811_normal_02,normal,2630,177955,1280,3840,32,175580,409600,5,14,20,18,13
run_20260811_normal_02,normal,2631,178019,1536,4096,37,187604,512000,10,22,23,16,14
run_20260811_normal_02,normal,2632,178083,1280,3840,33,171006,563200,8,15,20,8,10
run_20260811_normal_02,normal,2633,178147,1280,3328,27,167645,153600,8,27,19,11,18
run_20260811_normal_02,normal,2634,178211,1280,3584,28,186383,51200,5,14,15,18,10
run_20260811_normal_02,normal,2635,178275,1280,3328,31,161988,614400,8,11,21,9,18
run_20260811_normal_02,normal,2636,178339,1280,3072,26,170163,51200,5,12,13,20,18
run_20260811_normal_02,normal,2637,178403,1024,3328,20,209637,972800,5,12,10,9,15
run_20260811_normal_02,normal,2638,178467,1024,3072,21,196632,460800,8,20,20,17,20
run_20260811_normal_02,normal,2639,178531,1024,2560,21,162793,51200,5,17,16,10,9
run_20260811_normal_02,normal,2640,178595,1024,2560,16,186099,153600,5,13,13,13,11
run_20260811_normal_02,normal,2641,178659,1024,2560,19,158551,460800,5,12,19,12,14
run_20260811_normal_02,normal,2642,178723,1024,2816,23,147765,768000,8,12,17,16,17
run_20260811_normal_02,normal,2643,178787,1024,2816,23,137342,102400,5,15,17,13,15
run_20260811_normal_02,normal,2644,178851,1024,2560,20,148622,153600,5,21,21,10,12
run_20260811_normal_02,normal,2645,178915,1024,2560,20,149093,102400,8,26,15,10,13
run_20260811_normal_02,normal,2646,178979,1024,2560,19,150445,256000,5,17,17,13,16
run_20260811_normal_02,normal,2647,179043,1024,3584,18,240060,307200,5,13,9,17,12
run_20260811_normal_02,normal,2648,179107,1024,3584,20,225934,972800,10,29,9,10,24
run_20260811_normal_02,normal,2649,179171,1024,2816,20,152807,256000,8,21,10,13,14
run_20260811_normal_02,normal,2650,179235,1024,3072,21,173171,460800,5,12,21,8,9
run_20260811_normal_02,normal,2651,179299,1024,2816,21,177814,102400,5,14,14,14,15
run_20260811_normal_02,normal,2652,179363,1792,7680,57,402924,563200,8,20,19,16,11
run_20260811_normal_02,normal,2653,179427,1792,7680,61,368390,153600,8,21,31,23,13
run_20260811_normal_02,normal,2654,179491,1024,3840,24,217300,358400,8,15,19,14,18
run_20260811_normal_02,normal,2655,179555,1024,3328,18,202475,665600,8,12,6,17,13
run_20260811_normal_02,normal,2656,179619,1024,3584,17,234310,153600,5,17,9,11,14
run_20260811_normal_02,normal,2657,179683,1024,3840,18,244384,716800,5,12,9,13,16
run_20260811_normal_02,normal,2658,179747,1280,4096,30,213591,460800,5,11,17,14,11
run_20260811_normal_02,normal,2659,179811,1024,3840,24,212302,256000,5,13,16,12,16
run_20260811_normal_02,normal,2660,179875,1024,3072,18,189236,307200,8,16,14,15,10
run_20260811_normal_02,normal,2661,179939,1024,3584,23,215706,153600,5,19,15,12,15
run_20260811_normal_02,normal,2662,180003,1280,4096,29,224261,51200,5,20,9,17,11
run_20260811_normal_02,normal,2663,180067,1024,4096,23,245942,716800,10,15,16,32,14
run_20260811_normal_02,normal,2664,180131,768,2816,15,188744,665600,5,10,9,13,11
run_20260811_normal_02,normal,2665,180195,768,2816,15,228257,768000,4,11,9,13,12
run_20260811_normal_02,normal,2666,180259,1024,3584,22,220103,358400,8,16,18,12,10
run_20260811_normal_02,normal,2667,180323,1024,3328,23,193884,665600,10,15,18,20,14
run_20260811_normal_02,normal,2668,180387,1280,5632,35,377570,870400,8,19,13,23,15
run_20260811_normal_02,normal,2669,180451,1536,5632,43,276727,512000,5,11,14,23,23
run_20260811_normal_02,normal,2670,180515,1536,4096,39,157911,51200,5,28,20,11,14
run_20260811_normal_02,normal,2671,180579,1280,4352,30,226581,307200,8,22,18,19,13
run_20260811_normal_02,normal,2672,180643,1024,3584,19,231143,51200,5,17,12,10,22
run_20260811_normal_02,normal,2673,180707,1280,3840,25,203978,972800,8,13,15,12,18
run_20260811_normal_02,normal,2674,180771,1280,3840,26,205721,102400,5,20,15,12,11
run_20260811_normal_02,normal,2675,180835,1536,5120,36,229822,358400,5,11,24,13,11
run_20260811_normal_02,normal,2676,180899,1536,5120,38,242126,358400,8,14,19,22,15
run_20260811_normal_02,normal,2677,180963,1280,4608,27,271717,460800,5,9,16,12,20
run_20260811_normal_02,normal,2678,181027,1024,3840,21,227350,204800,5,17,14,17,14
run_20260811_normal_02,normal,2679,181091,1280,4096,26,188339,204800,8,20,10,15,9
run_20260811_normal_02,normal,2680,181155,1280,4352,31,202253,102400,8,23,17,17,19
run_20260811_normal_02,normal,2681,181219,1280,4864,28,224444,51200,5,18,17,13,17
run_20260811_normal_02,normal,2682,181283,1280,3584,31,169902,358400,8,13,23,14,10
run_20260811_normal_02,normal,2683,181347,2560,9472,119,365532,716800,20,8,21,84,20
run_20260811_normal_02,normal,2684,181411,2560,9472,111,415500,768000,8,10,16,32,22
run_20260811_normal_02,normal,2685,181475,1024,3072,19,193864,102400,5,20,13,11,15
run_20260811_normal_02,normal,2686,181539,1024,3072,20,175470,153600,8,24,18,11,10
run_20260811_normal_02,normal,2687,181603,768,2816,15,203752,512000,5,11,17,14,12
run_20260811_normal_02,normal,2688,181667,1024,2816,19,193183,307200,5,15,9,17,16
run_20260811_normal_02,normal,2689,181731,1024,3072,22,180197,204800,8,18,8,16,15
run_20260811_normal_02,normal,2690,181795,1280,6400,25,512253,102400,5,17,12,10,15
run_20260811_normal_02,normal,2691,181859,1536,6656,45,404225,870400,10,12,12,27,26
run_20260811_normal_02,normal,2692,181923,1536,6144,45,322037,51200,5,15,17,10,20
run_20260811_normal_02,normal,2693,181987,1280,4352,29,279866,307200,8,22,12,8,15
run_20260811_normal_02,normal,2694,182051,1280,4608,26,244333,460800,5,11,23,16,14
run_20260811_normal_02,normal,2695,182115,1024,3328,24,168420,102400,5,16,15,23,17
run_20260811_normal_02,normal,2696,182179,1024,2816,24,147601,1280000,8,17,18,16,20
run_20260811_normal_02,normal,2697,182243,1280,4864,34,254821,256000,5,17,13,19,21
run_20260811_normal_02,normal,2698,182307,1536,4608,44,185888,153600,8,25,19,15,10
run_20260811_normal_02,normal,2699,182371,1536,4608,36,196809,358400,10,19,30,11,17
run_20260811_normal_02,normal,2700,182435,1280,4352,27,215969,153600,8,20,17,9,14
run_20260811_normal_02,normal,2701,182499,1024,2304,16,143515,460800,5,10,14,10,14
run_20260811_normal_02,normal,2702,182563,768,2560,15,168306,870400,5,9,12,12,12
run_20260811_normal_02,normal,2703,182627,1024,3328,19,201758,256000,5,15,11,17,13
run_20260811_normal_02,normal,2704,182691,1024,3328,19,212180,460800,5,10,14,18,11
run_20260811_normal_02,normal,2705,182755,1280,4352,26,251866,409600,5,9,20,10,13
run_20260811_normal_02,normal,2706,182819,1792,5376,49,229480,256000,5,16,18,14,17
run_20260811_normal_02,normal,2707,182883,1536,5376,43,247825,358400,8,14,20,19,24
run_20260811_normal_02,normal,2708,182947,1024,3328,24,195435,358400,9,21,17,21,13
run_20260811_normal_02,normal,2709,183011,1024,3072,21,196857,358400,8,17,20,14,11
run_20260811_normal_02,normal,2710,183075,1024,2816,17,182015,358400,5,9,13,15,9
run_20260811_normal_02,normal,2711,183139,1024,2816,18,169569,307200,5,13,19,8,12
run_20260811_normal_02,normal,2712,183203,1024,4352,23,234900,102400,5,14,10,9,10
run_20260811_normal_02,normal,2713,183267,1280,4608,30,220144,870400,8,15,19,24,12
run_20260811_normal_02,normal,2714,183331,1280,3328,29,174774,972800,8,17,14,15,22
run_20260811_normal_02,normal,2715,183395,1280,3072,28,144165,256000,10,23,10,15,19
run_20260811_normal_02,normal,2716,183459,1024,3072,24,160410,460800,5,9,18,16,19
run_20260811_normal_02,normal,2717,183523,1024,2816,18,161382,102400,8,24,15,10,9
run_20260811_normal_02,normal,2718,183587,768,2304,15,154059,256000,5,15,14,11,7
run_20260811_normal_02,normal,2719,183651,1024,3072,18,187894,153600,5,14,9,9,12
run_20260811_normal_02,normal,2720,183715,1024,3072,22,151167,51200,5,12,15,18,14
run_20260811_normal_02,normal,2721,183779,1280,7424,34,556314,665600,8,11,7,21,12
run_20260811_normal_02,normal,2722,183843,1792,7680,57,392661,409600,10,16,43,20,33
run_20260811_normal_02,normal,2723,183907,1536,5888,42,319771,358400,5,14,16,10,14
run_20260811_normal_02,normal,2724,183971,1024,2816,17,170149,51200,5,13,10,20,10
run_20260811_normal_02,normal,2725,184035,768,2304,14,167931,716800,5,9,11,13,10
run_20260811_normal_02,normal,2726,184099,1024,2816,16,183921,307200,8,19,16,15,15
run_20260811_normal_02,normal,2727,184163,1024,3072,20,219783,51200,5,17,14,11,11
run_20260811_normal_02,normal,2728,184227,1024,3328,23,207641,358400,8,9,17,10,13
run_20260811_normal_02,normal,2729,184291,1280,3328,25,167447,358400,10,14,22,12,17
run_20260811_normal_02,normal,2730,184355,1280,3328,26,182035,665600,5,10,10,21,12
run_20260811_normal_02,normal,2731,184419,1280,3584,28,181109,256000,8,30,11,19,12
run_20260811_normal_02,normal,2732,184483,1280,3584,34,170663,51200,8,19,27,13,12
run_20260811_normal_02,normal,2733,184547,1280,3584,32,193422,102400,5,21,13,9,14
run_20260811_normal_02,normal,2734,184611,1024,3584,24,205615,51200,5,19,13,10,15
run_20260811_normal_02,normal,2735,184675,1024,3584,22,200518,460800,5,8,17,15,11
run_20260811_normal_02,normal,2736,184739,1024,2816,19,187145,307200,5,13,11,12,13
run_20260811_normal_02,normal,2737,184803,1536,5888,38,298102,358400,5,10,17,23,14
run_20260811_normal_02,normal,2738,184867,1536,6144,44,252017,512000,5,9,17,13,14
run_20260811_normal_02,normal,2739,184931,1024,3328,21,158485,307200,8,27,10,11,12
run_20260811_normal_02,normal,2740,184995,1024,2304,18,143944,358400,5,13,13,13,17
run_20260811_normal_02,normal,2741,185059,1024,3072,22,164666,358400,8,14,19,10,8
run_20260811_normal_02,normal,2742,185123,1280,3840,25,205820,51200,8,15,9,21,12
run_20260811_normal_02,normal,2743,185187,1280,3840,26,203314,1024000,8,13,14,15,28
run_20260811_normal_02,normal,2744,185251,1280,6656,32,476580,256000,5,18,12,14,11
run_20260811_normal_02,normal,2745,185315,1536,6912,36,530557,665600,13,12,21,29,20
run_20260811_normal_02,normal,2746,185379,1024,5120,24,337361,102400,5,14,11,14,14
run_20260811_normal_02,normal,2747,185443,1024,3072,18,159192,153600,8,18,11,22,13
run_20260811_normal_02,normal,2748,185507,1024,3328,18,187349,51200,5,17,10,10,6
run_20260811_normal_02,normal,2749,185571,768,2304,14,170923,460800,5,11,13,14,10
run_20260811_normal_02,normal,2750,185635,1024,4352,20,265326,204800,5,13,10,16,11
run_20260811_normal_02,normal,2751,185699,1280,4352,25,242242,563200,13,10,32,20,10
run_20260811_normal_02,normal,2752,185763,1280,4352,30,231886,665600,5,11,9,21,15
run_20260811_normal_02,normal,2753,185827,1280,4096,25,287457,256000,5,15,12,19,13
run_20260811_normal_02,normal,2754,185891,768,2816,15,194238,307200,5,12,19,12,12
run_20260811_normal_02,normal,2755,185955,1024,2816,23,158010,409600,8,12,24,16,11
run_20260811_normal_02,normal,2756,186019,1024,3072,22,189908,102400,5,16,14,13,17
run_20260811_normal_02,normal,2757,186083,1024,3584,23,194960,460800,5,11,16,16,15
run_20260811_normal_02,normal,2758,186147,1024,3072,23,153084,716800,8,11,20,19,10
run_20260811_normal_02,normal,2759,186211,1024,3328,21,195925,665600,8,10,9,27,16
run_20260811_normal_02,normal,2760,186275,1280,6144,33,463939,307200,8,17,19,12,25
run_20260811_normal_02,normal,2761,186339,1280,5888,29,506228,563200,8,9,23,14,10
run_20260811_normal_02,normal,2762,186403,1024,2816,17,176691,153600,4,14,11,10,12
run_20260811_normal_02,normal,2763,186467,1024,3328,22,164650,358400,10,18,21,9,21
run_20260811_normal_02,normal,2764,186531,1024,3328,20,167573,665600,5,10,10,19,19
run_20260811_normal_02,normal,2765,186595,1024,2560,22,149586,153600,5,17,10,15,12
run_20260811_normal_02,normal,2766,186659,1024,2816,18,173215,102400,8,21,18,12,13
run_20260811_normal_02,normal,2767,186723,1024,4864,20,411826,153600,5,15,9,16,11
run_20260811_normal_02,normal,2768,186787,1280,4864,33,231868,1075200,8,14,21,15,21
run_20260811_normal_02,normal,2769,186851,1280,3584,25,167627,614400,8,12,20,23,14
run_20260811_normal_02,normal,2770,186915,1024,3328,23,180515,204800,8,23,4,15,8
run_20260811_normal_02,normal,2771,186979,1280,4096,29,214387,665600,10,16,11,21,10
run_20260811_normal_02,normal,2772,187043,1024,3840,22,219787,665600,10,15,18,22,8
run_20260811_normal_02,normal,2773,187107,1024,3072,22,178559,921600,8,15,14,14,17
run_20260811_normal_02,normal,2774,187171,1280,3072,25,153408,512000,10,21,24,14,13
run_20260811_normal_02,normal,2775,187235,1280,4864,25,226776,358400,8,22,18,13,15
run_20260811_normal_02,normal,2776,187299,1024,4864,23,260227,153600,5,14,10,9,17
run_20260811_normal_02,normal,2777,187363,1024,2816,18,153828,512000,5,10,17,19,13
run_20260811_normal_02,normal,2778,187427,1024,2560,19,151905,716800,5,11,11,15,12
run_20260811_normal_02,normal,2779,187491,1024,4352,22,284665,51200,5,14,13,13,11
run_20260811_normal_02,normal,2780,187555,1280,4608,27,301706,204800,5,19,13,14,14
run_20260811_normal_02,normal,2781,187619,1024,4352,22,238785,307200,8,21,17,14,10
run_20260811_normal_02,normal,2782,187683,1280,5888,27,394899,563200,8,18,19,15,10
run_20260811_normal_02,normal,2783,187747,1536,6656,48,407514,307200,8,17,35,15,15
run_20260811_normal_02,normal,2784,187811,1536,6400,39,376869,153600,8,26,16,17,10
run_20260811_normal_02,normal,2785,187875,1024,3072,21,165756,153600,5,20,11,20,12
run_20260811_normal_02,normal,2786,187939,1024,2560,18,174807,204800,5,18,12,11,12
run_20260811_normal_02,normal,2787,188003,1024,3328,17,247333,358400,5,9,14,11,17
run_20260811_normal_02,normal,2788,188067,1280,3584,25,209761,51200,5,17,9,10,16
run_20260811_normal_02,normal,2789,188131,1024,3328,21,198061,512000,10,15,21,15,15
run_20260811_normal_02,normal,2790,188195,1024,2560,16,158808,153600,4,13,9,10,13
run_20260811_normal_02,normal,2791,188259,1024,2816,20,171847,563200,5,10,16,23,11
run_20260811_normal_02,normal,2792,188323,1024,2816,21,154379,358400,8,10,19,12,12
run_20260811_normal_02,normal,2793,188387,1024,2816,20,173963,153600,5,20,16,12,12
run_20260811_normal_02,normal,2794,188451,1280,4608,26,282883,358400,8,16,27,14,16
run_20260811_normal_02,normal,2795,188515,1280,4352,29,216384,51200,5,21,7,17,10
run_20260811_normal_02,normal,2796,188579,1024,3072,20,160461,51200,8,20,14,13,17
run_20260811_normal_02,normal,2797,188643,1024,3328,21,190353,102400,5,18,17,17,14
run_20260811_normal_02,normal,2798,188707,1536,8192,43,552338,460800,10,14,29,27,19
run_20260811_normal_02,normal,2799,188771,1536,8192,40,631346,153600,5,18,14,7,14
run_20260811_normal_02,normal,2800,188835,1024,3072,17,210451,51200,5,17,10,12,11
run_20260811_normal_02,normal,2801,188899,1280,3584,25,212502,256000,5,16,13,15,15
run_20260811_normal_02,normal,2802,188963,1024,3328,24,201302,563200,8,14,22,11,11
run_20260811_normal_02,normal,2803,189027,1024,2816,20,181612,716800,8,14,9,19,15
run_20260811_normal_02,normal,2804,189091,1280,3840,33,210117,102400,8,21,19,9,12
run_20260811_normal_02,normal,2805,189155,2048,8960,69,559753,870400,9,16,15,21,15
run_20260811_normal_02,normal,2806,189219,2048,8704,71,533867,1280000,10,18,28,27,31
run_20260811_normal_02,normal,2807,189283,1280,5376,34,243261,460800,5,10,17,21,16
run_20260811_normal_02,normal,2808,189347,1280,3840,30,188431,51200,5,19,14,13,13
run_20260811_normal_02,normal,2809,189411,1280,4096,30,214383,153600,8,27,16,16,12
run_20260811_normal_02,normal,2810,189475,1280,4096,25,249653,256000,5,14,17,13,16
run_20260811_normal_02,normal,2811,189539,1024,3584,18,249512,307200,5,14,12,10,16
run_20260811_normal_02,normal,2812,189603,1024,3840,23,192142,358400,5,8,16,16,16
run_20260811_normal_02,normal,2813,189667,1280,3584,35,164629,256000,8,18,11,13,13
run_20260811_normal_02,normal,2814,189731,1280,3584,29,197710,153600,5,14,20,20,13
run_20260811_normal_02,normal,2815,189795,1024,3328,19,191114,358400,8,11,17,11,11
run_20260811_normal_02,normal,2816,189859,1024,3328,21,177767,102400,5,20,15,9,12
run_20260811_normal_02,normal,2817,189923,1024,3328,19,197903,256000,8,21,13,14,13
run_20260811_normal_02,normal,2818,189987,768,3072,15,192084,358400,8,11,19,17,11
run_20260811_normal_02,normal,2819,190051,1024,3072,21,167144,102400,5,16,20,8,11
run_20260811_normal_02,normal,2820,190115,1024,2560,22,148347,153600,5,21,10,9,11
run_20260811_normal_02,normal,2821,190179,1024,2560,21,150859,460800,5,11,17,16,13
run_20260811_normal_02,normal,2822,190243,1024,2816,19,152584,102400,8,17,17,20,16
run_20260811_normal_02,normal,2823,190307,1024,2816,18,157896,307200,8,14,8,11,12
run_20260811_normal_02,normal,2824,190371,1024,3328,22,202380,256000,5,13,20,15,11
run_20260811_normal_02,normal,2825,190435,1280,3072,25,174911,256000,8,23,20,18,10
run_20260811_normal_02,normal,2826,190499,1280,3584,25,188312,153600,5,14,18,16,11
run_20260811_normal_02,normal,2827,190563,1024,3328,22,195372,256000,5,15,14,13,15
run_20260811_normal_02,normal,2828,190627,1024,2816,19,165061,204800,10,32,14,11,8
run_20260811_normal_02,normal,2829,190691,1024,2816,18,196365,460800,8,11,18,12,11
run_20260811_normal_02,normal,2830,190755,1024,3072,21,223299,665600,5,9,10,23,13
run_20260811_normal_02,normal,2831,190819,1024,3072,20,187254,870400,8,14,14,18,10
run_20260811_normal_02,normal,2832,190883,768,2560,15,176113,307200,5,14,9,9,15
run_20260811_normal_02,normal,2833,190947,1024,2816,19,177901,358400,8,21,15,14,7
run_20260811_normal_02,normal,2834,191011,1024,2560,19,144866,153600,5,14,13,11,12
run_20260811_normal_02,normal,2835,191075,1024,3328,18,163925,51200,5,13,12,15,10
run_20260811_normal_02,normal,2836,191139,1024,3328,22,193543,102400,8,18,12,17,12
run_20260811_normal_02,normal,2837,191203,1280,3328,32,172216,153600,8,23,15,13,14
run_20260811_normal_02,normal,2838,191267,1280,3584,32,169647,102400,5,16,26,20,11
run_20260811_normal_02,normal,2839,191331,1280,3072,25,166584,102400,5,13,15,13,8
run_20260811_normal_02,normal,2840,191395,1280,3840,31,164707,256000,5,14,15,17,13
run_20260811_normal_02,normal,2841,191459,1280,3840,25,179414,51200,8,23,12,14,14
run_20260811_normal_02,normal,2842,191523,1024,3328,20,181878,51200,5,12,16,15,13
run_20260811_normal_02,normal,2843,191587,1280,4608,29,225413,51200,5,15,22,16,11
run_20260811_normal_02,normal,2844,191651,1536,8192,44,565131,1075200,10,18,12,20,30
run_20260811_normal_02,normal,2845,191715,1536,8192,40,649715,153600,8,23,12,21,11
run_20260811_normal_02,normal,2846,191779,1024,2816,21,155901,307200,8,24,9,9,13
run_20260811_normal_02,normal,2847,191843,1024,3328,21,180780,460800,5,10,17,16,9
run_20260811_normal_02,normal,2848,191907,1024,3584,22,245302,460800,5,13,15,15,10
run_20260811_normal_02,normal,2849,191971,1024,4096,22,282638,51200,5,13,18,10,16
run_20260811_normal_02,normal,2850,192035,1024,3840,24,193146,204800,5,13,17,17,15
run_20260811_normal_02,normal,2851,192099,1536,5376,39,284119,1280000,8,23,14,19,18
run_20260811_normal_02,normal,2852,192163,1536,5376,43,288353,102400,5,14,21,20,23
run_20260811_normal_02,normal,2853,192227,1024,4864,23,284944,153600,5,14,11,10,9
run_20260811_normal_02,normal,2854,192291,1024,3072,19,216228,768000,5,9,12,17,13
run_20260811_normal_02,normal,2855,192355,1024,3328,24,193973,665600,10,23,10,21,17
run_20260811_normal_02,normal,2856,192419,1024,3072,19,178541,921600,5,12,12,16,15
run_20260811_normal_02,normal,2857,192483,1024,2816,20,171991,153600,8,19,12,9,15
run_20260811_normal_02,normal,2858,192547,1024,2816,19,180491,256000,8,16,14,11,10
run_20260811_normal_02,normal,2859,192611,1024,3584,20,200560,358400,5,10,14,15,12
run_20260811_normal_02,normal,2860,192675,1024,3328,23,164775,409600,5,11,17,13,16
run_20260811_normal_02,normal,2861,192739,1536,4864,36,261869,307200,8,26,10,20,17
run_20260811_normal_02,normal,2862,192803,1280,4864,32,298209,153600,5,19,20,7,10
run_20260811_normal_02,normal,2863,192867,1024,2816,19,186011,460800,5,10,11,17,10
run_20260811_normal_02,normal,2864,192931,1024,2816,17,176722,51200,5,18,15,12,11
run_20260811_normal_02,normal,2865,192995,1024,2560,16,148491,256000,5,14,9,19,10
run_20260811_normal_02,normal,2866,193059,1024,4096,21,205647,102400,5,20,11,17,19
run_20260811_normal_02,normal,2867,193123,1536,6400,46,293942,460800,10,9,34,15,11
run_20260811_normal_02,normal,2868,193187,3584,37120,223,4743652,716800,10,14,16,23,24
run_20260811_normal_02,normal,2869,193251,12032,62976,2277,951538,614400,169,147,628,456,166
run_20260811_normal_02,normal,2870,193315,11520,63232,2101,1080221,409600,13,24,29,35,31
run_20260811_normal_02,normal,2871,193379,768,2816,15,191954,665600,5,12,9,18,15
run_20260811_normal_02,normal,2872,193443,1024,2816,16,193320,512000,5,15,16,14,12
run_20260811_normal_02,normal,2873,193507,1280,3072,26,156619,51200,5,18,11,12,20
run_20260811_normal_02,normal,2874,193571,1280,3072,28,151940,256000,8,21,14,17,12
run_20260811_normal_02,normal,2875,193635,1024,3072,23,154421,51200,8,27,12,7,14
run_20260811_normal_02,normal,2876,193699,1024,3328,21,205525,614400,5,8,13,12,13
run_20260811_normal_02,normal,2877,193763,1024,3584,24,200509,716800,8,13,10,20,12
run_20260811_normal_02,normal,2878,193827,1024,3072,23,177102,153600,8,22,8,11,12
run_20260811_normal_02,normal,2879,193891,1024,3072,16,220900,870400,5,11,12,15,11
run_20260811_normal_02,normal,2880,193955,1024,3584,24,230979,51200,5,20,15,10,10
run_20260811_normal_02,normal,2881,194019,1024,3584,24,204499,358400,8,12,17,16,8
run_20260811_normal_02,normal,2882,194083,1536,4352,36,191016,256000,8,24,18,18,9
run_20260811_normal_02,normal,2883,194147,1792,4096,56,147456,1075200,8,15,21,14,23
run_20260811_normal_02,normal,2884,194211,1536,4096,40,170567,153600,8,24,21,20,14
run_20260811_normal_02,normal,2885,194275,1024,2816,24,159585,409600,10,15,25,18,14
run_20260811_normal_02,normal,2886,194339,1024,2816,21,165141,614400,5,11,12,12,18
run_20260811_normal_02,normal,2887,194403,1024,2816,24,167409,102400,5,18,13,14,13
run_20260811_normal_02,normal,2888,194467,1280,3072,28,148802,51200,8,30,16,26,16
run_20260811_normal_02,normal,2889,194531,1024,2816,21,171332,768000,5,11,11,11,9
run_20260811_normal_02,normal,2890,194595,1024,4096,23,257325,716800,8,13,17,19,15
run_20260811_normal_02,normal,2891,194659,1280,4096,33,203131,153600,8,21,10,14,14
run_20260811_normal_02,normal,2892,194723,1280,4096,29,214977,153600,5,21,10,23,14
run_20260811_normal_02,normal,2893,194787,1024,4096,21,285615,51200,5,20,17,12,19
run_20260811_normal_02,normal,2894,194851,1024,3328,21,222746,51200,8,18,13,11,14
run_20260811_normal_02,normal,2895,194915,1024,3328,20,211341,409600,5,11,16,15,13
run_20260811_normal_02,normal,2896,194979,1024,3072,22,168817,307200,5,15,15,18,9
run_20260811_normal_02,normal,2897,195043,1280,3840,26,201694,153600,5,16,11,17,16
run_20260811_normal_02,normal,2898,195107,1280,3840,27,225894,460800,5,15,13,14,10
run_20260811_normal_02,normal,2899,195171,1280,4096,26,222528,563200,10,11,28,8,13
run_20260811_normal_02,normal,2900,195235,1024,3584,23,194801,102400,5,12,18,11,14
run_20260811_normal_02,normal,2901,195299,1024,3072,21,147750,256000,8,26,8,10,13
run_20260811_normal_02,normal,2902,195363,1024,2816,22,134134,204800,8,22,10,9,13
run_20260811_normal_02,normal,2903,195427,1024,2816,20,145600,51200,5,19,12,9,13
run_20260811_normal_02,normal,2904,195491,1024,2560,19,151492,51200,5,16,11,20,11
run_20260811_normal_02,normal,2905,195555,1024,2560,19,148983,153600,5,15,20,12,10
run_20260811_normal_02,normal,2906,195619,1024,2816,18,180752,358400,5,11,14,12,13
run_20260811_normal_02,normal,2907,195683,1024,3072,19,188119,358400,5,12,17,8,11
run_20260811_normal_02,normal,2908,195747,1024,3072,22,155075,460800,8,17,23,12,14
run_20260811_normal_02,normal,2909,195811,1024,2560,22,141998,153600,5,22,10,17,13
run_20260811_normal_02,normal,2910,195875,1024,3584,22,189359,51200,5,12,20,10,16
run_20260811_normal_02,normal,2911,195939,1024,3584,19,245087,102400,8,18,22,16,7
run_20260811_normal_02,normal,2912,196003,1024,3584,23,197259,307200,8,20,14,15,18
run_20260811_normal_02,normal,2913,196067,1024,3584,24,164708,768000,8,9,11,23,14
run_20260811_normal_02,normal,2914,196131,1024,3584,23,199203,153600,5,14,23,12,23
run_20260811_normal_02,normal,2915,196195,1280,3840,26,212410,307200,8,23,15,10,11
run_20260811_normal_02,normal,2916,196259,1280,3840,25,208355,460800,8,12,23,11,20
run_20260811_normal_02,normal,2917,196323,1024,3072,17,202379,409600,5,9,14,12,18
run_20260811_normal_02,normal,2918,196387,1024,2816,18,175600,768000,9,10,8,18,10
run_20260811_normal_02,normal,2919,196451,1536,8960,36,861873,102400,8,25,21,23,10
run_20260811_normal_02,normal,2920,196515,1536,8960,37,809391,512000,8,14,22,9,12
run_20260811_normal_02,normal,2921,196579,1024,2816,23,136594,307200,5,14,19,12,12
run_20260811_normal_02,normal,2922,196643,1024,2304,21,125042,102400,5,18,20,14,10
run_20260811_normal_02,normal,2923,196707,1024,3072,16,204634,358400,8,11,18,15,10
run_20260811_normal_02,normal,2924,196771,1280,3584,27,218176,307200,8,25,11,13,18
run_20260811_normal_02,normal,2925,196835,1280,3328,33,174860,460800,10,18,23,23,15
run_20260811_normal_02,normal,2926,196899,1024,3584,24,181338,563200,5,9,17,15,16
run_20260811_normal_02,normal,2927,196963,1024,3328,24,171012,358400,5,10,14,14,18
run_20260811_normal_02,normal,2928,197027,1024,3328,24,192421,460800,10,21,23,14,15
run_20260811_normal_02,normal,2929,197091,1280,3328,27,178908,716800,9,24,18,21,11
run_20260811_normal_02,normal,2930,197155,1280,3584,28,183716,153600,8,20,17,11,14
run_20260811_normal_02,normal,2931,197219,1024,3328,22,177610,51200,5,23,13,10,13
run_20260811_normal_02,normal,2932,197283,1024,3072,23,182511,51200,5,17,13,14,9
run_20260811_normal_02,normal,2933,197347,1024,2816,20,174312,102400,5,16,14,12,10
run_20260811_normal_02,normal,2934,197411,1024,3328,22,173730,563200,5,11,15,8,20
run_20260811_normal_02,normal,2935,197475,1024,3328,20,184383,358400,5,9,15,13,15
run_20260811_normal_02,normal,2936,197539,1280,3840,28,170645,153600,8,23,9,13,10
run_20260811_normal_02,normal,2937,197603,1280,3840,31,162347,153600,8,17,27,17,17
run_20260811_normal_02,normal,2938,197667,1024,2816,21,188939,153600,8,21,16,16,11
run_20260811_normal_02,normal,2939,197731,1024,3072,21,174588,358400,5,10,14,10,14
run_20260811_normal_02,normal,2940,197795,1024,3072,21,154897,921600,8,18,11,23,12
run_20260811_normal_02,normal,2941,197859,1024,2816,22,155660,307200,5,15,15,11,7
run_20260811_normal_02,normal,2942,197923,1024,3840,24,210955,153600,8,20,11,18,15
run_20260811_normal_02,normal,2943,197987,1024,4096,21,261464,512000,5,10,13,13,14
run_20260811_normal_02,normal,2944,198051,1024,2816,20,150445,1075200,8,15,9,20,19
run_20260811_normal_02,normal,2945,198115,1024,2816,22,163216,51200,5,15,14,11,11
run_20260811_normal_02,normal,2946,198179,1024,3072,21,181250,102400,5,17,20,14,11
run_20260811_normal_02,normal,2947,198243,1024,3072,17,176963,51200,5,18,17,13,11
run_20260811_normal_02,normal,2948,198307,1024,4096,19,275515,153600,4,15,10,10,13
run_20260811_normal_02,normal,2949,198371,1024,4096,20,242771,972800,8,15,12,23,16
run_20260811_normal_02,normal,2950,198435,1024,2816,20,162657,204800,5,19,10,9,11
run_20260811_normal_02,normal,2951,198499,1024,2816,19,170139,512000,5,10,13,18,14
run_20260811_normal_02,normal,2952,198563,1024,2816,20,177555,563200,5,11,15,15,14
run_20260811_normal_02,normal,2953,198627,1024,2816,22,171177,307200,5,15,9,14,9
run_20260811_normal_02,normal,2954,198691,1024,3328,21,168791,153600,5,14,14,18,13
run_20260811_normal_02,normal,2955,198755,1024,3584,22,232257,256000,5,15,18,15,12
run_20260811_normal_02,normal,2956,198819,1024,3840,24,242457,51200,5,14,12,19,11
run_20260811_normal_02,normal,2957,198883,1280,4096,31,242139,665600,10,16,17,20,16
run_20260811_normal_02,normal,2958,198947,1024,3840,24,248257,1075200,8,10,10,21,29
run_20260811_normal_02,normal,2959,199011,1280,3328,25,183121,665600,8,8,9,23,16
run_20260811_normal_02,normal,2960,199075,1280,3072,31,158469,307200,8,22,15,20,11
run_20260811_normal_02,normal,2961,199139,1024,3072,21,193470,614400,5,6,13,10,15
run_20260811_normal_02,normal,2962,199203,1024,2816,18,158928,153600,5,14,17,12,12
run_20260811_normal_02,normal,2963,199267,1280,3072,27,158922,563200,5,13,13,13,10
run_20260811_normal_02,normal,2964,199331,1280,3584,34,156217,1177600,10,22,16,12,23
run_20260811_normal_02,normal,2965,199395,1280,3328,31,176323,204800,5,17,10,17,12
run_20260811_normal_02,normal,2966,199459,1024,3072,18,187838,102400,5,12,10,19,16
run_20260811_normal_02,normal,2967,199523,1024,4352,23,267246,716800,8,22,15,17,16
run_20260811_normal_02,normal,2968,199587,1280,4352,31,228588,1126400,8,16,8,16,21
run_20260811_normal_02,normal,2969,199651,1280,3072,27,154992,153600,5,13,15,11,15
run_20260811_normal_02,normal,2970,199715,1024,3840,23,179257,256000,5,15,15,14,11
run_20260811_normal_02,normal,2971,199779,1024,4352,24,217392,460800,10,11,26,14,9
run_20260811_normal_02,normal,2972,199843,1280,4352,26,235634,358400,5,9,23,12,15
run_20260811_normal_02,normal,2973,199907,1280,3584,27,184286,102400,5,20,13,14,9
run_20260811_normal_02,normal,2974,199971,1280,3328,30,158876,870400,8,15,17,24,13
run_20260811_normal_02,normal,2975,200035,1280,3072,27,171396,256000,8,30,10,10,14
run_20260811_normal_02,normal,2976,200099,1280,3328,26,197050,307200,8,23,15,9,11
run_20260811_normal_02,normal,2977,200163,1024,3072,18,192719,256000,5,11,20,9,10
run_20260811_normal_02,normal,2978,200227,768,2560,12,208807,358400,8,15,19,9,17
run_20260811_normal_02,normal,2979,200291,1024,3328,22,190084,102400,5,18,14,10,10
run_20260811_normal_02,normal,2980,200355,1024,3072,22,174953,563200,8,15,23,8,13
run_20260811_normal_02,normal,2981,200419,1280,6144,34,305258,358400,5,10,18,15,13
run_20260811_normal_02,normal,2982,200483,1792,7168,55,388214,1280000,10,20,16,24,39
run_20260811_normal_02,normal,2983,200547,8192,53504,1040,1355796,1228800,20,33,28,60,60
run_20260811_normal_02,normal,2984,200611,7936,52992,1009,1389329,1228800,40,60,33,100,145
run_20260811_normal_02,normal,2985,200675,34048,192000,17720,1015001,665600,394,276,1048,1589,1543
run_20260811_normal_02,normal,2986,200739,34048,194816,17725,1040465,716800,296,212,656,1074,218
run_20260811_normal_02,normal,2987,200803,1280,3328,25,185675,563200,8,13,23,15,14
run_20260811_normal_02,normal,2988,200867,1024,3328,22,191121,307200,8,18,12,14,18
run_20260811_normal_02,normal,2989,200931,1024,2816,18,170346,51200,2,11,10,11,11
run_20260811_normal_02,normal,2990,200995,1024,3584,21,195368,256000,5,15,10,21,11
run_20260811_normal_02,normal,2991,201059,1280,4608,27,276353,153600,8,27,24,14,9
run_20260811_normal_02,normal,2992,201123,1024,4352,23,249897,102400,5,14,14,8,8
run_20260811_normal_02,normal,2993,201187,1024,3072,21,183972,153600,5,18,11,12,13
run_20260811_normal_02,normal,2994,201251,1024,2816,22,175699,512000,5,12,16,17,18
run_20260811_normal_02,normal,2995,201315,1024,2816,20,163147,1280000,8,21,11,13,21
run_20260811_normal_02,normal,2996,201379,1024,2816,18,188043,768000,5,9,11,17,14
run_20260811_normal_02,normal,2997,201443,1024,3072,20,193688,153600,8,18,10,11,15
run_20260811_normal_02,normal,2998,201507,1024,3072,18,182023,358400,8,11,22,12,10
run_20260811_normal_02,normal,2999,201571,1024,3328,17,188915,256000,5,13,13,14,11
run_20260811_normal_02,normal,3000,201635,1024,3072,20,175886,870400,5,12,13,14,13
run_20260811_normal_02,normal,3001,201699,1024,3584,21,217008,51200,5,24,15,10,15
run_20260811_normal_02,normal,3002,201763,1024,3584,21,210244,153600,5,24,13,13,14
run_20260811_normal_02,normal,3003,201827,1024,3328,18,180228,358400,5,9,16,11,12
run_20260811_normal_02,normal,3004,201891,1024,2816,20,159565,51200,5,17,12,9,17
run_20260811_normal_02,normal,3005,201955,1024,3072,21,167904,51200,8,20,19,14,11
run_20260811_normal_02,normal,3006,202019,768,2816,15,169125,51200,5,14,16,11,16
run_20260811_normal_02,normal,3007,202083,1024,3328,16,219900,51200,2,12,9,9,8
run_20260811_normal_02,normal,3008,202147,1024,3584,22,246196,204800,5,18,12,18,13
run_20260811_normal_02,normal,3009,202211,1280,3840,25,228375,102400,5,16,15,6,16
run_20260811_normal_02,normal,3010,202275,1024,3072,18,206068,409600,5,9,11,14,11
run_20260811_normal_02,normal,3011,202339,1024,2816,22,159071,460800,8,14,20,10,10
run_20260811_normal_02,normal,3012,202403,1024,2560,23,136958,51200,5,20,13,10,15
run_20260811_normal_02,normal,3013,202467,1024,3072,19,148150,358400,10,18,22,10,16
run_20260811_normal_02,normal,3014,202531,1024,3072,22,171205,665600,10,8,14,23,18
run_20260811_normal_02,normal,3015,202595,1024,3072,23,194529,256000,5,15,13,9,15
run_20260811_normal_02,normal,3016,202659,1024,3072,17,227114,614400,5,12,13,9,8
run_20260811_normal_02,normal,3017,202723,768,2560,12,174467,307200,8,14,9,11,17
run_20260811_normal_02,normal,3018,202787,1280,3584,25,177313,665600,10,14,13,21,10
run_20260811_normal_02,normal,3019,202851,1280,3584,27,167166,665600,5,11,12,14,12
run_20260811_normal_02,normal,3020,202915,1024,2816,18,174001,460800,8,11,18,11,10
run_20260811_normal_02,normal,3021,202979,768,2304,14,173831,256000,5,16,10,13,11
run_20260811_normal_02,normal,3022,203043,1024,2560,16,183801,153600,5,15,16,13,17
run_20260811_normal_02,normal,3023,203107,1024,2560,19,160769,153600,5,17,11,14,12
run_20260811_normal_02,normal,3024,203171,1024,2560,17,173634,460800,8,15,22,12,10
run_20260811_normal_02,normal,3025,203235,1024,2816,19,175409,51200,5,16,8,19,14
run_20260811_normal_02,normal,3026,203299,1280,3840,25,192885,358400,8,11,16,14,11
run_20260811_normal_02,normal,3027,203363,1024,3584,24,205942,307200,5,15,14,16,18
run_20260811_normal_02,normal,3028,203427,1024,2816,21,144350,153600,5,19,11,12,11
run_20260811_normal_02,normal,3029,203491,1024,2816,22,141938,563200,5,11,12,11,18
run_20260811_normal_02,normal,3030,203555,1024,2560,21,138769,204800,5,15,7,14,14
run_20260811_normal_02,normal,3031,203619,1024,3328,20,180812,204800,5,12,9,14,10
run_20260811_normal_02,normal,3032,203683,1024,3328,21,172376,256000,5,15,14,15,11
run_20260811_normal_02,normal,3033,203747,1024,2560,23,139612,358400,10,17,18,16,13
run_20260811_normal_02,normal,3034,203811,1024,3584,24,156872,153600,8,26,9,11,10
run_20260811_normal_02,normal,3035,203875,1280,4352,25,223219,665600,8,17,15,21,15
run_20260811_normal_02,normal,3036,203939,1280,4352,29,213918,204800,5,20,17,11,15
run_20260811_normal_02,normal,3037,204003,1280,4352,26,232552,665600,5,9,11,16,19
run_20260811_normal_02,normal,3038,204067,1280,4096,26,291960,716800,8,18,11,25,10
run_20260811_normal_02,normal,3039,204131,1024,4096,23,304811,204800,5,18,14,13,10
run_20260811_normal_02,normal,3040,204195,1024,2816,17,221688,153600,5,16,11,15,12
run_20260811_normal_02,normal,3041,204259,1024,2816,21,165440,768000,9,11,14,19,14
run_20260811_normal_02,normal,3042,204323,1024,3072,20,176117,512000,8,13,17,11,13
run_20260811_normal_02,normal,3043,204387,1024,3072,24,175594,716800,8,13,10,24,11
run_20260811_normal_02,normal,3044,204451,1024,3072,23,174048,256000,5,13,14,23,17
run_20260811_normal_02,normal,3045,204515,1024,2816,22,172465,102400,5,19,15,10,14
run_20260811_normal_02,normal,3046,204579,1024,3072,21,161270,1024000,5,12,9,11,14
run_20260811_normal_02,normal,3047,204643,1024,2560,19,160466,358400,5,10,19,16,13
run_20260811_normal_02,normal,3048,204707,1024,3328,24,192636,870400,10,21,9,26,12
run_20260811_normal_02,normal,3049,204771,1024,2816,18,191473,614400,5,14,14,13,19
run_20260811_normal_02,normal,3050,204835,1024,3328,20,188933,768000,10,13,15,18,11
run_20260811_normal_02,normal,3051,204899,1024,3328,21,205475,256000,5,13,9,9,19
run_20260811_normal_02,normal,3052,204963,1024,3072,16,193979,358400,5,11,21,11,14
run_20260811_normal_02,normal,3053,205027,1024,4352,24,227925,665600,5,11,8,20,19
run_20260811_normal_02,normal,3054,205091,1280,4352,25,218033,153600,8,20,14,18,14
run_20260811_normal_02,normal,3055,205155,1024,2304,19,139768,972800,10,11,10,19,20
run_20260811_normal_02,normal,3056,205219,1280,4096,25,229974,51200,5,14,18,16,9
run_20260811_normal_02,normal,3057,205283,1536,5376,38,289286,512000,5,11,14,9,20
run_20260811_normal_02,normal,3058,205347,1280,5376,35,279582,307200,8,20,20,18,7
run_20260811_normal_02,normal,3059,205411,1024,3072,20,192282,51200,5,18,14,12,13
run_20260811_normal_02,normal,3060,205475,1024,3072,19,192216,512000,5,9,16,17,13
run_20260811_normal_02,normal,3061,205539,1280,3072,27,174857,51200,8,17,15,10,16
run_20260811_normal_02,normal,3062,205603,1280,3584,31,169618,665600,10,17,28,21,18
run_20260811_normal_02,normal,3063,205667,1024,3328,23,184294,768000,8,10,13,21,15
run_20260811_normal_02,normal,3064,205731,1024,3072,20,211442,358400,5,14,17,9,14
run_20260811_normal_02,normal,3065,205795,1024,3328,21,197633,153600,8,33,15,10,12
run_20260811_normal_02,normal,3066,205859,1024,3328,19,210257,51200,5,13,11,9,19
run_20260811_normal_02,normal,3067,205923,1024,3072,19,192907,307200,8,17,26,11,9
run_20260811_normal_02,normal,3068,205987,1024,3072,21,167001,358400,5,10,21,14,18
run_20260811_normal_02,normal,3069,206051,1024,3328,21,167135,102400,8,29,12,10,14
run_20260811_normal_02,normal,3070,206115,1280,5632,32,370092,51200,5,24,17,18,7
run_20260811_normal_02,normal,3071,206179,1280,5632,33,365714,358400,10,24,19,14,16
run_20260811_normal_02,normal,3072,206243,1024,2816,24,150264,102400,5,16,10,13,9
run_20260811_normal_02,normal,3073,206307,1280,3072,26,151146,307200,8,27,25,16,15
run_20260811_normal_02,normal,3074,206371,1024,3328,24,180237,614400,8,23,22,18,9
run_20260811_normal_02,normal,3075,206435,1024,3328,16,245964,768000,5,11,9,14,9
run_20260811_normal_02,normal,3076,206499,1024,3072,19,200482,153600,8,24,18,10,11
run_20260811_normal_02,normal,3077,206563,1280,3072,25,148270,358400,8,13,16,12,21
run_20260811_normal_02,normal,3078,206627,1024,3328,22,160101,358400,5,10,19,12,13
run_20260811_normal_02,normal,3079,206691,1024,2816,19,164912,153600,5,12,13,18,16
run_20260811_normal_02,normal,3080,206755,1024,2816,19,167819,102400,8,18,13,9,13
run_20260811_normal_02,normal,3081,206819,1024,2816,20,168866,51200,5,18,16,10,12
run_20260811_normal_02,normal,3082,206883,1024,2560,16,161047,358400,8,12,17,11,11
run_20260811_normal_02,normal,3083,206947,1024,3328,19,239301,716800,10,14,9,28,18
run_20260811_normal_02,normal,3084,207011,1024,3328,24,203079,256000,5,15,10,17,10
run_20260811_normal_02,normal,3085,207075,1024,3328,21,205449,51200,5,13,19,21,11
run_20260811_normal_02,normal,3086,207139,1024,3072,19,184159,460800,8,8,21,13,10
run_20260811_normal_02,normal,3087,207203,1024,3328,20,183830,256000,8,23,10,11,11
run_20260811_normal_02,normal,3088,207267,1024,2560,18,167037,102400,5,13,10,14,15
run_20260811_normal_02,normal,3089,207331,1024,3072,19,175439,358400,5,10,19,8,10
run_20260811_normal_02,normal,3090,207395,1280,4096,27,193722,716800,8,14,18,23,13
run_20260811_normal_02,normal,3091,207459,1280,3840,27,231486,614400,5,10,14,15,15
run_20260811_normal_02,normal,3092,207523,1024,3584,16,285875,358400,8,12,16,11,9
run_20260811_normal_02,normal,3093,207587,1024,3072,17,233224,153600,5,18,10,11,13
run_20260811_normal_02,normal,3094,207651,1280,4864,26,282592,768000,8,10,20,29,10
run_20260811_normal_02,normal,3095,207715,1280,5120,29,270744,153600,5,13,11,14,13
run_20260811_normal_02,normal,3096,207779,1024,3584,24,187013,460800,8,24,20,9,12
run_20260811_normal_02,normal,3097,207843,1024,4096,24,210318,460800,8,10,19,16,15
run_20260811_normal_02,normal,3098,207907,1280,3840,25,205067,409600,5,13,14,17,11
run_20260811_normal_02,normal,3099,207971,1024,3072,19,188303,665600,8,11,20,23,13
run_20260811_normal_02,normal,3100,208035,1024,3072,19,203494,153600,5,17,17,14,9
run_20260811_normal_02,normal,3101,208099,1280,4096,26,246003,51200,8,24,17,10,11
run_20260811_normal_02,normal,3102,208163,1024,4096,22,280378,1126400,5,8,9,10,18
run_20260811_normal_02,normal,3103,208227,1024,2816,17,188225,102400,5,23,8,11,14
run_20260811_normal_02,normal,3104,208291,768,2560,15,164995,51200,5,15,10,11,11
run_20260811_normal_02,normal,3105,208355,1024,3072,19,199889,307200,8,20,18,10,10
run_20260811_normal_02,normal,3106,208419,1024,3072,20,183331,460800,5,10,14,15,10
run_20260811_normal_02,normal,3107,208483,1024,3072,16,198750,307200,5,17,20,10,13
run_20260811_normal_02,normal,3108,208547,1024,3072,24,192742,51200,5,17,11,13,17
run_20260811_normal_02,normal,3109,208611,1280,3072,26,169391,563200,5,12,18,21,16
run_20260811_normal_02,normal,3110,208675,1024,3328,24,160747,460800,8,12,22,15,13
run_20260811_normal_02,normal,3111,208739,1280,3584,26,184338,358400,10,19,24,16,12
run_20260811_normal_02,normal,3112,208803,1280,3584,25,180002,563200,5,9,15,16,10
run_20260811_normal_02,normal,3113,208867,1024,2560,19,148606,204800,5,16,12,13,11
run_20260811_normal_02,normal,3114,208931,1024,2304,17,137180,51200,5,15,13,9,12
run_20260811_normal_02,normal,3115,208995,1280,4096,25,230066,51200,5,24,14,10,10
run_20260811_normal_02,normal,3116,209059,1280,3840,30,194794,768000,10,18,17,22,15
run_20260811_normal_02,normal,3117,209123,1280,3584,25,164828,358400,8,17,22,14,7
run_20260811_normal_02,normal,3118,209187,1024,2816,16,190931,768000,8,17,17,16,10
run_20260811_normal_02,normal,3119,209251,1024,4096,21,249449,256000,8,24,10,15,11
run_20260811_normal_02,normal,3120,209315,1280,4096,25,194968,358400,8,14,23,14,10
run_20260811_normal_02,normal,3121,209379,1024,2816,21,162545,665600,8,15,13,24,13
run_20260811_normal_02,normal,3122,209443,1024,2816,19,168182,153600,5,12,10,17,17
run_20260811_normal_02,normal,3123,209507,1024,3328,19,196033,256000,5,18,17,10,15
run_20260811_normal_02,normal,3124,209571,1280,3328,27,169130,256000,5,13,16,15,18
run_20260811_normal_02,normal,3125,209635,1536,3328,36,131534,307200,10,24,12,18,12
run_20260811_normal_02,normal,3126,209699,1280,3584,32,156168,307200,8,27,15,7,21
run_20260811_normal_02,normal,3127,209763,1024,3840,24,214638,153600,5,18,17,10,21
run_20260811_normal_02,normal,3128,209827,1280,5376,29,376303,307200,5,14,15,14,20
run_20260811_normal_02,normal,3129,209891,1280,5376,35,364819,460800,5,11,15,11,12
run_20260811_normal_02,normal,3130,209955,1280,4864,27,272475,563200,5,9,18,22,16
run_20260811_normal_02,normal,3131,210019,1024,3840,21,215221,102400,5,20,13,16,15
run_20260811_normal_02,normal,3132,210083,1024,2816,17,176516,256000,5,15,8,11,19
run_20260811_normal_02,normal,3133,210147,1280,3072,26,168698,51200,5,22,14,9,11
run_20260811_normal_02,normal,3134,210211,1280,3584,35,161988,256000,8,24,9,23,17
run_20260811_normal_02,normal,3135,210275,1280,3840,25,213474,460800,8,9,20,12,11
run_20260811_normal_02,normal,3136,210339,1024,3584,17,196869,870400,5,9,10,14,13
run_20260811_normal_02,normal,3137,210403,1024,3584,23,188632,153600,8,20,8,14,17
run_20260811_normal_02,normal,3138,210467,1024,3072,24,148765,460800,5,12,13,13,14
run_20260811_normal_02,normal,3139,210531,1024,3072,24,154744,256000,9,25,15,10,19
run_20260811_normal_02,normal,3140,210595,1280,3072,25,160839,512000,8,10,19,13,18
run_20260811_normal_02,normal,3141,210659,1024,3584,24,177976,307200,8,17,14,12,14
run_20260811_normal_02,normal,3142,210723,1024,3840,19,233416,51200,5,15,14,6,13
run_20260811_normal_02,normal,3143,210787,1024,3840,21,202272,256000,5,18,14,10,12
run_20260811_normal_02,normal,3144,210851,1024,3584,24,164084,307200,8,19,16,15,8
run_20260811_normal_02,normal,3145,210915,1024,2816,20,169525,102400,5,18,10,12,14
