session_id,label,frame_sequence,window_end_sample_sequence,rms_q24_8,peak_q24_8,variance_q32_0,kurtosis_q16_16,dominant_frequency_q16_16,dominant_power_q32_0,band0_q32_0,band1_q32_0,band2_q32_0,band3_q32_0
run_20260811_normal_01,normal,0,12152,228864,962816,800126,998639,51200,4645,4986,309,413,420
run_20260811_normal_01,normal,1,12216,22528,81152,7870,330705,614400,85,134,210,184,64
run_20260811_normal_01,normal,2,12280,29440,122880,13303,599188,512000,241,286,1055,173,80
run_20260811_normal_01,normal,3,12344,28416,123136,12401,663074,665600,730,248,2985,1689,456
run_20260811_normal_01,normal,4,12408,14848,48640,3374,219991,665600,185,73,312,406,148
run_20260811_normal_01,normal,5,12472,10240,24576,1676,184322,512000,68,37,234,95,52
run_20260811_normal_01,normal,6,12536,13824,51456,2994,382330,460800,261,50,789,167,205
run_20260811_normal_01,normal,7,12600,13824,51456,2941,396135,460800,29,23,89,19,54
run_20260811_normal_01,normal,8,12664,6144,22272,613,270423,870400,52,57,53,146,150
run_20260811_normal_01,normal,9,12728,12800,54016,2541,485474,307200,25,59,74,46,59
run_20260811_normal_01,normal,10,12792,12544,53504,2412,527053,614400,116,80,396,501,116
run_20260811_normal_01,normal,11,12856,8704,41728,1160,781840,819200,41,20,52,114,29
run_20260811_normal_01,normal,12,12920,8704,42240,1189,764810,614400,58,12,218,157,81
run_20260811_normal_01,normal,13,12984,3328,12032,170,326810,512000,17,9,48,41,19
run_20260811_normal_01,normal,14,13048,2048,5632,64,204703,665600,13,23,21,27,14
run_20260811_normal_01,normal,15,13112,1792,5632,61,196600,563200,8,14,35,26,13
run_20260811_normal_01,normal,16,13176,1792,4096,49,160861,512000,8,14,20,16,15
run_20260811_normal_01,normal,17,13240,1280,4096,34,202042,614400,8,19,19,22,19
run_20260811_normal_01,normal,18,13304,14336,89344,3165,1391917,921600,80,116,199,174,400
run_20260811_normal_01,normal,19,13368,14336,89344,3182,1379484,460800,37,40,118,50,96
run_20260811_normal_01,normal,20,13432,1536,4608,48,172521,512000,13,20,28,19,14
run_20260811_normal_01,normal,21,13496,1536,5120,45,198250,665600,9,20,17,20,11
run_20260811_normal_01,normal,22,13560,1536,6144,48,243119,614400,17,14,39,27,17
run_20260811_normal_01,normal,23,13624,1280,6400,33,315823,460800,8,24,24,14,14
run_20260811_normal_01,normal,24,13688,1024,2560,20,141612,307200,5,13,18,11,7
run_20260811_normal_01,normal,25,13752,1536,7424,36,534616,460800,5,12,20,6,11
run_20260811_normal_01,normal,26,13816,1536,7424,37,523949,102400,8,23,26,20,11
run_20260811_normal_01,normal,27,13880,1024,3328,22,188046,358400,5,11,14,19,10
run_20260811_normal_01,normal,28,13944,1024,3584,24,199628,665600,8,18,9,23,15
run_20260811_normal_01,normal,29,14008,1024,3072,19,187368,102400,5,17,9,11,12
run_20260811_normal_01,normal,30,14072,768,2304,13,159258,51200,5,10,12,10,12
run_20260811_normal_01,normal,31,14136,768,2560,15,172216,358400,5,12,13,9,15
run_20260811_normal_01,normal,32,14200,1024,3584,23,199438,665600,9,18,17,24,10
run_20260811_normal_01,normal,33,14264,1024,3584,21,206938,307200,5,14,17,13,6
run_20260811_normal_01,normal,34,14328,1024,3584,19,199888,358400,8,13,15,20,12
run_20260811_normal_01,normal,35,14392,1024,3584,19,218131,307200,5,14,11,16,15
run_20260811_normal_01,normal,36,14456,768,2816,14,217419,563200,5,8,15,10,13
run_20260811_normal_01,normal,37,14520,1536,4864,39,242661,512000,13,13,45,11,10
run_20260811_normal_01,normal,38,14584,2048,7424,67,271978,512000,10,16,39,17,13
run_20260811_normal_01,normal,39,14648,1792,7168,55,311263,460800,8,11,23,19,12
run_20260811_normal_01,normal,40,14712,1536,4864,36,208189,716800,8,14,11,26,13
run_20260811_normal_01,normal,41,14776,1280,3840,32,182348,665600,8,12,15,24,15
run_20260811_normal_01,normal,42,14840,1280,3584,27,199228,153600,5,15,18,13,11
run_20260811_normal_01,normal,43,14904,1024,3328,21,178607,204800,8,17,16,11,9
run_20260811_normal_01,normal,44,14968,1024,3328,23,168476,358400,5,13,15,11,19
run_20260811_normal_01,normal,45,15032,1024,3328,18,217022,153600,5,17,15,13,14
run_20260811_normal_01,normal,46,15096,768,2048,12,174993,256000,8,21,10,10,10
run_20260811_normal_01,normal,47,15160,1024,2816,17,157936,563200,5,10,14,10,13
run_20260811_normal_01,normal,48,15224,768,3072,14,210596,614400,5,12,14,12,11
run_20260811_normal_01,normal,49,15288,1024,3840,17,309294,460800,5,10,17,21,9
run_20260811_normal_01,normal,50,15352,1024,4096,23,234856,358400,8,18,22,16,13
run_20260811_normal_01,normal,51,15416,1024,3072,23,181103,204800,5,15,16,21,13
run_20260811_normal_01,normal,52,15480,1024,3328,22,192058,512000,5,10,21,14,12
run_20260811_normal_01,normal,53,15544,1280,3072,27,160233,51200,5,20,9,14,12
run_20260811_normal_01,normal,54,15608,1280,4096,28,210050,665600,8,11,20,16,8
run_20260811_normal_01,normal,55,15672,1536,6912,48,333218,102400,5,17,17,21,15
run_20260811_normal_01,normal,56,15736,2048,6656,70,193394,716800,17,11,20,45,13
run_20260811_normal_01,normal,57,15800,1792,5376,55,193176,665600,17,13,25,44,11
run_20260811_normal_01,normal,58,15864,1280,4096,35,215810,512000,10,8,27,11,11
run_20260811_normal_01,normal,59,15928,1536,4096,37,187458,51200,5,16,23,21,11
run_20260811_normal_01,normal,60,15992,1792,4864,57,176136,665600,9,15,18,25,12
run_20260811_normal_01,normal,61,16056,1792,4864,52,193744,563200,13,11,40,20,11
run_20260811_normal_01,normal,62,16120,1536,4608,46,183467,768000,8,9,17,26,12
run_20260811_normal_01,normal,63,16184,2304,6400,86,216141,512000,13,16,38,19,17
run_20260811_normal_01,normal,64,16248,2048,6400,74,260921,716800,13,9,25,25,11
run_20260811_normal_01,normal,65,16312,1024,3584,24,214754,256000,5,17,17,18,14
run_20260811_normal_01,normal,66,16376,1024,3328,22,184625,51200,5,14,13,14,15
run_20260811_normal_01,normal,67,16440,1024,3840,22,229480,665600,8,11,20,24,9
run_20260811_normal_01,normal,68,16504,1024,3584,20,221905,153600,8,21,11,10,9
run_20260811_normal_01,normal,69,16568,1024,3328,22,162838,768000,5,11,12,12,14
run_20260811_normal_01,normal,70,16632,1536,3584,36,172353,102400,5,17,17,18,12
run_20260811_normal_01,normal,71,16696,1536,3584,39,166018,563200,13,11,33,18,10
run_20260811_normal_01,normal,72,16760,1280,3840,27,182882,563200,10,19,24,10,15
run_20260811_normal_01,normal,73,16824,1024,3584,23,195753,768000,8,16,13,20,19
run_20260811_normal_01,normal,74,16888,1536,5376,41,226069,358400,5,11,18,13,12
run_20260811_normal_01,normal,75,16952,1792,5120,53,186086,665600,17,19,36,27,13
run_20260811_normal_01,normal,76,17016,2048,5632,71,188674,460800,8,12,27,22,11
run_20260811_normal_01,normal,77,17080,2048,5632,64,208043,665600,10,11,33,25,8
run_20260811_normal_01,normal,78,17144,1280,3584,33,176285,256000,5,17,18,11,12
run_20260811_normal_01,normal,79,17208,1536,3840,40,169291,512000,13,18,32,31,11
run_20260811_normal_01,normal,80,17272,1280,3840,30,196512,563200,8,8,20,17,12
run_20260811_normal_01,normal,81,17336,1024,3072,17,187556,153600,5,11,21,10,9
run_20260811_normal_01,normal,82,17400,768,2816,14,189495,358400,8,12,19,12,16
run_20260811_normal_01,normal,83,17464,2048,8704,70,426510,51200,5,21,13,18,31
run_20260811_normal_01,normal,84,17528,2048,8448,69,436405,665600,13,13,14,37,12
run_20260811_normal_01,normal,85,17592,1024,2560,17,152252,358400,8,19,16,10,13
run_20260811_normal_01,normal,86,17656,1024,3328,19,200092,102400,5,13,14,9,9
run_20260811_normal_01,normal,87,17720,1024,3328,16,227109,51200,5,18,10,22,11
run_20260811_normal_01,normal,88,17784,1024,3072,19,220855,51200,8,21,12,14,17
run_20260811_normal_01,normal,89,17848,1024,3072,18,199013,512000,5,12,16,8,12
run_20260811_normal_01,normal,90,17912,1024,3072,18,206280,665600,8,11,18,22,11
run_20260811_normal_01,normal,91,17976,1024,3328,24,171920,307200,5,16,16,12,14
run_20260811_normal_01,normal,92,18040,1280,5120,34,226061,563200,13,13,51,13,14
run_20260811_normal_01,normal,93,18104,1280,5120,30,266406,460800,5,11,20,10,12
run_20260811_normal_01,normal,94,18168,768,2048,13,144241,460800,5,7,15,16,12
run_20260811_normal_01,normal,95,18232,1024,2560,16,159949,716800,8,16,10,16,14
run_20260811_normal_01,normal,96,18296,1024,2816,18,171395,204800,5,14,18,15,17
run_20260811_normal_01,normal,97,18360,1024,2816,18,171151,460800,5,9,19,12,14
run_20260811_normal_01,normal,98,18424,1024,3584,24,172555,563200,5,9,14,14,11
run_20260811_normal_01,normal,99,18488,1280,3840,30,157431,665600,10,21,13,24,12
run_20260811_normal_01,normal,100,18552,1024,3328,24,187546,460800,8,21,23,14,10
run_20260811_normal_01,normal,101,18616,1280,4352,26,256480,563200,10,11,35,6,11
run_20260811_normal_01,normal,102,18680,1280,4352,26,264775,256000,5,17,16,9,12
run_20260811_normal_01,normal,103,18744,1024,3072,18,214925,204800,5,15,18,12,10
run_20260811_normal_01,normal,104,18808,1024,3584,22,201328,665600,10,11,17,25,9
run_20260811_normal_01,normal,105,18872,1792,9984,61,820719,307200,8,26,14,10,19
run_20260811_normal_01,normal,106,18936,1792,9728,57,935522,665600,10,15,14,31,29
run_20260811_normal_01,normal,107,19000,1024,3072,20,186207,512000,10,9,27,15,10
run_20260811_normal_01,normal,108,19064,1024,3072,19,204957,358400,8,15,20,14,15
run_20260811_normal_01,normal,109,19128,1280,4608,26,269735,51200,5,17,26,14,16
run_20260811_normal_01,normal,110,19192,1280,4352,28,221651,665600,10,12,17,24,14
run_20260811_normal_01,normal,111,19256,1024,3584,18,223941,512000,5,10,13,16,9
run_20260811_normal_01,normal,112,19320,1024,2816,17,180527,307200,8,18,26,11,10
run_20260811_normal_01,normal,113,19384,1024,3584,22,170620,153600,5,14,19,9,18
run_20260811_normal_01,normal,114,19448,1024,3328,19,224859,460800,5,14,20,11,11
run_20260811_normal_01,normal,115,19512,1024,3328,16,219289,153600,8,18,14,15,12
run_20260811_normal_01,normal,116,19576,1024,4096,20,256134,256000,5,15,10,16,12
run_20260811_normal_01,normal,117,19640,1024,3840,20,241980,563200,10,15,25,22,11
run_20260811_normal_01,normal,118,19704,1024,2560,21,155273,256000,5,14,9,12,12
run_20260811_normal_01,normal,119,19768,1024,2560,19,164483,153600,8,15,13,18,12
run_20260811_normal_01,normal,120,19832,1024,2560,17,172539,153600,5,17,11,16,11
run_20260811_normal_01,normal,121,19896,1024,2560,17,169074,460800,5,10,18,11,9
run_20260811_normal_01,normal,122,19960,768,2560,14,202655,563200,5,10,17,20,14
run_20260811_normal_01,normal,123,20024,1024,3072,17,224729,256000,5,14,12,12,8
run_20260811_normal_01,normal,124,20088,1024,3328,16,248446,358400,8,10,19,6,9
run_20260811_normal_01,normal,125,20152,768,2560,14,195787,921600,4,10,10,13,9
run_20260811_normal_01,normal,126,20216,1280,4096,26,216010,153600,5,17,19,11,11
run_20260811_normal_01,normal,127,20280,1536,4096,37,197947,512000,10,10,27,15,15
run_20260811_normal_01,normal,128,20344,1280,3584,28,228339,102400,5,15,16,16,14
run_20260811_normal_01,normal,129,20408,1024,3584,20,217881,51200,2,11,10,8,12
run_20260811_normal_01,normal,130,20472,1024,3584,19,190241,460800,5,11,23,14,12
run_20260811_normal_01,normal,131,20536,1024,2560,16,148622,921600,8,11,11,20,13
run_20260811_normal_01,normal,132,20600,1024,3072,21,167595,614400,10,14,18,15,10
run_20260811_normal_01,normal,133,20664,1024,3328,21,181017,1075200,10,10,10,17,18
run_20260811_normal_01,normal,134,20728,768,2816,15,173833,256000,5,17,12,14,13
run_20260811_normal_01,normal,135,20792,1792,9472,49,1025813,358400,8,11,15,16,11
run_20260811_normal_01,normal,136,20856,1792,9472,50,987350,1228800,10,11,14,20,36
run_20260811_normal_01,normal,137,20920,768,2304,14,163037,358400,5,11,14,11,10
run_20260811_normal_01,normal,138,20984,1280,3584,27,182515,256000,5,13,19,12,11
run_20260811_normal_01,normal,139,21048,1280,3584,27,187594,665600,10,18,28,18,12
run_20260811_normal_01,normal,140,21112,1024,3584,16,279399,51200,5,17,13,12,9
run_20260811_normal_01,normal,141,21176,1024,4352,19,377895,153600,5,12,10,15,9
run_20260811_normal_01,normal,142,21240,1024,4096,24,267565,614400,10,14,21,9,15
run_20260811_normal_01,normal,143,21304,1792,9728,52,804366,921600,8,11,12,16,24
run_20260811_normal_01,normal,144,21368,1792,9728,50,862160,153600,8,24,11,13,16
run_20260811_normal_01,normal,145,21432,1024,3072,18,180460,51200,8,18,15,12,10
run_20260811_normal_01,normal,146,21496,768,2560,15,179757,358400,8,13,20,10,10
run_20260811_normal_01,normal,147,21560,1024,3072,23,173460,358400,8,14,25,18,14
run_20260811_normal_01,normal,148,21624,1280,3328,25,174133,716800,8,10,13,22,10
run_20260811_normal_01,normal,149,21688,1024,3072,21,186195,307200,5,13,12,10,10
run_20260811_normal_01,normal,150,21752,1280,6656,29,477515,870400,9,24,10,24,14
run_20260811_normal_01,normal,151,21816,1536,9472,47,756890,1024000,5,11,9,10,34
run_20260811_normal_01,normal,152,21880,1536,9216,40,791258,665600,10,14,26,23,10
run_20260811_normal_01,normal,153,21944,1280,3584,27,202169,204800,5,15,15,16,14
run_20260811_normal_01,normal,154,22008,1024,3072,24,165450,358400,8,14,23,14,15
run_20260811_normal_01,normal,155,22072,1024,3072,19,171624,51200,5,18,12,14,8
run_20260811_normal_01,normal,156,22136,1024,2816,16,160208,358400,8,17,20,10,11
run_20260811_normal_01,normal,157,22200,1024,3328,17,172805,512000,5,11,16,10,13
run_20260811_normal_01,normal,158,22264,1024,3328,19,212834,307200,8,18,13,10,12
run_20260811_normal_01,normal,159,22328,1024,3072,21,184014,768000,8,9,24,15,11
run_20260811_normal_01,normal,160,22392,1024,2560,17,166910,512000,9,12,22,11,18
run_20260811_normal_01,normal,161,22456,768,3072,13,190214,665600,5,9,11,15,12
run_20260811_normal_01,normal,162,22520,1024,3072,16,207353,512000,5,10,14,9,13
run_20260811_normal_01,normal,163,22584,1024,3072,16,213702,153600,5,21,9,10,14
run_20260811_normal_01,normal,164,22648,1024,3328,16,222066,614400,8,17,17,15,12
run_20260811_normal_01,normal,165,22712,1024,3072,16,185099,665600,8,10,13,20,14
run_20260811_normal_01,normal,166,22776,768,2304,15,149099,972800,5,11,11,10,15
run_20260811_normal_01,normal,167,22840,1024,2816,21,167242,51200,5,14,9,12,17
run_20260811_normal_01,normal,168,22904,1024,3072,24,165855,768000,8,13,11,23,13
run_20260811_normal_01,normal,169,22968,1024,3072,20,171255,563200,10,12,27,14,11
run_20260811_normal_01,normal,170,23032,1024,3072,19,180177,665600,13,12,15,24,13
run_20260811_normal_01,normal,171,23096,1024,3072,18,189692,307200,5,14,16,18,14
run_20260811_normal_01,normal,172,23160,768,2816,15,164448,972800,5,11,13,12,14
run_20260811_normal_01,normal,173,23224,768,2560,14,157680,51200,8,22,13,12,9
run_20260811_normal_01,normal,174,23288,768,3328,15,231811,307200,5,14,10,8,10
run_20260811_normal_01,normal,175,23352,1024,3584,21,239490,460800,10,13,27,9,12
run_20260811_normal_01,normal,176,23416,1024,3840,21,227570,358400,5,13,17,9,16
run_20260811_normal_01,normal,177,23480,1024,3328,20,202336,614400,5,11,17,13,11
run_20260811_normal_01,normal,178,23544,1024,3328,16,216917,51200,5,20,18,12,9
run_20260811_normal_01,normal,179,23608,768,2560,14,173400,921600,5,9,8,15,18
run_20260811_normal_01,normal,180,23672,768,2560,14,172589,153600,5,14,11,11,12
run_20260811_normal_01,normal,181,23736,1024,2816,16,174740,512000,4,9,15,8,11
run_20260811_normal_01,normal,182,23800,1024,2816,18,159518,563200,8,14,24,13,11
run_20260811_normal_01,normal,183,23864,768,2304,15,161716,51200,5,16,8,10,13
run_20260811_normal_01,normal,184,23928,768,2560,15,173179,563200,8,9,20,12,13
run_20260811_normal_01,normal,185,23992,1024,3840,20,235129,102400,5,15,10,12,15
run_20260811_normal_01,normal,186,24056,1280,3840,29,201348,51200,5,21,19,19,15
run_20260811_normal_01,normal,187,24120,1280,3584,31,175003,614400,8,10,24,27,10
run_20260811_normal_01,normal,188,24184,1280,3328,29,159937,614400,8,9,19,20,15
run_20260811_normal_01,normal,189,24248,1024,2816,23,172033,665600,10,11,11,22,13
run_20260811_normal_01,normal,190,24312,768,2560,15,194736,256000,4,12,10,11,11
run_20260811_normal_01,normal,191,24376,1024,2560,17,164403,307200,8,21,13,14,11
run_20260811_normal_01,normal,192,24440,1024,3584,21,203625,153600,5,20,17,10,6
run_20260811_normal_01,normal,193,24504,1024,3584,19,233558,665600,5,11,6,14,15
run_20260811_normal_01,normal,194,24568,1024,3328,18,226375,307200,8,21,9,20,11
run_20260811_normal_01,normal,195,24632,1024,3328,18,219725,51200,2,10,10,10,11
run_20260811_normal_01,normal,196,24696,1024,3072,18,183789,716800,5,10,9,12,13
run_20260811_normal_01,normal,197,24760,1024,2816,19,153948,512000,5,10,13,13,16
run_20260811_normal_01,normal,198,24824,768,2304,15,148042,358400,8,10,23,12,9
run_20260811_normal_01,normal,199,24888,1024,2816,16,174430,716800,8,11,16,22,12
run_20260811_normal_01,normal,200,24952,1024,2816,16,192096,307200,5,14,17,15,12
run_20260811_normal_01,normal,201,25016,768,2560,14,184976,614400,5,11,13,11,13
run_20260811_normal_01,normal,202,25080,1024,3072,21,181401,665600,9,14,14,23,15
run_20260811_normal_01,normal,203,25144,3072,16896,160,938966,153600,5,24,13,10,16
run_20260811_normal_01,normal,204,25208,3072,17152,163,911743,1177600,20,14,13,23,106
run_20260811_normal_01,normal,205,25272,1024,2816,21,146316,256000,5,13,19,16,13
run_20260811_normal_01,normal,206,25336,1024,2816,17,160700,51200,5,15,13,12,11
run_20260811_normal_01,normal,207,25400,1024,3072,16,194201,102400,5,15,9,8,14
run_20260811_normal_01,normal,208,25464,768,2304,12,172013,256000,5,16,8,11,15
run_20260811_normal_01,normal,209,25528,1024,2816,18,168529,563200,8,11,20,12,12
run_20260811_normal_01,normal,210,25592,1024,3072,24,159074,512000,10,11,25,24,11
run_20260811_normal_01,normal,211,25656,1536,8704,48,968694,716800,8,12,21,23,13
run_20260811_normal_01,normal,212,25720,1536,8704,43,1204129,665600,5,8,11,17,17
run_20260811_normal_01,normal,213,25784,1024,3072,16,183131,358400,5,13,17,11,18
run_20260811_normal_01,normal,214,25848,1024,3328,21,169837,512000,5,10,17,20,12
run_20260811_normal_01,normal,215,25912,1024,2560,17,144420,307200,5,13,20,12,13
run_20260811_normal_01,normal,216,25976,1024,2304,16,147868,563200,5,12,14,9,13
run_20260811_normal_01,normal,217,26040,768,2048,15,145763,665600,10,14,8,17,10
run_20260811_normal_01,normal,218,26104,2816,17152,123,1459499,102400,5,25,13,11,10
run_20260811_normal_01,normal,219,26168,2816,17152,126,1409154,1075200,13,11,32,45,45
run_20260811_normal_01,normal,220,26232,1024,2816,21,159162,51200,5,17,12,9,15
run_20260811_normal_01,normal,221,26296,1280,4096,29,189041,51200,8,18,13,20,14
run_20260811_normal_01,normal,222,26360,1280,3840,26,176197,665600,10,19,22,23,9
run_20260811_normal_01,normal,223,26424,1280,3328,28,157271,563200,5,10,14,12,11
run_20260811_normal_01,normal,224,26488,1280,3584,30,179524,460800,9,14,29,12,12
run_20260811_normal_01,normal,225,26552,1280,3328,25,195423,563200,10,10,25,25,10
run_20260811_normal_01,normal,226,26616,1792,9728,58,802283,716800,13,11,17,28,19
run_20260811_normal_01,normal,227,26680,1792,9728,59,783716,665600,10,19,12,29,21
run_20260811_normal_01,normal,228,26744,1024,2816,18,163948,204800,5,18,17,9,11
run_20260811_normal_01,normal,229,26808,1024,3328,20,176787,614400,10,20,15,19,10
run_20260811_normal_01,normal,230,26872,1024,3328,22,166154,102400,5,16,11,9,12
run_20260811_normal_01,normal,231,26936,1024,3840,23,208043,614400,8,10,18,18,10
run_20260811_normal_01,normal,232,27000,1280,3840,28,214127,563200,10,15,28,11,12
run_20260811_normal_01,normal,233,27064,1280,3584,27,196039,512000,5,9,12,23,14
run_20260811_normal_01,normal,234,27128,1792,9728,63,800376,870400,10,17,24,35,38
run_20260811_normal_01,normal,235,27192,1792,9728,58,906650,51200,5,14,11,13,22
run_20260811_normal_01,normal,236,27256,1024,2304,19,155881,512000,5,11,19,12,11
run_20260811_normal_01,normal,237,27320,1024,2560,23,143704,460800,10,18,21,11,12
run_20260811_normal_01,normal,238,27384,1024,2560,20,148173,153600,8,20,17,18,11
run_20260811_normal_01,normal,239,27448,1024,2560,17,149451,102400,5,16,13,14,13
run_20260811_normal_01,normal,240,27512,1024,2560,20,142182,358400,5,9,17,13,10
run_20260811_normal_01,normal,241,27576,1792,9984,49,878002,153600,5,13,16,11,10
run_20260811_normal_01,normal,242,27640,1536,9728,47,893968,153600,8,18,14,26,31
run_20260811_normal_01,normal,243,27704,1024,3584,17,228902,460800,5,8,12,11,11
run_20260811_normal_01,normal,244,27768,1024,3328,21,201743,563200,8,13,17,14,18
run_20260811_normal_01,normal,245,27832,1024,3840,23,206443,460800,10,20,20,13,12
run_20260811_normal_01,normal,246,27896,1024,4096,19,258892,153600,5,12,10,10,11
run_20260811_normal_01,normal,247,27960,1024,3072,16,198990,460800,4,11,12,7,11
run_20260811_normal_01,normal,248,28024,1024,4352,19,331688,1075200,5,9,8,10,15
run_20260811_normal_01,normal,249,28088,3072,17920,167,1389373,768000,18,9,27,65,60
run_20260811_normal_01,normal,250,28152,3072,17920,164,1435471,665600,5,12,14,14,20
run_20260811_normal_01,normal,251,28216,1024,2560,16,141469,819200,5,10,13,13,15
run_20260811_normal_01,normal,252,28280,1024,2816,19,138419,512000,8,15,23,9,16
run_20260811_normal_01,normal,253,28344,1024,2304,20,134197,51200,5,17,14,15,9
run_20260811_normal_01,normal,254,28408,768,2304,15,171220,153600,5,17,12,15,10
run_20260811_normal_01,normal,255,28472,1024,3072,19,195336,307200,5,15,19,10,12
run_20260811_normal_01,normal,256,28536,2816,15104,130,737793,460800,10,15,31,11,11
run_20260811_normal_01,normal,257,28600,2816,15104,123,819373,1177600,13,20,22,17,66
run_20260811_normal_01,normal,258,28664,1024,3072,19,166189,153600,5,14,13,12,14
run_20260811_normal_01,normal,259,28728,1024,2816,17,179269,768000,5,12,14,11,12
run_20260811_normal_01,normal,260,28792,1024,3328,20,218182,51200,8,30,22,11,11
run_20260811_normal_01,normal,261,28856,1024,3072,22,190244,563200,10,13,24,13,17
run_20260811_normal_01,normal,262,28920,1024,2816,20,165661,51200,8,16,14,10,8
run_20260811_normal_01,normal,263,28984,1024,2816,19,172360,665600,5,11,13,13,13
run_20260811_normal_01,normal,264,29048,2560,14336,101,1116154,614400,10,26,29,28,46
run_20260811_normal_01,normal,265,29112,2560,14336,101,1105073,358400,8,13,17,13,11
run_20260811_normal_01,normal,266,29176,1024,2816,18,172038,512000,5,11,13,11,18
run_20260811_normal_01,normal,267,29240,1024,2816,18,177961,460800,5,9,16,11,9
run_20260811_normal_01,normal,268,29304,1024,3328,23,192604,563200,8,14,20,11,11
run_20260811_normal_01,normal,269,29368,1280,3328,26,188294,51200,5,14,12,15,14
run_20260811_normal_01,normal,270,29432,1024,3072,21,185137,460800,5,10,21,17,9
run_20260811_normal_01,normal,271,29496,2048,9728,72,677917,307200,5,11,11,9,14
run_20260811_normal_01,normal,272,29560,3072,17408,145,1045230,409600,13,21,62,51,31
run_20260811_normal_01,normal,273,29624,2304,16896,96,1784173,614400,8,21,20,11,14
run_20260811_normal_01,normal,274,29688,1280,4096,26,233093,51200,8,16,12,9,13
run_20260811_normal_01,normal,275,29752,1024,2560,17,193393,256000,5,15,11,12,8
run_20260811_normal_01,normal,276,29816,1024,2816,16,192613,307200,4,11,10,10,9
run_20260811_normal_01,normal,277,29880,768,3072,15,233320,768000,9,11,16,18,12
run_20260811_normal_01,normal,278,29944,768,3328,15,233902,921600,5,10,10,15,12
run_20260811_normal_01,normal,279,30008,2048,12544,76,1046683,307200,5,14,24,16,18
run_20260811_normal_01,normal,280,30072,2304,12800,83,910506,512000,9,15,37,20,16
run_20260811_normal_01,normal,281,30136,1280,3328,28,171412,51200,5,12,14,14,13
run_20260811_normal_01,normal,282,30200,1024,3072,23,171804,307200,5,14,22,8,9
run_20260811_normal_01,normal,283,30264,768,2560,15,181125,716800,5,9,11,14,12
run_20260811_normal_01,normal,284,30328,1024,3072,17,195739,51200,5,21,19,15,10
run_20260811_normal_01,normal,285,30392,1024,3072,20,179748,102400,5,17,11,11,11
run_20260811_normal_01,normal,286,30456,2304,10240,86,692456,51200,5,13,13,12,13
run_20260811_normal_01,normal,287,30520,2304,10240,87,674727,870400,13,8,9,32,70
run_20260811_normal_01,normal,288,30584,1024,3328,23,186339,358400,8,15,22,14,12
run_20260811_normal_01,normal,289,30648,1024,3328,20,197187,307200,5,13,10,10,12
run_20260811_normal_01,normal,290,30712,768,2304,14,170003,153600,5,16,9,11,13
run_20260811_normal_01,normal,291,30776,1024,3840,16,276280,614400,5,9,16,11,13
run_20260811_normal_01,normal,292,30840,1280,3840,25,194193,102400,5,17,9,16,14
run_20260811_normal_01,normal,293,30904,1280,3328,26,184586,256000,8,23,20,12,13
run_20260811_normal_01,normal,294,30968,2560,13824,106,963063,460800,10,10,23,27,18
run_20260811_normal_01,normal,295,31032,2560,14080,104,1042931,563200,10,14,41,44,20
run_20260811_normal_01,normal,296,31096,768,2560,14,163387,102400,5,23,11,10,10
run_20260811_normal_01,normal,297,31160,1024,3328,17,191288,358400,8,15,17,20,10
run_20260811_normal_01,normal,298,31224,1024,3072,17,187452,563200,5,7,15,11,18
run_20260811_normal_01,normal,299,31288,768,2560,15,165087,716800,10,22,24,20,12
run_20260811_normal_01,normal,300,31352,768,2304,15,181799,665600,5,12,8,13,16
run_20260811_normal_01,normal,301,31416,1280,3840,29,209079,563200,10,10,25,13,13
run_20260811_normal_01,normal,302,31480,3840,18432,239,776114,972800,26,15,20,93,106
run_20260811_normal_01,normal,303,31544,3840,18432,226,869839,358400,5,10,16,14,12
run_20260811_normal_01,normal,304,31608,1024,2560,18,193314,563200,8,20,20,9,8
run_20260811_normal_01,normal,305,31672,1024,3072,18,176733,512000,10,14,22,11,10
run_20260811_normal_01,normal,306,31736,1024,3072,17,183422,307200,5,16,12,10,16
run_20260811_normal_01,normal,307,31800,1024,3072,20,195045,307200,8,20,16,10,10
run_20260811_normal_01,normal,308,31864,1280,3072,26,166103,563200,13,11,41,13,12
run_20260811_normal_01,normal,309,31928,3072,15872,156,774022,870400,10,19,13,32,25
run_20260811_normal_01,normal,310,31992,3072,15872,149,847450,665600,10,20,17,36,26
run_20260811_normal_01,normal,311,32056,1024,3072,21,184276,409600,5,10,24,15,8
run_20260811_normal_01,normal,312,32120,1280,3072,29,137347,307200,8,27,23,11,12
run_20260811_normal_01,normal,313,32184,1024,2816,23,154976,512000,10,9,29,11,9
run_20260811_normal_01,normal,314,32248,1024,3072,20,187812,153600,5,16,13,11,13
run_20260811_normal_01,normal,315,32312,1024,3328,20,187166,460800,10,14,26,16,10
run_20260811_normal_01,normal,316,32376,1280,4096,32,179568,512000,10,21,25,18,11
run_20260811_normal_01,normal,317,32440,2560,11776,111,562832,1177600,13,10,19,13,68
run_20260811_normal_01,normal,318,32504,2560,11776,102,662660,1075200,8,18,17,17,26
run_20260811_normal_01,normal,319,32568,1280,4096,26,237584,512000,8,12,26,17,15
run_20260811_normal_01,normal,320,32632,1280,4096,26,204501,512000,10,16,25,18,10
run_20260811_normal_01,normal,321,32696,1024,3328,22,166351,563200,5,12,15,19,11
run_20260811_normal_01,normal,322,32760,1024,3328,19,200956,51200,5,12,17,21,11
run_20260811_normal_01,normal,323,32824,1024,3072,21,193909,51200,5,17,14,14,14
run_20260811_normal_01,normal,324,32888,3584,16640,224,601494,716800,5,10,9,16,16
run_20260811_normal_01,normal,325,32952,3584,16640,224,602036,972800,34,14,11,87,100
run_20260811_normal_01,normal,326,33016,1280,3584,26,189438,614400,10,12,21,20,9
run_20260811_normal_01,normal,327,33080,1024,3584,24,200416,307200,5,13,17,11,10
run_20260811_normal_01,normal,328,33144,1024,3328,23,169707,358400,10,21,22,9,13
run_20260811_normal_01,normal,329,33208,1024,3072,24,167101,460800,5,12,21,13,9
run_20260811_normal_01,normal,330,33272,1024,2816,17,180868,1075200,8,10,9,11,18
run_20260811_normal_01,normal,331,33336,768,2816,14,210391,358400,8,11,17,14,12
run_20260811_normal_01,normal,332,33400,2816,14592,133,792848,972800,13,19,14,45,45
run_20260811_normal_01,normal,333,33464,2816,14592,133,786047,51200,5,21,9,15,16
run_20260811_normal_01,normal,334,33528,1024,2560,16,168442,563200,5,8,11,17,10
run_20260811_normal_01,normal,335,33592,1024,3072,18,199705,358400,8,10,17,10,11
run_20260811_normal_01,normal,336,33656,1024,3072,20,172097,204800,5,21,11,19,12
run_20260811_normal_01,normal,337,33720,1280,3328,26,152324,358400,5,8,20,10,14
run_20260811_normal_01,normal,338,33784,1280,4352,33,192719,512000,13,16,28,9,10
run_20260811_normal_01,normal,339,33848,2304,14336,83,1309161,51200,5,12,19,19,9
run_20260811_normal_01,normal,340,33912,2048,14592,74,1711433,972800,13,41,35,32,38
run_20260811_normal_01,normal,341,33976,1024,3328,19,196149,51200,5,16,10,18,8
run_20260811_normal_01,normal,342,34040,1024,3328,17,225031,256000,5,20,15,20,12
run_20260811_normal_01,normal,343,34104,1024,3072,20,203079,614400,5,10,14,17,12
run_20260811_normal_01,normal,344,34168,1024,3328,18,207648,460800,5,11,13,10,14
run_20260811_normal_01,normal,345,34232,768,2816,14,180066,870400,5,9,10,16,10
run_20260811_normal_01,normal,346,34296,1024,3328,21,188903,1024000,5,11,11,10,15
run_20260811_normal_01,normal,347,34360,2048,9984,69,640552,563200,10,18,25,17,28
run_20260811_normal_01,normal,348,34424,2048,9984,65,712221,563200,8,11,13,9,19
run_20260811_normal_01,normal,349,34488,1024,2816,16,179817,51200,5,17,14,10,11
run_20260811_normal_01,normal,350,34552,768,2304,14,153212,51200,5,12,16,16,11
run_20260811_normal_01,normal,351,34616,1024,2816,16,198678,358400,5,9,17,11,12
run_20260811_normal_01,normal,352,34680,1024,2816,19,196848,614400,5,9,14,14,11
run_20260811_normal_01,normal,353,34744,1024,2816,18,195650,307200,8,23,8,13,12
run_20260811_normal_01,normal,354,34808,1024,3840,23,208859,102400,5,14,24,12,11
run_20260811_normal_01,normal,355,34872,2560,14336,120,907423,1177600,13,19,14,16,63
run_20260811_normal_01,normal,356,34936,2560,14336,112,1031794,563200,5,11,14,10,9
run_20260811_normal_01,normal,357,35000,768,2560,13,180982,614400,5,11,13,13,12
run_20260811_normal_01,normal,358,35064,768,3072,13,205655,358400,8,14,23,15,8
run_20260811_normal_01,normal,359,35128,1024,3072,17,167074,512000,5,11,18,13,12
run_20260811_normal_01,normal,360,35192,768,2304,14,155813,460800,10,14,18,10,15
run_20260811_normal_01,normal,361,35256,768,2560,12,180840,51200,5,15,12,9,7
run_20260811_normal_01,normal,362,35320,2816,17408,127,1356747,819200,10,13,25,25,24
run_20260811_normal_01,normal,363,35384,2816,17664,131,1301655,665600,13,12,28,32,30
run_20260811_normal_01,normal,364,35448,1280,3584,25,203674,1126400,5,11,12,13,14
run_20260811_normal_01,normal,365,35512,1536,4352,38,187627,665600,13,17,29,27,9
run_20260811_normal_01,normal,366,35576,1536,4352,39,182977,512000,8,24,15,23,15
run_20260811_normal_01,normal,367,35640,1280,3840,26,175584,665600,10,16,11,28,8
run_20260811_normal_01,normal,368,35704,1024,2560,24,143745,460800,5,11,17,13,12
run_20260811_normal_01,normal,369,35768,1280,2816,26,152643,665600,10,12,16,25,16
run_20260811_normal_01,normal,370,35832,3072,17152,164,876625,1126400,17,13,12,51,83
run_20260811_normal_01,normal,371,35896,3072,16640,160,904986,460800,13,12,25,11,12
run_20260811_normal_01,normal,372,35960,1024,3072,24,160208,512000,5,10,17,13,15
run_20260811_normal_01,normal,373,36024,1024,2816,19,153859,153600,5,15,10,11,12
run_20260811_normal_01,normal,374,36088,1024,3584,19,230839,307200,8,24,15,8,10
run_20260811_normal_01,normal,375,36152,1024,3584,24,210904,870400,4,9,10,10,12
run_20260811_normal_01,normal,376,36216,1280,3328,26,171863,409600,10,16,28,11,17
run_20260811_normal_01,normal,377,36280,1280,3072,26,167572,102400,5,19,11,11,13
run_20260811_normal_01,normal,378,36344,1024,2816,16,178497,512000,10,14,20,11,13
run_20260811_normal_01,normal,379,36408,1024,3072,23,162697,563200,8,10,22,14,10
run_20260811_normal_01,normal,380,36472,1280,3072,27,155489,614400,10,10,22,13,11
run_20260811_normal_01,normal,381,36536,1280,3584,25,213144,102400,5,18,16,10,9
run_20260811_normal_01,normal,382,36600,1536,5376,38,243779,614400,10,24,21,12,22
run_20260811_normal_01,normal,383,36664,1280,5376,35,255062,716800,9,10,15,25,10
run_20260811_normal_01,normal,384,36728,1280,4352,32,243017,153600,5,17,17,11,15
run_20260811_normal_01,normal,385,36792,2560,13824,106,877064,1280000,10,20,27,19,35
run_20260811_normal_01,normal,386,36856,2304,14080,96,1139416,716800,9,15,12,17,12
run_20260811_normal_01,normal,387,36920,1024,3072,18,178683,665600,10,11,10,23,11
run_20260811_normal_01,normal,388,36984,1024,3072,20,182769,665600,8,15,21,23,17
run_20260811_normal_01,normal,389,37048,1024,3328,23,201748,563200,10,14,25,12,13
run_20260811_normal_01,normal,390,37112,1024,3072,20,213289,102400,5,14,15,12,11
run_20260811_normal_01,normal,391,37176,1024,3072,20,180935,256000,5,14,18,12,10
run_20260811_normal_01,normal,392,37240,3072,15104,154,764243,153600,8,23,17,12,9
run_20260811_normal_01,normal,393,37304,3072,14848,148,795903,460800,17,28,65,32,28
run_20260811_normal_01,normal,394,37368,768,2560,15,157642,307200,8,18,13,11,8
run_20260811_normal_01,normal,395,37432,1024,3840,22,211256,102400,5,14,17,15,14
run_20260811_normal_01,normal,396,37496,1280,3840,27,232691,563200,10,16,29,8,12
run_20260811_normal_01,normal,397,37560,1024,3584,21,235365,716800,5,9,12,17,14
run_20260811_normal_01,normal,398,37624,1024,2560,18,185711,665600,8,15,17,21,11
run_20260811_normal_01,normal,399,37688,1024,2816,20,162607,307200,5,16,17,16,13
run_20260811_normal_01,normal,400,37752,3584,16128,205,740822,921600,17,24,17,46,49
run_20260811_normal_01,normal,401,37816,3584,16128,204,743410,716800,10,21,18,31,24
run_20260811_normal_01,normal,402,37880,1024,3072,16,198694,51200,5,13,12,9,10
run_20260811_normal_01,normal,403,37944,768,2560,15,182014,153600,5,17,14,13,11
run_20260811_normal_01,normal,404,38008,1024,3072,18,197846,358400,5,13,21,12,14
run_20260811_normal_01,normal,405,38072,1024,3328,20,175423,563200,10,10,23,8,10
run_20260811_normal_01,normal,406,38136,1024,2304,17,134226,614400,5,12,13,15,17
run_20260811_normal_01,normal,407,38200,2560,10240,100,650798,256000,5,13,9,11,15
run_20260811_normal_01,normal,408,38264,2560,10240,105,605709,1024000,17,11,14,55,66
run_20260811_normal_01,normal,409,38328,1024,4352,18,286643,358400,5,11,15,11,8
run_20260811_normal_01,normal,410,38392,768,2304,12,176593,512000,5,9,14,13,19
run_20260811_normal_01,normal,411,38456,1024,2560,18,150424,1075200,8,9,14,12,16
run_20260811_normal_01,normal,412,38520,1024,2304,17,156540,460800,8,13,21,14,12
run_20260811_normal_01,normal,413,38584,768,2560,11,197979,665600,10,9,8,22,11
run_20260811_normal_01,normal,414,38648,768,2560,10,200989,153600,5,15,13,11,12
run_20260811_normal_01,normal,415,38712,3328,17664,176,919407,1177600,18,24,14,24,86
run_20260811_normal_01,normal,416,38776,3328,17664,185,835774,1177600,8,15,13,13,30
run_20260811_normal_01,normal,417,38840,1024,3840,23,235998,512000,8,17,21,11,10
run_20260811_normal_01,normal,418,38904,1024,3328,22,221066,614400,5,14,10,11,8
run_20260811_normal_01,normal,419,38968,1024,3328,19,212341,358400,5,11,17,20,18
run_20260811_normal_01,normal,420,39032,1024,2304,16,157058,768000,5,12,9,13,15
run_20260811_normal_01,normal,421,39096,768,2304,15,143626,153600,5,21,16,10,11
run_20260811_normal_01,normal,422,39160,2560,17152,108,1665654,614400,5,11,13,15,12
run_20260811_normal_01,normal,423,39224,3328,17152,182,932122,665600,17,12,54,86,43
run_20260811_normal_01,normal,424,39288,2304,15104,95,1345075,614400,8,11,16,12,14
run_20260811_normal_01,normal,425,39352,1280,2816,25,164080,768000,9,14,22,22,12
run_20260811_normal_01,normal,426,39416,1024,3328,21,206076,870400,8,9,24,16,13
run_20260811_normal_01,normal,427,39480,1024,3328,19,215573,460800,5,11,15,16,13
run_20260811_normal_01,normal,428,39544,1024,2560,19,169420,768000,10,11,15,21,12
run_20260811_normal_01,normal,429,39608,1024,3072,18,219725,512000,5,8,15,11,18
run_20260811_normal_01,normal,430,39672,2560,14848,115,810076,614400,10,20,29,24,22
run_20260811_normal_01,normal,431,39736,2560,14848,113,840639,614400,8,9,24,20,19
run_20260811_normal_01,normal,432,39800,768,3328,11,299884,563200,5,14,12,10,11
run_20260811_normal_01,normal,433,39864,768,2304,10,186056,153600,5,11,10,11,12
run_20260811_normal_01,normal,434,39928,768,2560,13,184079,512000,5,13,16,8,8
run_20260811_normal_01,normal,435,39992,768,2304,14,141151,153600,5,17,8,9,12
run_20260811_normal_01,normal,436,40056,768,2304,13,163621,307200,8,15,9,8,16
run_20260811_normal_01,normal,437,40120,1280,8448,27,1127465,256000,5,14,9,11,11
run_20260811_normal_01,normal,438,40184,2560,15616,110,1267320,972800,13,23,32,22,71
run_20260811_normal_01,normal,439,40248,2560,15616,101,1417445,460800,5,13,21,14,13
run_20260811_normal_01,normal,440,40312,1024,3328,23,168535,563200,8,18,18,20,14
run_20260811_normal_01,normal,441,40376,1024,2816,19,153588,51200,5,13,15,15,11
run_20260811_normal_01,normal,442,40440,1024,2560,18,162145,102400,5,18,15,10,11
run_20260811_normal_01,normal,443,40504,1024,2816,16,214012,204800,5,15,18,11,12
run_20260811_normal_01,normal,444,40568,1024,3328,21,223089,358400,8,15,32,12,12
run_20260811_normal_01,normal,445,40632,3072,15872,145,882076,1177600,13,16,11,9,26
run_20260811_normal_01,normal,446,40696,2816,16128,142,928181,1177600,20,12,20,36,64
run_20260811_normal_01,normal,447,40760,1024,2304,17,133790,153600,5,17,17,14,10
run_20260811_normal_01,normal,448,40824,1024,3328,18,191510,256000,5,14,11,21,10
run_20260811_normal_01,normal,449,40888,1024,3328,19,175607,51200,5,23,11,12,14
run_20260811_normal_01,normal,450,40952,1024,2560,19,143165,153600,8,21,9,14,11
run_20260811_normal_01,normal,451,41016,1024,3328,20,174421,512000,5,12,16,16,15
run_20260811_normal_01,normal,452,41080,1024,5120,20,319675,358400,5,12,16,18,15
run_20260811_normal_01,normal,453,41144,4352,18176,296,793562,921600,32,20,17,143,100
run_20260811_normal_01,normal,454,41208,4352,18176,296,795352,51200,5,13,16,13,10
run_20260811_normal_01,normal,455,41272,1024,2304,17,161323,256000,5,17,14,11,17
run_20260811_normal_01,normal,456,41336,768,2304,15,169068,51200,5,15,15,18,6
run_20260811_normal_01,normal,457,41400,1024,2816,19,168899,358400,8,15,18,17,13
run_20260811_normal_01,normal,458,41464,1024,2816,20,162977,614400,8,13,18,23,17
run_20260811_normal_01,normal,459,41528,1024,3072,21,158615,102400,5,13,12,8,11
run_20260811_normal_01,normal,460,41592,3584,16896,220,750772,870400,10,14,11,28,21
run_20260811_normal_01,normal,461,41656,3584,16896,218,770486,972800,18,33,45,49,64
run_20260811_normal_01,normal,462,41720,1024,3072,19,180398,768000,8,14,18,22,16
run_20260811_normal_01,normal,463,41784,1024,2816,20,164215,563200,5,8,16,20,12
run_20260811_normal_01,normal,464,41848,1024,2816,19,162111,51200,5,22,11,14,13
run_20260811_normal_01,normal,465,41912,1024,3584,21,205309,102400,5,23,10,14,12
run_20260811_normal_01,normal,466,41976,1536,5888,39,333997,256000,5,15,17,19,13
run_20260811_normal_01,normal,467,42040,1792,6144,57,285998,614400,20,13,46,36,17
run_20260811_normal_01,normal,468,42104,3328,14336,181,602484,1177600,20,16,22,15,98
run_20260811_normal_01,normal,469,42168,3072,14080,160,720587,614400,9,9,23,18,11
run_20260811_normal_01,normal,470,42232,1024,2304,19,140767,204800,5,18,14,24,14
run_20260811_normal_01,normal,471,42296,1024,3584,19,179197,51200,8,23,18,9,11
run_20260811_normal_01,normal,472,42360,1024,4096,21,257885,256000,5,17,10,20,8
run_20260811_normal_01,normal,473,42424,1024,2816,23,139066,460800,5,12,19,10,11
run_20260811_normal_01,normal,474,42488,1024,3840,20,211285,614400,5,11,15,12,9
run_20260811_normal_01,normal,475,42552,3072,15104,166,831459,665600,8,14,13,23,15
run_20260811_normal_01,normal,476,42616,3072,14848,164,821983,460800,18,20,88,24,27
run_20260811_normal_01,normal,477,42680,1024,3328,19,228472,153600,5,15,15,12,10
run_20260811_normal_01,normal,478,42744,1024,3072,22,192379,768000,5,11,9,13,10
run_20260811_normal_01,normal,479,42808,1024,2816,18,189326,665600,10,10,13,19,10
run_20260811_normal_01,normal,480,42872,768,3584,15,308095,460800,5,11,13,8,13
run_20260811_normal_01,normal,481,42936,1024,3584,19,223113,870400,8,13,15,21,13
run_20260811_normal_01,normal,482,43000,1024,2560,20,164269,614400,8,13,16,21,14
run_20260811_normal_01,normal,483,43064,3584,16384,196,662278,716800,29,13,48,77,14
run_20260811_normal_01,normal,484,43128,3584,16384,200,637171,716800,13,15,19,29,16
run_20260811_normal_01,normal,485,43192,1024,3328,21,175785,102400,5,15,11,13,16
run_20260811_normal_01,normal,486,43256,1024,2560,16,167525,614400,5,9,13,8,12
run_20260811_normal_01,normal,487,43320,1024,2816,19,169253,358400,8,21,17,12,14
run_20260811_normal_01,normal,488,43384,768,2304,14,165066,256000,5,15,8,15,10
run_20260811_normal_01,normal,489,43448,1024,3840,18,249212,153600,5,20,12,13,12
run_20260811_normal_01,normal,490,43512,2816,16384,138,1160363,102400,5,21,15,18,11
run_20260811_normal_01,normal,491,43576,2816,16640,136,1198976,1177600,13,25,31,27,65
run_20260811_normal_01,normal,492,43640,1024,2560,18,158579,204800,5,15,14,10,17
run_20260811_normal_01,normal,493,43704,768,2816,15,195899,102400,2,10,11,11,9
run_20260811_normal_01,normal,494,43768,1024,3072,16,262183,153600,5,16,14,12,6
run_20260811_normal_01,normal,495,43832,1024,3072,20,213412,204800,5,14,15,10,14
run_20260811_normal_01,normal,496,43896,1024,3072,18,209114,307200,8,24,11,11,13
run_20260811_normal_01,normal,497,43960,1024,3584,18,219819,665600,10,15,14,18,11
run_20260811_normal_01,normal,498,44024,3584,17920,205,793625,665600,20,13,23,93,63
run_20260811_normal_01,normal,499,44088,3584,17920,200,830328,768000,8,13,11,27,20
run_20260811_normal_01,normal,500,44152,1024,2560,16,161302,563200,10,10,21,10,9
run_20260811_normal_01,normal,501,44216,768,2560,15,194087,563200,5,11,15,14,16
run_20260811_normal_01,normal,502,44280,768,3584,14,257548,153600,8,20,17,11,12
run_20260811_normal_01,normal,503,44344,1024,3328,18,179185,307200,5,15,10,13,10
run_20260811_normal_01,normal,504,44408,1024,3072,20,174159,51200,5,24,14,10,12
run_20260811_normal_01,normal,505,44472,2816,16896,126,1388106,51200,5,19,10,9,10
run_20260811_normal_01,normal,506,44536,3328,16896,171,1098763,921600,20,36,27,73,57
run_20260811_normal_01,normal,507,44600,2048,16896,64,2431862,563200,10,17,22,10,16
run_20260811_normal_01,normal,508,44664,1024,3840,19,248530,51200,2,10,10,11,11
run_20260811_normal_01,normal,509,44728,768,2560,15,196754,153600,5,17,12,12,13
run_20260811_normal_01,normal,510,44792,1024,3328,18,198332,512000,5,11,21,10,13
run_20260811_normal_01,normal,511,44856,1024,3072,19,172784,51200,5,20,13,15,13
run_20260811_normal_01,normal,512,44920,1024,2816,20,199853,768000,5,11,8,13,13
run_20260811_normal_01,normal,513,44984,2816,14592,126,728506,1126400,10,20,18,14,42
run_20260811_normal_01,normal,514,45048,2816,14848,138,645371,768000,10,26,11,26,46
run_20260811_normal_01,normal,515,45112,1536,5120,44,196834,563200,10,14,27,28,6
run_20260811_normal_01,normal,516,45176,1280,5376,30,304576,614400,10,10,23,23,11
run_20260811_normal_01,normal,517,45240,768,2304,14,174021,972800,8,11,9,12,18
run_20260811_normal_01,normal,518,45304,1024,3072,16,176167,256000,5,19,11,11,10
run_20260811_normal_01,normal,519,45368,1024,3584,23,193712,358400,5,10,17,10,11
run_20260811_normal_01,normal,520,45432,2560,13056,114,728898,614400,10,14,24,14,12
run_20260811_normal_01,normal,521,45496,3328,14336,171,577213,1280000,26,18,35,30,57
run_20260811_normal_01,normal,522,45560,2304,14080,85,1046733,153600,5,14,13,11,12
run_20260811_normal_01,normal,523,45624,1024,3584,20,230039,972800,5,12,14,10,22
run_20260811_normal_01,normal,524,45688,1024,4096,20,262484,563200,5,7,14,14,13
run_20260811_normal_01,normal,525,45752,1280,4096,27,216594,204800,8,23,16,13,9
run_20260811_normal_01,normal,526,45816,1280,3584,26,198273,409600,5,10,20,13,15
run_20260811_normal_01,normal,527,45880,1024,3328,22,190589,614400,5,8,13,13,14
run_20260811_normal_01,normal,528,45944,4864,19200,361,626152,1177600,13,15,13,29,64
run_20260811_normal_01,normal,529,46008,4864,19200,361,629282,972800,17,15,14,48,80
run_20260811_normal_01,normal,530,46072,1024,2816,17,181767,153600,8,20,10,15,12
run_20260811_normal_01,normal,531,46136,1024,2816,20,168085,51200,5,13,15,7,12
run_20260811_normal_01,normal,532,46200,1024,2816,21,169473,512000,10,9,24,12,11
run_20260811_normal_01,normal,533,46264,1024,2816,21,176568,51200,5,13,13,18,10
run_20260811_normal_01,normal,534,46328,1024,2816,19,179363,51200,5,17,11,11,12
run_20260811_normal_01,normal,535,46392,1536,8704,44,843392,563200,10,11,21,11,13
run_20260811_normal_01,normal,536,46456,2304,13312,96,678001,716800,13,10,22,47,33
run_20260811_normal_01,normal,537,46520,2048,13312,74,839782,614400,13,14,24,16,15
run_20260811_normal_01,normal,538,46584,1024,3328,22,181958,51200,5,17,11,18,13
run_20260811_normal_01,normal,539,46648,1024,2560,17,176428,460800,8,13,22,11,9
run_20260811_normal_01,normal,540,46712,1024,2560,17,179650,870400,5,11,11,18,12
run_20260811_normal_01,normal,541,46776,1024,3584,18,233611,204800,5,18,10,16,13
run_20260811_normal_01,normal,542,46840,1024,3584,23,202433,256000,5,14,17,16,14
run_20260811_normal_01,normal,543,46904,3072,15872,168,775926,460800,13,21,28,13,45
run_20260811_normal_01,normal,544,46968,3072,15872,164,806394,1177600,10,17,20,13,43
run_20260811_normal_01,normal,545,47032,1024,3072,18,189171,563200,8,13,24,10,10
run_20260811_normal_01,normal,546,47096,1024,3072,18,178642,51200,5,21,9,15,19
run_20260811_normal_01,normal,547,47160,1024,2816,17,171815,358400,5,11,19,12,15
run_20260811_normal_01,normal,548,47224,1024,3328,17,195279,665600,5,14,15,18,10
run_20260811_normal_01,normal,549,47288,768,3072,15,204864,358400,5,9,14,11,13
run_20260811_normal_01,normal,550,47352,1280,7168,30,779228,716800,8,11,17,19,10
run_20260811_normal_01,normal,551,47416,2816,15872,133,811017,563200,13,11,43,35,53
run_20260811_normal_01,normal,552,47480,2560,15104,118,969326,358400,8,11,25,11,11
run_20260811_normal_01,normal,553,47544,1024,3328,22,198899,409600,8,13,22,11,12
run_20260811_normal_01,normal,554,47608,1024,3072,19,178977,460800,5,9,18,12,10
run_20260811_normal_01,normal,555,47672,768,2304,14,149744,460800,5,10,17,14,9
run_20260811_normal_01,normal,556,47736,1024,2560,16,146740,358400,8,11,20,14,10
run_20260811_normal_01,normal,557,47800,1024,2560,16,153853,716800,5,10,10,20,11
run_20260811_normal_01,normal,558,47864,4096,16384,274,670722,563200,13,12,30,18,22
run_20260811_normal_01,normal,559,47928,4096,16128,277,655867,460800,20,15,76,88,42
run_20260811_normal_01,normal,560,47992,768,3584,15,247696,51200,2,9,10,10,12
run_20260811_normal_01,normal,561,48056,1024,3072,22,202710,153600,8,20,22,12,17
run_20260811_normal_01,normal,562,48120,1280,3328,26,174899,102400,5,16,15,11,11
run_20260811_normal_01,normal,563,48184,1024,2560,18,193178,153600,8,19,13,15,10
run_20260811_normal_01,normal,564,48248,1024,2816,18,173948,563200,10,9,23,16,9
run_20260811_normal_01,normal,565,48312,1024,3072,21,171567,51200,5,18,14,17,15
run_20260811_normal_01,normal,566,48376,3584,16384,203,812469,716800,20,23,49,99,28
run_20260811_normal_01,normal,567,48440,3584,16384,198,854354,614400,8,11,18,14,10
run_20260811_normal_01,normal,568,48504,1024,2816,18,198047,716800,8,15,15,21,8
run_20260811_normal_01,normal,569,48568,1024,3328,21,204500,51200,5,13,18,20,10
run_20260811_normal_01,normal,570,48632,1024,3328,16,229430,51200,5,18,11,11,9
run_20260811_normal_01,normal,571,48696,1024,2560,16,178654,102400,5,16,10,14,10
run_20260811_normal_01,normal,572,48760,768,2560,15,159740,1075200,5,9,11,13,13
run_20260811_normal_01,normal,573,48824,4096,18176,272,781598,870400,8,12,17,19,29
run_20260811_normal_01,normal,574,48888,4096,17920,268,795579,1280000,18,14,22,50,85
run_20260811_normal_01,normal,575,48952,1024,3840,16,287605,358400,5,12,20,12,12
run_20260811_normal_01,normal,576,49016,1024,3840,18,258214,1075200,5,8,6,13,16
run_20260811_normal_01,normal,577,49080,768,2816,15,169983,460800,5,14,15,15,11
run_20260811_normal_01,normal,578,49144,1024,2560,16,169675,51200,5,13,16,8,12
run_20260811_normal_01,normal,579,49208,768,2304,15,158922,153600,5,13,13,14,12
run_20260811_normal_01,normal,580,49272,1024,2304,16,156046,51200,5,14,10,13,13
run_20260811_normal_01,normal,581,49336,3584,18176,214,1003151,1177600,17,13,34,54,89
run_20260811_normal_01,normal,582,49400,3584,17920,215,998092,921600,8,10,19,17,8
run_20260811_normal_01,normal,583,49464,1024,2816,22,164508,102400,8,23,11,9,14
run_20260811_normal_01,normal,584,49528,1024,2816,21,154431,102400,8,19,18,16,10
run_20260811_normal_01,normal,585,49592,768,2304,14,137643,1177600,4,12,9,9,14
run_20260811_normal_01,normal,586,49656,768,2304,13,173592,665600,5,10,9,24,11
run_20260811_normal_01,normal,587,49720,1024,3840,21,257670,153600,8,25,8,10,10
run_20260811_normal_01,normal,588,49784,3584,18944,211,643778,665600,8,23,16,19,22
run_20260811_normal_01,normal,589,49848,3584,18944,204,687804,1177600,17,11,42,31,67
run_20260811_normal_01,normal,590,49912,1024,3328,16,179189,358400,5,8,21,12,15
run_20260811_normal_01,normal,591,49976,768,2560,13,199863,358400,5,10,15,15,9
run_20260811_normal_01,normal,592,50040,1024,2816,16,201991,716800,8,14,11,16,12
run_20260811_normal_01,normal,593,50104,1024,3072,17,205984,204800,8,19,12,14,15
run_20260811_normal_01,normal,594,50168,1024,3072,17,176241,358400,5,12,15,7,7
run_20260811_normal_01,normal,595,50232,1024,2560,17,140293,768000,5,11,9,17,12
run_20260811_normal_01,normal,596,50296,2816,15872,141,775789,307200,17,29,31,39,21
run_20260811_normal_01,normal,597,50360,2816,15872,141,778648,563200,10,18,32,13,13
run_20260811_normal_01,normal,598,50424,1024,3072,16,204295,204800,5,19,14,11,14
run_20260811_normal_01,normal,599,50488,1024,3072,18,210678,307200,8,21,13,7,12
run_20260811_normal_01,normal,600,50552,1024,3328,24,188325,358400,5,11,18,12,14
run_20260811_normal_01,normal,601,50616,1024,3840,22,196633,460800,8,11,26,9,10
run_20260811_normal_01,normal,602,50680,768,2560,15,170883,153600,8,20,18,10,10
run_20260811_normal_01,normal,603,50744,4096,18688,260,768396,51200,8,20,19,10,24
run_20260811_normal_01,normal,604,50808,4096,18688,261,760842,972800,20,11,19,74,97
run_20260811_normal_01,normal,605,50872,1024,3072,17,223505,51200,2,11,10,9,13
run_20260811_normal_01,normal,606,50936,1024,3072,19,174375,256000,5,17,18,20,15
run_20260811_normal_01,normal,607,51000,1024,2816,18,172432,870400,4,12,11,13,14
run_20260811_normal_01,normal,608,51064,768,2560,14,180575,204800,5,14,13,9,14
run_20260811_normal_01,normal,609,51128,1024,2816,19,164983,102400,5,18,17,16,13
run_20260811_normal_01,normal,610,51192,1024,3328,21,179158,460800,5,8,16,16,15
run_20260811_normal_01,normal,611,51256,3584,16640,208,668284,921600,18,12,32,34,77
run_20260811_normal_01,normal,612,51320,3584,16384,214,642196,460800,10,9,30,28,23
run_20260811_normal_01,normal,613,51384,1280,3072,27,149552,512000,10,12,22,10,7
run_20260811_normal_01,normal,614,51448,1024,3840,22,229111,204800,5,20,18,11,10
run_20260811_normal_01,normal,615,51512,768,3584,15,249413,307200,8,22,13,16,16
run_20260811_normal_01,normal,616,51576,1024,2560,16,164156,51200,5,14,21,10,17
run_20260811_normal_01,normal,617,51640,1280,3584,29,185557,153600,5,12,18,9,10
run_20260811_normal_01,normal,618,51704,3584,17920,213,772994,307200,8,28,24,17,9
run_20260811_normal_01,normal,619,51768,3584,17664,222,725276,972800,18,19,64,39,95
run_20260811_normal_01,normal,620,51832,1536,9216,40,755894,51200,8,24,15,10,12
run_20260811_normal_01,normal,621,51896,1280,4096,25,226957,153600,5,16,18,11,12
run_20260811_normal_01,normal,622,51960,1024,4096,23,253291,204800,5,12,16,17,10
run_20260811_normal_01,normal,623,52024,1024,3072,19,194844,460800,5,14,14,17,16
run_20260811_normal_01,normal,624,52088,768,3072,15,258940,204800,5,16,18,14,12
run_20260811_normal_01,normal,625,52152,768,3072,15,225198,460800,5,10,21,13,12
run_20260811_normal_01,normal,626,52216,3840,15872,245,697489,460800,20,27,70,28,25
run_20260811_normal_01,normal,627,52280,3840,15872,245,698254,512000,13,18,64,32,15
run_20260811_normal_01,normal,628,52344,1024,3072,21,197187,256000,5,14,14,13,12
run_20260811_normal_01,normal,629,52408,1024,3328,21,215755,102400,8,27,14,10,12
run_20260811_normal_01,normal,630,52472,1024,2816,19,178105,51200,5,15,9,9,13
run_20260811_normal_01,normal,631,52536,768,2560,15,163273,102400,5,13,12,16,14
run_20260811_normal_01,normal,632,52600,768,2304,14,150762,51200,5,15,8,10,17
run_20260811_normal_01,normal,633,52664,2816,16640,140,1352972,716800,5,11,12,13,12
run_20260811_normal_01,normal,634,52728,3584,16384,196,791951,512000,29,29,113,47,37
run_20260811_normal_01,normal,635,52792,2048,10752,68,961172,102400,5,15,12,11,12
run_20260811_normal_01,normal,636,52856,768,3072,15,198673,153600,5,14,10,12,13
run_20260811_normal_01,normal,637,52920,1024,3072,19,169838,716800,9,10,13,25,9
run_20260811_normal_01,normal,638,52984,1024,3072,17,173037,665600,5,12,11,14,10
run_20260811_normal_01,normal,639,53048,1024,3584,21,193033,51200,5,21,16,10,18
run_20260811_normal_01,normal,640,53112,1024,3584,19,200560,358400,8,12,16,13,10
run_20260811_normal_01,normal,641,53176,3328,15616,180,822054,512000,13,20,42,23,26
run_20260811_normal_01,normal,642,53240,3328,15616,179,825461,512000,13,34,42,34,23
run_20260811_normal_01,normal,643,53304,768,2048,11,177512,307200,5,13,8,15,9
run_20260811_normal_01,normal,644,53368,768,2304,14,141917,51200,8,18,13,11,11
run_20260811_normal_01,normal,645,53432,768,2304,14,145431,1280000,8,18,11,13,16
run_20260811_normal_01,normal,646,53496,768,2304,14,142422,204800,5,13,18,12,12
run_20260811_normal_01,normal,647,53560,1024,3584,17,249650,563200,8,6,19,9,12
run_20260811_normal_01,normal,648,53624,3072,17920,158,1395408,563200,8,12,15,26,15
run_20260811_normal_01,normal,649,53688,4096,17664,268,676491,1075200,41,23,30,51,177
run_20260811_normal_01,normal,650,53752,2816,14336,131,854583,256000,5,16,12,18,17
run_20260811_normal_01,normal,651,53816,1024,3328,19,185983,1280000,8,8,17,9,17
run_20260811_normal_01,normal,652,53880,1024,3072,19,170230,614400,5,13,18,10,14
run_20260811_normal_01,normal,653,53944,1024,3328,21,182293,204800,5,13,11,13,11
run_20260811_normal_01,normal,654,54008,1280,3584,27,163308,204800,5,15,19,13,23
run_20260811_normal_01,normal,655,54072,1024,3328,21,211820,51200,5,14,22,12,8
run_20260811_normal_01,normal,656,54136,3072,12800,150,571886,972800,13,12,30,13,31
run_20260811_normal_01,normal,657,54200,3072,12800,153,548723,1126400,10,20,23,18,50
run_20260811_normal_01,normal,658,54264,1792,6400,62,313496,512000,13,17,40,38,14
run_20260811_normal_01,normal,659,54328,1792,6400,63,307550,563200,10,27,18,10,13
run_20260811_normal_01,normal,660,54392,1024,3328,17,240534,563200,5,8,16,21,10
run_20260811_normal_01,normal,661,54456,768,2048,10,180905,358400,4,10,13,11,7
run_20260811_normal_01,normal,662,54520,768,2560,9,208215,102400,5,13,11,7,8
run_20260811_normal_01,normal,663,54584,1536,8704,41,1071252,153600,5,13,13,18,12
run_20260811_normal_01,normal,664,54648,2816,13056,127,557343,665600,20,23,21,61,41
run_20260811_normal_01,normal,665,54712,2304,13056,97,772533,51200,5,13,12,13,8
run_20260811_normal_01,normal,666,54776,1024,4096,22,282569,563200,10,15,18,9,9
run_20260811_normal_01,normal,667,54840,1024,4096,21,300091,358400,8,11,24,9,14
run_20260811_normal_01,normal,668,54904,1024,3328,17,231574,51200,5,15,16,10,9
run_20260811_normal_01,normal,669,54968,1024,3072,23,168264,716800,10,17,15,19,7
run_20260811_normal_01,normal,670,55032,1024,2560,18,145534,51200,5,20,19,13,12
run_20260811_normal_01,normal,671,55096,3840,18176,250,719939,1024000,10,17,24,20,24
run_20260811_normal_01,normal,672,55160,3840,18176,253,701418,870400,17,18,35,49,70
run_20260811_normal_01,normal,673,55224,1024,2816,18,191828,102400,5,15,13,16,11
run_20260811_normal_01,normal,674,55288,1024,3072,18,205386,51200,8,18,14,11,14
run_20260811_normal_01,normal,675,55352,1024,3072,17,212907,665600,5,12,12,17,9
run_20260811_normal_01,normal,676,55416,1280,4096,35,183361,716800,10,9,23,32,12
run_20260811_normal_01,normal,677,55480,1536,4096,38,171771,665600,9,14,15,25,9
run_20260811_normal_01,normal,678,55544,1280,4096,30,183049,307200,8,20,20,13,10
run_20260811_normal_01,normal,679,55608,3328,15872,188,726549,716800,25,16,32,95,41
run_20260811_normal_01,normal,680,55672,3328,16128,182,775440,563200,8,9,22,12,16
run_20260811_normal_01,normal,681,55736,1024,3072,21,180971,512000,8,16,21,10,9
run_20260811_normal_01,normal,682,55800,1024,2560,17,185310,665600,4,9,11,14,14
run_20260811_normal_01,normal,683,55864,1024,2560,20,144856,358400,8,12,21,12,9
run_20260811_normal_01,normal,684,55928,1024,3328,23,160380,358400,5,11,13,17,14
run_20260811_normal_01,normal,685,55992,1024,3328,17,214492,307200,5,14,12,10,10
run_20260811_normal_01,normal,686,56056,3072,16384,156,949713,256000,5,17,23,12,10
run_20260811_normal_01,normal,687,56120,3072,16384,155,962036,1228800,13,38,32,21,50
run_20260811_normal_01,normal,688,56184,768,2560,10,207066,870400,5,12,12,14,12
run_20260811_normal_01,normal,689,56248,768,2560,13,197961,563200,5,12,17,10,14
run_20260811_normal_01,normal,690,56312,1024,3328,19,210484,51200,8,17,20,17,11
run_20260811_normal_01,normal,691,56376,1280,3328,25,179555,768000,8,11,13,19,13
run_20260811_normal_01,normal,692,56440,1280,3584,27,173088,460800,9,13,27,9,12
run_20260811_normal_01,normal,693,56504,1024,3584,20,216870,614400,10,13,16,17,18
run_20260811_normal_01,normal,694,56568,3584,18432,220,1005349,1075200,20,37,27,59,66
run_20260811_normal_01,normal,695,56632,3584,18432,223,986100,512000,8,8,23,17,15
run_20260811_normal_01,normal,696,56696,768,3328,15,238514,102400,5,15,11,18,7
run_20260811_normal_01,normal,697,56760,1024,3584,18,233752,665600,5,14,8,14,16
run_20260811_normal_01,normal,698,56824,1024,3840,24,223967,512000,5,12,12,10,11
run_20260811_normal_01,normal,699,56888,1280,3840,33,162495,665600,10,22,18,24,10
run_20260811_normal_01,normal,700,56952,2048,6912,70,246737,512000,18,11,43,24,22
run_20260811_normal_01,normal,701,57016,4352,16896,298,501165,409600,8,15,29,18,24
run_20260811_normal_01,normal,702,57080,4096,16640,282,557863,1126400,20,26,36,65,99
run_20260811_normal_01,normal,703,57144,1536,7680,40,596108,870400,5,11,10,15,8
run_20260811_normal_01,normal,704,57208,1024,2816,18,185401,51200,5,17,24,10,11
run_20260811_normal_01,normal,705,57272,1024,2816,23,146506,563200,8,17,18,11,11
run_20260811_normal_01,normal,706,57336,1024,3072,23,180765,256000,5,13,17,18,10
run_20260811_normal_01,normal,707,57400,1024,2816,17,194550,256000,5,16,12,16,10
run_20260811_normal_01,normal,708,57464,1024,3328,16,212920,153600,5,12,14,17,12
run_20260811_normal_01,normal,709,57528,2816,13056,127,656962,358400,10,16,45,41,45
run_20260811_normal_01,normal,710,57592,2816,13568,129,717934,358400,8,15,29,11,11
run_20260811_normal_01,normal,711,57656,1024,3072,18,196260,51200,5,15,10,13,9
run_20260811_normal_01,normal,712,57720,1024,3072,20,191790,307200,8,24,25,13,11
run_20260811_normal_01,normal,713,57784,1024,2560,19,164339,307200,5,17,14,15,10
run_20260811_normal_01,normal,714,57848,1024,2560,19,173280,716800,5,11,9,14,11
run_20260811_normal_01,normal,715,57912,768,2560,15,205814,716800,5,10,11,13,11
run_20260811_normal_01,normal,716,57976,3072,13824,144,699654,153600,8,17,14,12,11
run_20260811_normal_01,normal,717,58040,3072,14080,147,674190,563200,17,10,42,48,21
run_20260811_normal_01,normal,718,58104,768,2304,13,174890,102400,5,13,18,12,10
run_20260811_normal_01,normal,719,58168,768,2048,12,162570,665600,9,9,14,19,13
run_20260811_normal_01,normal,720,58232,768,2048,13,163108,563200,5,5,14,12,9
run_20260811_normal_01,normal,721,58296,768,2560,14,164576,563200,5,11,20,12,10
run_20260811_normal_01,normal,722,58360,1024,3072,17,236539,51200,5,15,18,10,14
run_20260811_normal_01,normal,723,58424,768,3072,14,271696,358400,5,10,17,11,14
run_20260811_normal_01,normal,724,58488,3072,18176,154,1136577,716800,17,20,39,63,31
run_20260811_normal_01,normal,725,58552,3072,18176,156,1106699,716800,10,13,14,19,12
run_20260811_normal_01,normal,726,58616,1024,2560,18,150626,153600,5,16,10,13,9
run_20260811_normal_01,normal,727,58680,1280,3840,26,198581,665600,5,12,11,16,10
run_20260811_normal_01,normal,728,58744,1280,3840,26,214921,768000,10,14,21,23,11
run_20260811_normal_01,normal,729,58808,1024,3328,22,186883,665600,8,14,10,27,11
run_20260811_normal_01,normal,730,58872,1024,3328,19,184219,256000,5,13,18,12,18
run_20260811_normal_01,normal,731,58936,4096,17408,275,810533,512000,5,11,13,10,15
run_20260811_normal_01,normal,732,59000,4096,17664,279,788078,972800,29,23,20,110,109
run_20260811_normal_01,normal,733,59064,1024,3584,18,246696,153600,5,13,11,16,12
run_20260811_normal_01,normal,734,59128,1024,2816,18,181779,153600,5,18,19,17,19
run_20260811_normal_01,normal,735,59192,1024,3328,24,155424,614400,5,10,16,16,9
run_20260811_normal_01,normal,736,59256,1024,3584,20,204143,358400,8,11,26,18,13
run_20260811_normal_01,normal,737,59320,1024,3072,16,185156,768000,5,12,11,15,16
run_20260811_normal_01,normal,738,59384,1024,3072,16,188521,665600,8,15,10,18,13
run_20260811_normal_01,normal,739,59448,4608,18176,326,677597,1228800,20,25,29,26,81
run_20260811_normal_01,normal,740,59512,4608,18176,330,664702,1228800,13,15,20,15,52
run_20260811_normal_01,normal,741,59576,1024,2816,20,169678,563200,8,12,22,21,14
run_20260811_normal_01,normal,742,59640,1024,3072,20,175750,51200,5,15,10,8,14
run_20260811_normal_01,normal,743,59704,1024,3328,16,211801,102400,5,11,9,14,19
run_20260811_normal_01,normal,744,59768,768,2304,12,173844,768000,5,8,10,15,11
run_20260811_normal_01,normal,745,59832,1024,2816,16,178183,358400,8,15,21,10,10
run_20260811_normal_01,normal,746,59896,3072,17408,155,823433,307200,5,12,14,10,11
run_20260811_normal_01,normal,747,59960,3072,17408,160,779754,665600,18,8,31,71,54
run_20260811_normal_01,normal,748,60024,1024,5376,22,479642,358400,5,11,14,9,14
run_20260811_normal_01,normal,749,60088,768,2816,11,227954,256000,5,14,11,15,14
run_20260811_normal_01,normal,750,60152,1024,4096,17,309751,256000,5,16,12,18,11
run_20260811_normal_01,normal,751,60216,1024,4096,24,208859,512000,5,14,14,17,16
run_20260811_normal_01,normal,752,60280,1024,3328,24,186341,204800,5,14,15,17,12
run_20260811_normal_01,normal,753,60344,1280,3328,26,195697,512000,10,13,25,14,11
run_20260811_normal_01,normal,754,60408,3072,16128,151,1075004,563200,13,16,38,31,55
run_20260811_normal_01,normal,755,60472,3072,16128,144,1178903,204800,5,16,25,10,16
run_20260811_normal_01,normal,756,60536,768,2560,13,192301,51200,5,17,12,12,10
run_20260811_normal_01,normal,757,60600,1024,2560,16,186156,1075200,5,10,15,13,19
run_20260811_normal_01,normal,758,60664,1024,2816,18,197896,563200,8,14,21,17,11
run_20260811_normal_01,normal,759,60728,1024,2816,19,184059,563200,9,14,16,11,8
run_20260811_normal_01,normal,760,60792,1024,3072,18,183146,716800,8,8,13,16,11
run_20260811_normal_01,normal,761,60856,2816,16896,137,1118920,51200,5,16,12,20,14
run_20260811_normal_01,normal,762,60920,3840,16640,250,621866,870400,34,19,55,112,76
run_20260811_normal_01,normal,763,60984,2816,15872,131,1117583,256000,5,15,15,13,15
run_20260811_normal_01,normal,764,61048,768,2048,13,150738,768000,5,12,11,11,12
run_20260811_normal_01,normal,765,61112,1024,2560,16,163086,51200,5,23,9,10,6
run_20260811_normal_01,normal,766,61176,768,2560,14,192699,563200,5,12,17,12,12
run_20260811_normal_01,normal,767,61240,1024,3328,16,223081,768000,8,13,13,18,15
run_20260811_normal_01,normal,768,61304,1024,3328,21,172048,358400,8,13,22,16,9
run_20260811_normal_01,normal,769,61368,3584,17408,219,740462,870400,9,20,23,26,18
run_20260811_normal_01,normal,770,61432,3584,17408,220,734286,307200,13,23,38,45,11
run_20260811_normal_01,normal,771,61496,1024,3328,23,158859,358400,5,7,19,16,15
run_20260811_normal_01,normal,772,61560,1024,3584,21,191195,51200,5,13,14,12,15
run_20260811_normal_01,normal,773,61624,1024,3328,18,210711,921600,5,11,11,15,12
run_20260811_normal_01,normal,774,61688,1024,3328,21,211126,51200,5,19,8,14,11
run_20260811_normal_01,normal,775,61752,1024,3328,18,228506,153600,5,19,11,11,16
run_20260811_normal_01,normal,776,61816,2048,14592,71,1386152,665600,5,12,7,21,8
run_20260811_normal_01,normal,777,61880,3840,19712,225,884473,870400,18,31,43,78,61
run_20260811_normal_01,normal,778,61944,3328,19968,171,1340786,665600,10,12,11,26,11
run_20260811_normal_01,normal,779,62008,1024,3072,16,196872,460800,5,14,14,18,9
run_20260811_normal_01,normal,780,62072,1024,3072,16,215329,460800,5,8,13,13,10
run_20260811_normal_01,normal,781,62136,768,3072,15,206631,512000,8,13,21,13,8
run_20260811_normal_01,normal,782,62200,768,2560,14,173140,307200,5,13,8,10,13
run_20260811_normal_01,normal,783,62264,1024,3328,18,198906,307200,5,17,11,10,12
run_20260811_normal_01,normal,784,62328,2304,8448,83,394890,460800,8,16,26,10,15
run_20260811_normal_01,normal,785,62392,2304,8448,82,402141,307200,13,31,28,16,16
run_20260811_normal_01,normal,786,62456,1024,3072,16,202479,256000,5,15,14,15,11
run_20260811_normal_01,normal,787,62520,1024,3584,24,219654,768000,5,11,9,23,10
run_20260811_normal_01,normal,788,62584,1024,3328,23,213874,204800,5,13,14,18,9
run_20260811_normal_01,normal,789,62648,1024,2816,17,167763,716800,9,12,7,25,10
run_20260811_normal_01,normal,790,62712,1024,2816,20,160695,358400,8,14,23,21,11
run_20260811_normal_01,normal,791,62776,768,2560,15,186170,102400,5,20,13,10,12
run_20260811_normal_01,normal,792,62840,3584,16128,210,736633,1177600,20,27,39,20,80
run_20260811_normal_01,normal,793,62904,3584,16128,210,732069,153600,8,17,18,24,15
run_20260811_normal_01,normal,794,62968,1024,2560,16,167189,307200,8,20,21,10,10
run_20260811_normal_01,normal,795,63032,1024,2816,17,177648,665600,5,12,11,18,17
run_20260811_normal_01,normal,796,63096,1024,2816,17,197509,204800,5,16,13,14,12
run_20260811_normal_01,normal,797,63160,1024,2816,16,200696,256000,5,13,14,11,14
run_20260811_normal_01,normal,798,63224,1024,3584,21,222231,665600,8,9,12,18,13
run_20260811_normal_01,normal,799,63288,4352,19456,321,661718,921600,10,12,13,32,47
run_20260811_normal_01,normal,800,63352,4352,19456,315,690136,1228800,20,11,17,65,96
run_20260811_normal_01,normal,801,63416,768,2816,15,198385,256000,5,14,16,10,11
run_20260811_normal_01,normal,802,63480,1024,2816,17,172379,512000,5,10,20,15,12
run_20260811_normal_01,normal,803,63544,1024,2560,19,155263,51200,5,21,9,18,14
run_20260811_normal_01,normal,804,63608,1024,2816,23,152783,204800,5,18,10,17,19
run_20260811_normal_01,normal,805,63672,1024,3328,23,189825,563200,5,9,16,13,9
run_20260811_normal_01,normal,806,63736,1280,3328,25,177128,358400,8,13,26,20,11
run_20260811_normal_01,normal,807,63800,4352,17152,312,626955,665600,37,13,44,113,71
run_20260811_normal_01,normal,808,63864,4352,17152,306,652008,51200,5,21,11,10,14
run_20260811_normal_01,normal,809,63928,1024,2816,17,183213,256000,5,13,14,11,10
run_20260811_normal_01,normal,810,63992,1024,2816,20,150996,102400,5,17,11,15,11
run_20260811_normal_01,normal,811,64056,1024,3328,24,175466,563200,8,11,19,21,13
run_20260811_normal_01,normal,812,64120,1024,3328,19,214627,307200,5,13,19,14,9
run_20260811_normal_01,normal,813,64184,1024,3072,19,203644,614400,5,11,13,12,19
run_20260811_normal_01,normal,814,64248,3584,18432,220,696012,512000,8,14,20,9,23
run_20260811_normal_01,normal,815,64312,3584,18432,213,740997,1126400,25,25,14,24,104
run_20260811_normal_01,normal,816,64376,1024,3328,23,174286,563200,5,8,18,21,8
run_20260811_normal_01,normal,817,64440,1280,3328,34,139747,972800,9,14,9,16,26
run_20260811_normal_01,normal,818,64504,1280,3072,31,147047,307200,5,15,23,16,9
run_20260811_normal_01,normal,819,64568,1280,3328,27,163871,307200,8,20,13,15,12
run_20260811_normal_01,normal,820,64632,1280,3328,25,176139,563200,5,11,19,13,8
run_20260811_normal_01,normal,821,64696,1024,3328,24,195672,204800,5,14,16,15,9
run_20260811_normal_01,normal,822,64760,4352,19200,294,639059,819200,20,26,24,69,60
run_20260811_normal_01,normal,823,64824,4096,19200,288,662712,256000,5,13,14,20,13
run_20260811_normal_01,normal,824,64888,1024,3840,24,200484,358400,5,10,26,15,12
run_20260811_normal_01,normal,825,64952,1024,3584,20,217429,512000,5,12,16,15,8
run_20260811_normal_01,normal,826,65016,768,3328,14,225809,972800,4,10,11,10,14
run_20260811_normal_01,normal,827,65080,1024,3072,19,180055,102400,5,17,16,20,10
run_20260811_normal_01,normal,828,65144,1024,3072,19,186641,256000,5,17,19,17,13
run_20260811_normal_01,normal,829,65208,2560,9728,110,486628,358400,5,10,13,15,12
run_20260811_normal_01,normal,830,65272,2560,9728,113,456480,614400,18,41,53,19,32
run_20260811_normal_01,normal,831,65336,1024,3328,19,228422,665600,5,9,9,20,7
run_20260811_normal_01,normal,832,65400,768,2560,13,165159,358400,5,12,12,15,13
run_20260811_normal_01,normal,833,65464,1024,3072,17,200780,102400,5,17,14,11,15
run_20260811_normal_01,normal,834,65528,1024,3072,16,205296,563200,5,11,14,9,20
run_20260811_normal_01,normal,835,65592,1024,2560,17,154472,307200,5,12,21,15,11
run_20260811_normal_01,normal,836,65656,1024,2816,20,172897,358400,8,10,26,16,11
run_20260811_normal_01,normal,837,65720,1792,13312,58,1305434,51200,5,15,9,14,18
run_20260811_normal_01,normal,838,65784,1792,13056,56,1294493,102400,5,17,12,12,20
run_20260811_normal_01,normal,839,65848,1024,3328,17,181351,512000,5,12,20,8,13
run_20260811_normal_01,normal,840,65912,768,2304,15,160587,51200,2,10,10,10,10
run_20260811_normal_01,normal,841,65976,768,2048,12,156923,256000,5,13,12,18,12
run_20260811_normal_01,normal,842,66040,768,2048,14,157279,870400,5,10,13,15,13
run_20260811_normal_01,normal,843,66104,1024,2816,17,171046,153600,5,15,18,10,13
run_20260811_normal_01,normal,844,66168,3328,18432,175,1275075,563200,10,11,21,10,10
run_20260811_normal_01,normal,845,66232,3328,19200,188,1140292,1024000,20,8,33,40,113
run_20260811_normal_01,normal,846,66296,1280,7936,27,745853,512000,5,12,21,14,15
run_20260811_normal_01,normal,847,66360,1024,3072,18,175583,665600,8,20,9,17,12
run_20260811_normal_01,normal,848,66424,1024,3072,24,170767,716800,8,18,10,26,14
run_20260811_normal_01,normal,849,66488,1280,3072,25,177685,614400,10,18,22,17,11
run_20260811_normal_01,normal,850,66552,1024,3072,21,196461,307200,8,16,10,15,13
run_20260811_normal_01,normal,851,66616,768,2816,15,184260,102400,5,24,17,17,14
run_20260811_normal_01,normal,852,66680,2816,16128,131,1063416,1280000,10,8,19,27,34
run_20260811_normal_01,normal,853,66744,2816,16128,132,1052851,512000,10,8,17,14,32
run_20260811_normal_01,normal,854,66808,1024,2816,20,176542,665600,5,14,9,21,12
run_20260811_normal_01,normal,855,66872,1024,3072,20,164106,204800,5,16,10,13,18
run_20260811_normal_01,normal,856,66936,1024,2816,19,145228,51200,5,19,20,9,13
run_20260811_normal_01,normal,857,67000,1024,3584,21,223666,512000,5,10,14,18,9
run_20260811_normal_01,normal,858,67064,1024,3584,20,248837,51200,5,17,27,10,11
run_20260811_normal_01,normal,859,67128,1024,3072,16,198634,51200,5,12,8,23,13
run_20260811_normal_01,normal,860,67192,1024,2816,16,196597,358400,8,11,26,14,11
run_20260811_normal_01,normal,861,67256,1024,2816,16,189505,256000,5,13,9,12,16
run_20260811_normal_01,normal,862,67320,1024,2816,16,199769,563200,5,11,15,13,9
run_20260811_normal_01,normal,863,67384,1024,3840,16,315492,153600,4,13,8,8,12
run_20260811_normal_01,normal,864,67448,1024,3584,17,300399,51200,5,18,14,11,9
run_20260811_normal_01,normal,865,67512,1024,3328,18,199774,1280000,8,17,11,21,20
run_20260811_normal_01,normal,866,67576,1024,3584,20,211886,51200,5,14,17,17,10
run_20260811_normal_01,normal,867,67640,2560,16384,112,1335544,716800,10,23,8,25,30
run_20260811_normal_01,normal,868,67704,2560,16128,109,1392335,614400,10,13,20,29,32
run_20260811_normal_01,normal,869,67768,1024,2816,17,181975,51200,5,17,11,9,14
run_20260811_normal_01,normal,870,67832,1024,4096,19,266830,153600,5,22,12,14,10
run_20260811_normal_01,normal,871,67896,1024,4096,22,247857,256000,5,17,14,12,10
run_20260811_normal_01,normal,872,67960,1280,3328,25,188131,307200,5,14,15,14,21
run_20260811_normal_01,normal,873,68024,1024,3584,22,201506,307200,8,23,12,23,10
run_20260811_normal_01,normal,874,68088,1024,3584,18,193463,51200,5,17,8,16,13
run_20260811_normal_01,normal,875,68152,2048,9216,68,566876,563200,13,18,26,8,23
run_20260811_normal_01,normal,876,68216,2048,8960,64,620771,102400,8,20,17,13,17
run_20260811_normal_01,normal,877,68280,768,2560,15,187358,102400,5,17,18,9,13
run_20260811_normal_01,normal,878,68344,768,2816,14,197486,153600,8,18,12,9,14
run_20260811_normal_01,normal,879,68408,1024,3328,22,190382,768000,8,18,8,17,13
run_20260811_normal_01,normal,880,68472,1024,3072,23,167938,51200,5,12,19,15,15
run_20260811_normal_01,normal,881,68536,768,2560,15,182259,153600,5,15,10,10,11
run_20260811_normal_01,normal,882,68600,2304,8960,89,515314,460800,8,17,23,9,21
run_20260811_normal_01,normal,883,68664,2304,8960,98,432748,614400,10,13,29,23,46
run_20260811_normal_01,normal,884,68728,1280,4096,26,187827,563200,5,11,16,19,11
run_20260811_normal_01,normal,885,68792,1024,2560,17,180822,358400,5,11,13,14,13
run_20260811_normal_01,normal,886,68856,1024,3072,17,189940,665600,8,14,10,26,12
run_20260811_normal_01,normal,887,68920,1024,2816,16,168397,256000,5,14,15,17,17
run_20260811_normal_01,normal,888,68984,1024,3072,17,187204,512000,5,11,16,18,16
run_20260811_normal_01,normal,889,69048,1024,3328,21,186236,358400,8,18,26,10,18
run_20260811_normal_01,normal,890,69112,3072,18944,162,1069700,1024000,20,14,53,28,81
run_20260811_normal_01,normal,891,69176,3072,18688,154,1150688,460800,5,14,17,10,11
run_20260811_normal_01,normal,892,69240,768,2816,14,187514,563200,4,12,12,7,12
run_20260811_normal_01,normal,893,69304,768,2560,14,185816,153600,5,11,14,11,13
run_20260811_normal_01,normal,894,69368,1024,3584,19,213935,51200,5,11,15,20,8
run_20260811_normal_01,normal,895,69432,1024,3584,24,189686,563200,8,11,22,15,14
run_20260811_normal_01,normal,896,69496,1280,4352,28,210247,512000,8,11,29,9,12
run_20260811_normal_01,normal,897,69560,1792,8960,50,655195,358400,8,15,27,13,15
run_20260811_normal_01,normal,898,69624,1536,8960,39,983852,1075200,8,15,13,20,35
run_20260811_normal_01,normal,899,69688,1024,2816,16,187307,256000,5,18,17,15,12
run_20260811_normal_01,normal,900,69752,1024,2816,19,188210,153600,5,19,11,17,14
run_20260811_normal_01,normal,901,69816,768,3072,15,197974,358400,5,13,12,8,12
run_20260811_normal_01,normal,902,69880,768,2304,14,148742,153600,5,14,9,14,11
run_20260811_normal_01,normal,903,69944,1024,3840,18,252928,256000,8,19,11,10,6
run_20260811_normal_01,normal,904,70008,1024,4608,19,406865,358400,8,11,17,12,10
run_20260811_normal_01,normal,905,70072,1536,6656,37,586987,358400,8,15,19,12,15
run_20260811_normal_01,normal,906,70136,1536,6656,37,545939,102400,5,14,10,10,14
run_20260811_normal_01,normal,907,70200,1280,3328,25,191295,512000,5,12,20,20,11
run_20260811_normal_01,normal,908,70264,1280,3328,28,153693,972800,9,14,14,15,21
run_20260811_normal_01,normal,909,70328,1024,3328,23,189005,51200,5,22,9,10,11
run_20260811_normal_01,normal,910,70392,1024,3072,17,205638,102400,5,18,14,19,8
run_20260811_normal_01,normal,911,70456,1024,2560,18,173422,563200,5,13,13,17,10
run_20260811_normal_01,normal,912,70520,4352,22528,294,804997,358400,8,12,32,11,18
run_20260811_normal_01,normal,913,70584,4352,22528,296,793741,1075200,40,16,17,51,180
run_20260811_normal_01,normal,914,70648,1024,3072,21,161657,51200,5,17,14,9,13
run_20260811_normal_01,normal,915,70712,1024,3840,20,205807,512000,5,11,15,12,11
run_20260811_normal_01,normal,916,70776,1024,3840,21,224544,614400,8,15,19,9,11
run_20260811_normal_01,normal,917,70840,1024,2816,19,184153,768000,10,11,10,22,10
run_20260811_normal_01,normal,918,70904,1024,3328,18,167265,409600,5,11,17,11,12
run_20260811_normal_01,normal,919,70968,1024,3584,18,185037,102400,5,16,13,11,13
run_20260811_normal_01,normal,920,71032,2560,16896,119,1427514,768000,10,12,23,29,31
run_20260811_normal_01,normal,921,71096,2560,16640,120,1386083,409600,5,9,18,25,14
run_20260811_normal_01,normal,922,71160,1024,3584,22,195344,512000,5,10,13,12,12
run_20260811_normal_01,normal,923,71224,1024,3840,21,234177,665600,8,10,9,24,10
run_20260811_normal_01,normal,924,71288,1024,3072,20,177387,358400,8,16,20,14,11
run_20260811_normal_01,normal,925,71352,1024,3072,21,152986,307200,8,22,19,13,10
run_20260811_normal_01,normal,926,71416,1024,2560,19,147272,665600,8,9,15,22,13
run_20260811_normal_01,normal,927,71480,3072,16896,159,956518,51200,5,16,8,11,11
run_20260811_normal_01,normal,928,71544,3072,16896,156,999265,563200,10,33,34,42,57
run_20260811_normal_01,normal,929,71608,1024,2560,17,151949,870400,5,9,8,17,11
run_20260811_normal_01,normal,930,71672,1024,2816,18,170539,51200,5,13,17,10,13
run_20260811_normal_01,normal,931,71736,1024,3328,19,193372,1024000,10,15,13,8,22
run_20260811_normal_01,normal,932,71800,1024,3840,21,235614,256000,5,18,10,12,6
run_20260811_normal_01,normal,933,71864,1024,3840,19,236928,51200,5,21,9,10,10
run_20260811_normal_01,normal,934,71928,1024,2560,16,156985,51200,2,10,12,9,10
run_20260811_normal_01,normal,935,71992,2560,17920,110,1439820,665600,10,16,23,32,22
run_20260811_normal_01,normal,936,72056,2560,18176,113,1441879,256000,5,17,18,18,18
run_20260811_normal_01,normal,937,72120,1024,2560,16,161022,153600,5,15,14,11,11
run_20260811_normal_01,normal,938,72184,768,3328,15,237905,51200,5,14,20,15,12
run_20260811_normal_01,normal,939,72248,1024,3072,19,208328,460800,5,9,13,15,13
run_20260811_normal_01,normal,940,72312,1024,2816,17,194966,460800,5,10,16,13,14
run_20260811_normal_01,normal,941,72376,1280,3584,25,182912,614400,8,11,24,20,9
run_20260811_normal_01,normal,942,72440,2048,13312,77,866822,512000,13,14,30,13,9
run_20260811_normal_01,normal,943,72504,2048,13312,72,986513,102400,10,30,22,15,30
run_20260811_normal_01,normal,944,72568,1024,3328,22,175732,51200,5,20,15,14,12
run_20260811_normal_01,normal,945,72632,1024,4352,23,244507,460800,5,14,20,18,17
run_20260811_normal_01,normal,946,72696,1280,4352,25,260952,204800,5,15,13,16,13
run_20260811_normal_01,normal,947,72760,1024,3328,21,183815,153600,5,18,17,11,10
run_20260811_normal_01,normal,948,72824,1024,3072,21,165479,768000,8,12,15,20,23
run_20260811_normal_01,normal,949,72888,1024,3328,20,205383,460800,5,10,14,18,12
run_20260811_normal_01,normal,950,72952,1024,2816,17,196401,307200,5,13,13,12,14
run_20260811_normal_01,normal,951,73016,1024,2816,17,168180,51200,5,11,12,11,14
run_20260811_normal_01,normal,952,73080,1024,2816,18,153982,256000,5,16,11,14,20
run_20260811_normal_01,normal,953,73144,1024,3072,17,178767,358400,5,10,17,15,13
run_20260811_normal_01,normal,954,73208,1024,3328,17,229250,51200,8,18,12,11,11
run_20260811_normal_01,normal,955,73272,1024,3328,17,193139,460800,8,12,19,13,13
run_20260811_normal_01,normal,956,73336,1024,2560,20,151647,358400,10,20,20,12,10
run_20260811_normal_01,normal,957,73400,1024,3328,17,213934,563200,5,10,16,11,16
run_20260811_normal_01,normal,958,73464,1536,7424,43,563205,307200,8,22,14,24,17
run_20260811_normal_01,normal,959,73528,1536,7680,43,542927,153600,5,14,12,11,13
run_20260811_normal_01,normal,960,73592,1024,3072,20,181212,102400,5,17,9,15,12
run_20260811_normal_01,normal,961,73656,1024,3072,19,193531,153600,5,12,13,17,10
run_20260811_normal_01,normal,962,73720,1024,2560,16,178926,153600,5,16,10,12,10
run_20260811_normal_01,normal,963,73784,1024,2560,17,158890,102400,5,17,11,13,11
run_20260811_normal_01,normal,964,73848,1024,2816,19,157933,358400,8,12,20,17,22
run_20260811_normal_01,normal,965,73912,1024,2816,18,159134,665600,10,14,12,18,13
run_20260811_normal_01,normal,966,73976,1024,3072,17,190585,102400,5,14,9,11,10
run_20260811_normal_01,normal,967,74040,1024,3072,20,186675,51200,5,18,15,13,9
run_20260811_normal_01,normal,968,74104,1024,3840,23,214333,358400,8,10,15,17,19
run_20260811_normal_01,normal,969,74168,1024,4096,23,237306,51200,5,17,12,17,13
run_20260811_normal_01,normal,970,74232,1024,3328,22,191714,51200,5,14,12,17,9
run_20260811_normal_01,normal,971,74296,1024,3584,22,194810,51200,5,14,20,21,14
run_20260811_normal_01,normal,972,74360,1024,3840,21,247775,102400,5,18,15,11,11
run_20260811_normal_01,normal,973,74424,1024,4352,24,313527,1075200,5,10,9,12,14
run_20260811_normal_01,normal,974,74488,1280,4096,26,217042,204800,8,23,19,15,8
run_20260811_normal_01,normal,975,74552,1024,3840,22,189522,358400,8,14,23,11,17
run_20260811_normal_01,normal,976,74616,1024,2304,17,148097,307200,5,15,10,11,12
run_20260811_normal_01,normal,977,74680,1024,2560,17,147396,358400,9,13,26,9,11
run_20260811_normal_01,normal,978,74744,1024,2560,17,159810,51200,5,20,11,9,12
run_20260811_normal_01,normal,979,74808,768,2560,14,173593,665600,5,13,9,16,14
run_20260811_normal_01,normal,980,74872,1792,9216,55,887702,51200,5,14,9,19,13
run_20260811_normal_01,normal,981,74936,2048,9728,65,678941,614400,10,22,20,24,25
run_20260811_normal_01,normal,982,75000,1024,3328,24,193457,358400,8,15,20,18,8
run_20260811_normal_01,normal,983,75064,768,2304,15,182571,153600,5,14,12,11,9
run_20260811_normal_01,normal,984,75128,1024,3840,21,248816,512000,10,11,22,14,11
run_20260811_normal_01,normal,985,75192,1024,3840,16,324211,716800,8,14,10,16,15
run_20260811_normal_01,normal,986,75256,1024,2816,17,183704,665600,5,10,11,13,12
run_20260811_normal_01,normal,987,75320,1024,2816,22,152488,307200,5,13,12,18,17
run_20260811_normal_01,normal,988,75384,2304,10496,85,662522,1075200,10,10,18,15,56
run_20260811_normal_01,normal,989,75448,2304,10752,85,686090,716800,10,14,9,24,13
run_20260811_normal_01,normal,990,75512,768,2560,14,163181,102400,5,12,16,11,15
run_20260811_normal_01,normal,991,75576,1024,2816,17,166245,51200,5,14,16,10,6
run_20260811_normal_01,normal,992,75640,1024,2560,20,148110,358400,5,10,17,14,11
run_20260811_normal_01,normal,993,75704,768,2560,15,176710,51200,5,15,24,9,12
run_20260811_normal_01,normal,994,75768,768,2304,14,175626,921600,4,11,10,11,11
run_20260811_normal_01,normal,995,75832,1024,2560,19,169827,256000,8,27,10,18,10
run_20260811_normal_01,normal,996,75896,1024,2816,20,162586,512000,5,11,17,10,11
run_20260811_normal_01,normal,997,75960,1024,2816,19,147240,51200,5,12,11,15,11
run_20260811_normal_01,normal,998,76024,1024,2816,17,156937,51200,5,12,7,9,11
run_20260811_normal_01,normal,999,76088,1024,2560,19,146667,51200,5,16,17,15,12
run_20260811_normal_01,normal,1000,76152,1024,3072,22,177744,153600,5,14,14,11,11
run_20260811_normal_01,normal,1001,76216,1024,3328,21,207864,153600,8,26,10,16,16
run_20260811_normal_01,normal,1002,76280,1024,4096,19,341168,512000,8,23,24,16,11
run_20260811_normal_01,normal,1003,76344,1024,4096,19,352563,972800,5,10,10,14,18
run_20260811_normal_01,normal,1004,76408,768,2304,10,184636,358400,5,11,14,10,11
run_20260811_normal_01,normal,1005,76472,768,2560,13,197769,256000,5,17,11,8,16
run_20260811_normal_01,normal,1006,76536,1024,2560,16,168016,460800,5,10,15,18,12
run_20260811_normal_01,normal,1007,76600,1024,2816,16,187963,51200,5,15,17,10,15
run_20260811_normal_01,normal,1008,76664,1024,2816,16,173776,768000,5,11,9,13,11
run_20260811_normal_01,normal,1009,76728,1024,3072,20,179337,102400,5,16,17,11,17
run_20260811_normal_01,normal,1010,76792,2304,10240,93,582638,153600,5,15,20,13,14
run_20260811_normal_01,normal,1011,76856,2304,10240,96,581929,256000,10,38,18,35,37
run_20260811_normal_01,normal,1012,76920,1280,7936,26,753411,51200,5,18,11,11,13
run_20260811_normal_01,normal,1013,76984,1024,2560,20,142217,51200,5,23,13,17,14
run_20260811_normal_01,normal,1014,77048,1024,2560,17,159161,256000,8,26,10,9,11
run_20260811_normal_01,normal,1015,77112,768,2304,15,162611,665600,5,10,9,24,14
run_20260811_normal_01,normal,1016,77176,768,2304,15,158852,51200,8,17,16,17,9
run_20260811_normal_01,normal,1017,77240,1024,2816,16,166400,460800,5,14,14,11,11
run_20260811_normal_01,normal,1018,77304,1024,2816,19,168305,1075200,10,9,8,12,21
run_20260811_normal_01,normal,1019,77368,1024,3072,18,179717,51200,5,17,16,12,12
run_20260811_normal_01,normal,1020,77432,768,2816,15,174610,563200,5,9,14,18,9
run_20260811_normal_01,normal,1021,77496,768,2560,15,154173,51200,5,16,9,13,15
run_20260811_normal_01,normal,1022,77560,1024,3072,17,204261,512000,5,11,19,13,8
run_20260811_normal_01,normal,1023,77624,1024,3840,24,225191,460800,5,12,12,12,13
run_20260811_normal_01,normal,1024,77688,1536,4608,36,236578,563200,10,11,28,17,13
run_20260811_normal_01,normal,1025,77752,2816,15872,137,1018796,665600,10,11,21,20,9
run_20260811_normal_01,normal,1026,77816,2816,16128,124,1216386,1177600,13,23,26,26,65
run_20260811_normal_01,normal,1027,77880,768,2816,14,220858,716800,5,7,9,14,12
run_20260811_normal_01,normal,1028,77944,1024,2816,16,221323,665600,8,14,13,16,14
run_20260811_normal_01,normal,1029,78008,768,3072,15,276942,51200,5,18,10,14,13
run_20260811_normal_01,normal,1030,78072,768,2816,13,231137,204800,5,14,8,11,11
run_20260811_normal_01,normal,1031,78136,1024,3072,18,187075,460800,5,11,17,11,11
run_20260811_normal_01,normal,1032,78200,1024,3072,18,189397,512000,5,10,13,21,9
run_20260811_normal_01,normal,1033,78264,1024,2816,20,178965,563200,8,13,23,16,15
run_20260811_normal_01,normal,1034,78328,1024,2816,20,184000,51200,2,10,10,12,11
run_20260811_normal_01,normal,1035,78392,1024,2816,18,179023,256000,5,18,15,13,10
run_20260811_normal_01,normal,1036,78456,768,2816,15,203456,665600,5,9,12,12,15
run_20260811_normal_01,normal,1037,78520,768,2816,14,213914,921600,5,11,11,15,12
run_20260811_normal_01,normal,1038,78584,1024,3072,19,185921,358400,13,21,24,20,23
run_20260811_normal_01,normal,1039,78648,1024,3072,21,180282,307200,5,16,17,8,16
run_20260811_normal_01,normal,1040,78712,1536,9216,44,804984,409600,8,8,20,14,13
run_20260811_normal_01,normal,1041,78776,1536,9472,45,816920,1075200,10,14,8,26,45
run_20260811_normal_01,normal,1042,78840,1024,3584,24,176711,460800,10,12,19,8,12
run_20260811_normal_01,normal,1043,78904,1280,3072,30,151910,512000,5,10,19,18,11
run_20260811_normal_01,normal,1044,78968,1024,3072,21,188190,51200,5,14,8,14,17
run_20260811_normal_01,normal,1045,79032,1024,2816,19,172429,563200,10,15,20,19,13
run_20260811_normal_01,normal,1046,79096,1024,3328,22,184793,614400,5,11,16,21,9
run_20260811_normal_01,normal,1047,79160,1024,3328,24,205139,153600,5,13,18,12,16
run_20260811_normal_01,normal,1048,79224,1792,9216,58,746014,51200,5,17,19,13,16
run_20260811_normal_01,normal,1049,79288,1792,8960,58,737920,102400,5,13,22,23,15
run_20260811_normal_01,normal,1050,79352,1024,2816,23,145978,153600,5,20,18,16,10
run_20260811_normal_01,normal,1051,79416,768,2560,15,160993,204800,5,15,10,11,12
run_20260811_normal_01,normal,1052,79480,1024,2560,18,143732,665600,8,12,19,17,12
run_20260811_normal_01,normal,1053,79544,1024,3072,21,158151,512000,10,22,25,14,17
run_20260811_normal_01,normal,1054,79608,768,3328,15,229390,153600,5,20,10,9,15
run_20260811_normal_01,normal,1055,79672,1024,2560,21,167656,665600,8,7,18,16,10
run_20260811_normal_01,normal,1056,79736,2816,17664,127,1194970,665600,13,7,21,44,55
run_20260811_normal_01,normal,1057,79800,2816,17408,124,1220993,768000,10,15,19,19,21
run_20260811_normal_01,normal,1058,79864,1024,3840,21,238047,358400,5,10,20,17,16
run_20260811_normal_01,normal,1059,79928,768,2816,14,211356,51200,5,15,8,11,12
run_20260811_normal_01,normal,1060,79992,1024,2560,18,165424,51200,8,24,11,6,10
run_20260811_normal_01,normal,1061,80056,1024,2816,21,158949,102400,5,14,17,12,13
run_20260811_normal_01,normal,1062,80120,1024,2816,17,206133,102400,5,13,8,10,11
run_20260811_normal_01,normal,1063,80184,1536,8704,45,733970,204800,5,20,17,9,10
run_20260811_normal_01,normal,1064,80248,1536,8960,48,686402,1024000,10,10,8,11,39
run_20260811_normal_01,normal,1065,80312,1024,2304,17,151721,153600,5,17,15,10,11
run_20260811_normal_01,normal,1066,80376,768,2304,15,157579,768000,5,11,11,18,12
run_20260811_normal_01,normal,1067,80440,1024,3072,16,208170,665600,5,10,9,21,11
run_20260811_normal_01,normal,1068,80504,1024,3328,21,176636,256000,5,15,12,12,11
run_20260811_normal_01,normal,1069,80568,1024,3328,22,184047,716800,8,11,17,22,17
run_20260811_normal_01,normal,1070,80632,1024,3328,22,198730,665600,5,12,9,14,12
run_20260811_normal_01,normal,1071,80696,1792,9728,50,1064376,870400,10,11,15,24,19
run_20260811_normal_01,normal,1072,80760,1792,9728,51,1043903,51200,5,14,9,18,14
run_20260811_normal_01,normal,1073,80824,1024,3072,20,187078,153600,8,17,12,17,16
run_20260811_normal_01,normal,1074,80888,1024,2816,22,156095,460800,10,15,26,15,12
run_20260811_normal_01,normal,1075,80952,768,2560,13,200798,256000,5,18,11,12,6
run_20260811_normal_01,normal,1076,81016,1024,4864,22,369142,614400,5,11,14,13,13
run_20260811_normal_01,normal,1077,81080,1280,4864,34,216194,512000,10,13,35,20,9
run_20260811_normal_01,normal,1078,81144,2560,16128,114,1016281,512000,13,16,40,10,14
run_20260811_normal_01,normal,1079,81208,2560,15872,107,1129946,1075200,13,21,23,29,58
run_20260811_normal_01,normal,1080,81272,1024,3072,18,186123,153600,5,13,18,13,10
run_20260811_normal_01,normal,1081,81336,1024,3072,16,186493,563200,8,10,20,10,13
run_20260811_normal_01,normal,1082,81400,768,2560,13,219826,614400,5,9,18,9,10
run_20260811_normal_01,normal,1083,81464,1024,2560,16,160936,204800,8,23,13,13,10
run_20260811_normal_01,normal,1084,81528,1024,2816,21,147368,153600,5,14,15,24,9
run_20260811_normal_01,normal,1085,81592,1024,2816,19,174914,716800,8,11,17,20,12
run_20260811_normal_01,normal,1086,81656,1024,3328,22,174812,307200,8,21,15,9,12
run_20260811_normal_01,normal,1087,81720,1024,3328,23,193487,102400,5,17,17,16,11
run_20260811_normal_01,normal,1088,81784,1024,3328,21,191755,153600,5,18,15,12,12
run_20260811_normal_01,normal,1089,81848,1024,2560,16,171650,307200,5,11,23,13,11
run_20260811_normal_01,normal,1090,81912,768,2560,14,177109,563200,5,11,11,15,9
run_20260811_normal_01,normal,1091,81976,1024,2816,18,169218,358400,5,12,19,11,14
run_20260811_normal_01,normal,1092,82040,1024,3328,21,183012,409600,5,10,11,13,16
run_20260811_normal_01,normal,1093,82104,1792,9984,49,962310,768000,8,20,15,17,11
run_20260811_normal_01,normal,1094,82168,1792,10240,57,919484,1126400,10,9,8,22,40
run_20260811_normal_01,normal,1095,82232,1280,8960,27,1079134,256000,5,13,14,14,14
run_20260811_normal_01,normal,1096,82296,1024,3328,18,206328,665600,8,11,11,16,13
run_20260811_normal_01,normal,1097,82360,1280,3328,33,156376,512000,8,13,19,24,11
run_20260811_normal_01,normal,1098,82424,1280,3072,31,148350,563200,13,10,35,12,11
run_20260811_normal_01,normal,1099,82488,1024,3584,23,219734,153600,5,15,14,23,12
run_20260811_normal_01,normal,1100,82552,1024,3584,20,253526,102400,5,14,12,14,14
run_20260811_normal_01,normal,1101,82616,1536,8448,45,804969,563200,8,11,18,11,25
run_20260811_normal_01,normal,1102,82680,1792,8448,51,641577,358400,8,17,17,16,24
run_20260811_normal_01,normal,1103,82744,1792,4608,62,170624,716800,17,13,23,38,9
run_20260811_normal_01,normal,1104,82808,1792,4864,59,186496,614400,10,20,22,18,10
run_20260811_normal_01,normal,1105,82872,1024,2816,21,162798,51200,5,14,12,15,12
run_20260811_normal_01,normal,1106,82936,1280,4096,27,209150,563200,5,10,13,15,8
run_20260811_normal_01,normal,1107,83000,1280,3840,25,233333,716800,10,10,16,32,12
run_20260811_normal_01,normal,1108,83064,3072,17408,168,1388666,358400,5,12,21,19,9
run_20260811_normal_01,normal,1109,83128,3584,17408,196,1055656,870400,17,21,28,82,42
run_20260811_normal_01,normal,1110,83192,1536,9472,47,693792,665600,5,11,14,16,19
run_20260811_normal_01,normal,1111,83256,1024,4352,19,290822,51200,5,20,13,12,21
run_20260811_normal_01,normal,1112,83320,1024,3328,19,205155,256000,5,14,16,11,14
run_20260811_normal_01,normal,1113,83384,1024,3328,20,223069,307200,5,14,10,12,16
run_20260811_normal_01,normal,1114,83448,2304,10752,92,532523,665600,20,17,45,50,14
run_20260811_normal_01,normal,1115,83512,2816,10496,137,278482,716800,13,12,20,32,11
run_20260811_normal_01,normal,1116,83576,2304,9216,95,408217,665600,13,16,32,31,11
run_20260811_normal_01,normal,1117,83640,1792,9216,50,1059444,307200,5,15,16,14,20
run_20260811_normal_01,normal,1118,83704,1024,2816,19,171009,256000,5,18,20,17,13
run_20260811_normal_01,normal,1119,83768,1024,2816,17,175939,51200,5,17,10,6,8
run_20260811_normal_01,normal,1120,83832,1024,2816,20,163974,716800,5,10,10,16,15
run_20260811_normal_01,normal,1121,83896,1024,3072,19,182523,153600,5,13,10,16,14
run_20260811_normal_01,normal,1122,83960,768,2304,13,169753,51200,5,14,10,14,11
run_20260811_normal_01,normal,1123,84024,1792,15360,55,2410619,716800,10,11,10,24,9
run_20260811_normal_01,normal,1124,84088,2816,17664,125,1407787,716800,17,20,24,60,60
run_20260811_normal_01,normal,1125,84152,2304,17408,89,1654164,563200,8,17,21,16,16
run_20260811_normal_01,normal,1126,84216,1024,3072,24,163605,204800,5,12,15,21,11
run_20260811_normal_01,normal,1127,84280,1024,3072,21,192983,358400,8,14,16,10,6
run_20260811_normal_01,normal,1128,84344,1536,4352,40,202522,460800,5,9,20,16,15
run_20260811_normal_01,normal,1129,84408,1536,4352,45,175977,614400,13,9,20,29,13
run_20260811_normal_01,normal,1130,84472,1280,4096,27,173222,460800,5,10,18,19,11
run_20260811_normal_01,normal,1131,84536,2816,17920,126,1423932,870400,13,8,14,28,23
run_20260811_normal_01,normal,1132,84600,2560,17920,119,1588718,1024000,10,10,10,23,34
run_20260811_normal_01,normal,1133,84664,1024,2560,16,177053,563200,5,10,17,13,12
run_20260811_normal_01,normal,1134,84728,1024,2560,19,159646,51200,5,17,10,13,11
run_20260811_normal_01,normal,1135,84792,1024,2304,19,147241,307200,5,13,16,12,9
run_20260811_normal_01,normal,1136,84856,768,2304,15,158921,358400,5,11,21,14,12
run_20260811_normal_01,normal,1137,84920,768,2560,15,168116,102400,5,19,20,11,8
run_20260811_normal_01,normal,1138,84984,1024,6400,19,601606,614400,5,13,11,10,14
run_20260811_normal_01,normal,1139,85048,2560,16384,112,1148350,1075200,13,17,15,30,67
run_20260811_normal_01,normal,1140,85112,2560,16384,109,1191578,409600,5,14,16,8,16
run_20260811_normal_01,normal,1141,85176,768,2816,15,226276,358400,5,14,17,19,12
run_20260811_normal_01,normal,1142,85240,1024,3072,17,180618,921600,5,12,13,15,12
run_20260811_normal_01,normal,1143,85304,1024,3072,21,150954,614400,8,14,21,21,11
run_20260811_normal_01,normal,1144,85368,1024,2816,21,147354,256000,5,13,10,10,10
run_20260811_normal_01,normal,1145,85432,1280,2816,25,149426,307200,8,24,26,12,9
run_20260811_normal_01,normal,1146,85496,3328,19456,189,873950,512000,10,10,28,25,18
run_20260811_normal_01,normal,1147,85560,3328,19456,186,898200,870400,10,21,9,25,46
run_20260811_normal_01,normal,1148,85624,1024,3328,16,211503,870400,5,11,11,15,9
run_20260811_normal_01,normal,1149,85688,768,2048,10,176842,614400,5,8,13,12,8
run_20260811_normal_01,normal,1150,85752,1280,4608,25,341127,256000,8,17,10,13,11
run_20260811_normal_01,normal,1151,85816,1792,4608,51,183580,256000,8,24,29,17,9
run_20260811_normal_01,normal,1152,85880,1536,4352,39,191616,768000,9,10,22,24,10
run_20260811_normal_01,normal,1153,85944,1280,3840,27,209051,614400,8,13,15,21,9
run_20260811_normal_01,normal,1154,86008,2304,11008,95,481010,972800,13,29,18,21,52
run_20260811_normal_01,normal,1155,86072,3072,12032,152,384188,563200,17,21,39,53,28
run_20260811_normal_01,normal,1156,86136,2304,12288,87,710556,307200,8,23,16,20,11
run_20260811_normal_01,normal,1157,86200,1280,3328,25,200317,716800,8,10,17,19,16
run_20260811_normal_01,normal,1158,86264,1280,3328,29,182597,51200,5,17,13,15,13
run_20260811_normal_01,normal,1159,86328,1024,3328,21,177678,307200,5,17,11,9,22
run_20260811_normal_01,normal,1160,86392,1024,2560,17,158702,358400,5,13,14,18,7
run_20260811_normal_01,normal,1161,86456,1024,2560,20,149726,358400,8,12,19,14,12
run_20260811_normal_01,normal,1162,86520,1280,4096,30,175133,512000,8,15,19,20,11
run_20260811_normal_01,normal,1163,86584,1280,4352,32,190961,307200,8,21,23,17,15
run_20260811_normal_01,normal,1164,86648,1024,3328,24,187107,716800,8,9,9,25,16
run_20260811_normal_01,normal,1165,86712,1024,3840,24,219061,665600,10,17,20,20,18
run_20260811_normal_01,normal,1166,86776,1024,3840,22,267731,512000,10,10,25,14,10
run_20260811_normal_01,normal,1167,86840,1024,3840,17,283666,153600,5,15,8,16,12
run_20260811_normal_01,normal,1168,86904,768,2304,13,187483,256000,5,14,15,12,9
run_20260811_normal_01,normal,1169,86968,1024,3328,19,189098,512000,8,12,18,14,17
run_20260811_normal_01,normal,1170,87032,1280,3328,27,151825,204800,5,18,18,16,18
run_20260811_normal_01,normal,1171,87096,1024,2816,24,140305,256000,5,15,11,16,16
run_20260811_normal_01,normal,1172,87160,1024,2816,18,159380,1126400,8,12,19,17,22
run_20260811_normal_01,normal,1173,87224,768,2560,12,192607,256000,5,13,15,12,9
run_20260811_normal_01,normal,1174,87288,768,2560,13,176210,51200,2,9,7,10,12
run_20260811_normal_01,normal,1175,87352,1280,4864,34,239210,665600,10,18,24,22,8
run_20260811_normal_01,normal,1176,87416,1280,4864,33,247248,665600,9,11,15,24,15
run_20260811_normal_01,normal,1177,87480,768,2560,15,173549,307200,5,14,11,10,16
run_20260811_normal_01,normal,1178,87544,768,2560,15,172346,307200,8,17,15,18,13
run_20260811_normal_01,normal,1179,87608,768,2304,15,149527,153600,2,10,8,11,11
run_20260811_normal_01,normal,1180,87672,1024,4608,17,404713,563200,10,9,25,16,22
run_20260811_normal_01,normal,1181,87736,1024,4352,16,386569,51200,5,13,9,18,11
run_20260811_normal_01,normal,1182,87800,768,2560,12,198687,512000,5,12,11,9,11
run_20260811_normal_01,normal,1183,87864,768,2560,13,212585,51200,2,11,11,9,13
run_20260811_normal_01,normal,1184,87928,1280,4352,29,243510,563200,10,14,21,10,13
run_20260811_normal_01,normal,1185,87992,1280,4352,32,219734,563200,10,17,24,17,8
run_20260811_normal_01,normal,1186,88056,1024,3328,19,195196,512000,5,10,18,11,15
run_20260811_normal_01,normal,1187,88120,1024,3072,20,174890,768000,8,14,14,18,12
run_20260811_normal_01,normal,1188,88184,1280,3072,25,149211,921600,8,11,16,21,18
run_20260811_normal_01,normal,1189,88248,1280,3072,25,150697,512000,10,11,27,19,11
run_20260811_normal_01,normal,1190,88312,1024,3072,19,177310,51200,5,16,10,15,16
run_20260811_normal_01,normal,1191,88376,1792,11264,62,1256285,358400,5,12,13,15,16
run_20260811_normal_01,normal,1192,88440,2560,11264,103,748876,665600,17,12,23,55,30
run_20260811_normal_01,normal,1193,88504,1792,10240,61,911185,307200,5,12,17,16,12
run_20260811_normal_01,normal,1194,88568,1024,3584,18,212915,256000,5,12,20,14,10
run_20260811_normal_01,normal,1195,88632,1024,2816,16,161834,51200,5,17,11,14,11
run_20260811_normal_01,normal,1196,88696,1024,3328,19,202061,51200,5,14,14,15,12
run_20260811_normal_01,normal,1197,88760,1024,2816,16,182133,102400,2,9,10,10,9
run_20260811_normal_01,normal,1198,88824,1024,2816,19,183042,460800,8,10,23,17,10
run_20260811_normal_01,normal,1199,88888,1792,8704,51,717588,102400,5,14,18,12,25
run_20260811_normal_01,normal,1200,88952,1536,8448,48,801312,51200,5,18,17,13,10
run_20260811_normal_01,normal,1201,89016,1024,2816,17,165614,614400,5,10,13,12,12
run_20260811_normal_01,normal,1202,89080,1024,2560,17,154479,460800,5,10,15,18,13
run_20260811_normal_01,normal,1203,89144,1024,2560,16,161883,51200,5,15,12,13,8
run_20260811_normal_01,normal,1204,89208,1024,2560,18,151190,51200,5,15,11,7,14
run_20260811_normal_01,normal,1205,89272,1024,3328,24,172206,665600,9,18,12,23,12
run_20260811_normal_01,normal,1206,89336,1280,3328,31,166066,1024000,8,14,18,14,23
run_20260811_normal_01,normal,1207,89400,1280,3328,28,158644,665600,9,10,16,26,14
run_20260811_normal_01,normal,1208,89464,1024,2816,22,151314,204800,5,13,11,15,14
run_20260811_normal_01,normal,1209,89528,1024,2560,20,141380,51200,5,24,14,10,16
run_20260811_normal_01,normal,1210,89592,1024,2304,17,149954,358400,5,10,17,10,15
run_20260811_normal_01,normal,1211,89656,1024,2816,20,161843,102400,5,17,16,8,11
run_20260811_normal_01,normal,1212,89720,1280,3328,26,146937,102400,5,12,17,17,12
run_20260811_normal_01,normal,1213,89784,1024,3328,19,183816,512000,5,9,15,16,10
run_20260811_normal_01,normal,1214,89848,1024,3072,19,198150,665600,8,13,13,26,20
run_20260811_normal_01,normal,1215,89912,1024,3072,20,169384,51200,5,14,19,15,8
run_20260811_normal_01,normal,1216,89976,1024,2816,21,157889,1075200,5,12,10,11,10
run_20260811_normal_01,normal,1217,90040,1024,2560,20,154791,51200,5,18,10,7,9
run_20260811_normal_01,normal,1218,90104,1024,2304,17,139439,153600,5,20,15,12,12
run_20260811_normal_01,normal,1219,90168,1024,2816,17,175370,768000,5,12,9,17,8
run_20260811_normal_01,normal,1220,90232,1024,2560,20,145668,102400,5,17,15,11,13
run_20260811_normal_01,normal,1221,90296,1024,2560,16,162616,51200,5,17,18,13,17
run_20260811_normal_01,normal,1222,90360,1536,9728,48,923166,921600,8,14,9,25,37
run_20260811_normal_01,normal,1223,90424,1792,9984,49,934353,51200,5,20,10,21,13
run_20260811_normal_01,normal,1224,90488,768,2560,15,172252,563200,5,10,12,11,16
run_20260811_normal_01,normal,1225,90552,768,2816,13,227236,665600,9,11,11,20,11
run_20260811_normal_01,normal,1226,90616,768,2560,13,182929,665600,5,11,10,17,11
run_20260811_normal_01,normal,1227,90680,1024,2816,20,161218,51200,5,17,19,8,10
run_20260811_normal_01,normal,1228,90744,1024,2816,20,177207,102400,8,19,10,12,14
run_20260811_normal_01,normal,1229,90808,1024,2816,20,170568,563200,8,9,21,11,11
run_20260811_normal_01,normal,1230,90872,1024,3072,21,186504,153600,5,20,13,16,11
run_20260811_normal_01,normal,1231,90936,768,3072,13,249192,102400,5,15,10,15,11
run_20260811_normal_01,normal,1232,91000,768,2560,12,228085,204800,5,13,11,9,12
run_20260811_normal_01,normal,1233,91064,768,2560,14,199881,307200,5,12,8,18,9
run_20260811_normal_01,normal,1234,91128,768,2304,15,152194,460800,5,8,20,10,9
run_20260811_normal_01,normal,1235,91192,768,2304,15,144085,460800,5,12,14,10,10
run_20260811_normal_01,normal,1236,91256,768,2048,14,145205,153600,5,13,13,11,13
run_20260811_normal_01,normal,1237,91320,1024,3328,20,197627,358400,5,10,17,9,12
run_20260811_normal_01,normal,1238,91384,1280,4096,27,223483,204800,5,18,23,20,14
run_20260811_normal_01,normal,1239,91448,1280,4352,27,232361,153600,8,21,16,19,10
run_20260811_normal_01,normal,1240,91512,1024,4608,23,287572,358400,5,11,23,17,16
run_20260811_normal_01,normal,1241,91576,1024,4608,18,364034,614400,5,12,15,17,14
run_20260811_normal_01,normal,1242,91640,768,3328,12,249585,1024000,5,11,9,9,15
run_20260811_normal_01,normal,1243,91704,768,2560,13,182949,51200,5,13,16,11,15
run_20260811_normal_01,normal,1244,91768,768,2048,10,171220,51200,5,12,13,14,13
run_20260811_normal_01,normal,1245,91832,1024,3072,20,173590,716800,5,10,11,20,13
run_20260811_normal_01,normal,1246,91896,1024,3328,22,167424,307200,5,15,16,10,10
run_20260811_normal_01,normal,1247,91960,1024,3072,19,201554,665600,5,11,9,14,7
run_20260811_normal_01,normal,1248,92024,1024,3328,22,246015,51200,5,14,14,14,11
run_20260811_normal_01,normal,1249,92088,1024,3328,16,277296,153600,5,13,19,26,16
run_20260811_normal_01,normal,1250,92152,1024,3328,16,260049,665600,5,11,9,22,10
run_20260811_normal_01,normal,1251,92216,1024,3328,18,251394,460800,5,9,15,10,13
run_20260811_normal_01,normal,1252,92280,768,3072,14,228770,204800,5,16,12,9,8
run_20260811_normal_01,normal,1253,92344,768,2816,13,209561,153600,5,13,14,12,13
run_20260811_normal_01,normal,1254,92408,768,2816,15,185891,102400,5,14,10,11,15
run_20260811_normal_01,normal,1255,92472,768,2304,15,161229,768000,5,12,12,14,10
run_20260811_normal_01,normal,1256,92536,768,2048,11,148704,716800,5,11,12,13,14
run_20260811_normal_01,normal,1257,92600,768,2304,11,181976,665600,4,9,9,14,12
run_20260811_normal_01,normal,1258,92664,768,2560,14,175276,768000,5,9,8,13,15
run_20260811_normal_01,normal,1259,92728,1024,2816,17,196839,460800,5,10,11,12,10
run_20260811_normal_01,normal,1260,92792,1024,3328,22,192329,563200,8,11,18,19,8
run_20260811_normal_01,normal,1261,92856,1024,3328,23,180607,102400,8,32,9,14,11
run_20260811_normal_01,normal,1262,92920,1024,3072,22,194901,768000,5,11,13,15,12
run_20260811_normal_01,normal,1263,92984,1024,3072,24,164483,307200,5,14,11,14,11
run_20260811_normal_01,normal,1264,93048,1024,2304,17,146461,51200,5,20,10,14,7
run_20260811_normal_01,normal,1265,93112,768,2560,15,167499,563200,5,10,12,16,15
run_20260811_normal_01,normal,1266,93176,1024,2560,16,167881,307200,8,21,10,12,11
run_20260811_normal_01,normal,1267,93240,2816,16384,138,1023544,1075200,16,16,26,27,69
run_20260811_normal_01,normal,1268,93304,3072,16384,146,912278,665600,8,16,17,23,19
run_20260811_normal_01,normal,1269,93368,1024,2560,21,147713,563200,10,11,22,10,14
run_20260811_normal_01,normal,1270,93432,768,2304,12,155910,512000,4,10,12,11,11
run_20260811_normal_01,normal,1271,93496,768,2048,13,140710,51200,2,12,10,11,13
run_20260811_normal_01,normal,1272,93560,1024,2304,17,136148,614400,8,17,21,16,10
run_20260811_normal_01,normal,1273,93624,1024,2560,17,158820,512000,8,12,21,11,12
run_20260811_normal_01,normal,1274,93688,1024,2816,20,161047,665600,5,11,12,16,14
run_20260811_normal_01,normal,1275,93752,1024,2816,19,169161,512000,5,11,14,17,14
run_20260811_normal_01,normal,1276,93816,1280,3072,25,170127,256000,5,14,24,17,12
run_20260811_normal_01,normal,1277,93880,1280,3072,27,160081,460800,8,17,26,10,16
run_20260811_normal_01,normal,1278,93944,1280,3328,25,175250,51200,5,15,15,14,18
run_20260811_normal_01,normal,1279,94008,1280,3584,27,184971,307200,5,15,16,11,9
run_20260811_normal_01,normal,1280,94072,1024,3072,20,175255,153600,5,18,17,13,12
run_20260811_normal_01,normal,1281,94136,1024,3072,20,166769,51200,5,15,15,11,12
run_20260811_normal_01,normal,1282,94200,768,2816,15,175540,307200,5,14,11,15,13
run_20260811_normal_01,normal,1283,94264,1024,3072,17,204122,358400,5,11,14,17,12
run_20260811_normal_01,normal,1284,94328,1024,3072,18,191616,153600,5,24,11,18,9
run_20260811_normal_01,normal,1285,94392,1024,3072,16,223773,665600,5,8,10,14,13
run_20260811_normal_01,normal,1286,94456,1024,3328,17,250740,51200,2,8,10,11,10
run_20260811_normal_01,normal,1287,94520,1024,2560,17,162364,665600,8,10,10,18,12
run_20260811_normal_01,normal,1288,94584,1024,3328,23,155611,563200,9,12,23,14,11
run_20260811_normal_01,normal,1289,94648,1024,3584,22,199396,153600,5,14,17,15,16
run_20260811_normal_01,normal,1290,94712,1280,3584,26,187374,460800,10,10,28,13,11
run_20260811_normal_01,normal,1291,94776,1280,3584,25,182134,563200,10,16,28,16,14
run_20260811_normal_01,normal,1292,94840,768,2560,15,158720,460800,5,9,14,12,15
run_20260811_normal_01,normal,1293,94904,1024,2560,17,157911,563200,10,10,25,12,9
run_20260811_normal_01,normal,1294,94968,1024,2816,20,170499,665600,10,13,18,20,12
run_20260811_normal_01,normal,1295,95032,1024,2816,16,197064,921600,5,11,10,14,19
run_20260811_normal_01,normal,1296,95096,1024,2816,19,172170,307200,8,21,13,11,7
run_20260811_normal_01,normal,1297,95160,1024,2816,17,190912,768000,8,15,11,16,11
run_20260811_normal_01,normal,1298,95224,1024,3584,19,235195,256000,8,24,9,18,13
run_20260811_normal_01,normal,1299,95288,1024,3584,22,214897,665600,5,10,8,24,12
run_20260811_normal_01,normal,1300,95352,1024,3328,24,191057,307200,5,16,12,15,15
run_20260811_normal_01,normal,1301,95416,1280,3328,26,166309,409600,8,24,16,14,18
run_20260811_normal_01,normal,1302,95480,1792,6400,61,318319,307200,5,13,15,15,12
run_20260811_normal_01,normal,1303,95544,2048,6144,73,269930,716800,18,13,31,56,18
run_20260811_normal_01,normal,1304,95608,1280,6144,31,361170,563200,5,11,14,11,13
run_20260811_normal_01,normal,1305,95672,1024,3072,22,172968,512000,5,9,16,11,12
run_20260811_normal_01,normal,1306,95736,1536,4864,47,212338,665600,10,8,14,28,13
run_20260811_normal_01,normal,1307,95800,1792,4864,52,195682,614400,13,12,26,20,11
run_20260811_normal_01,normal,1308,95864,1280,3840,35,177341,153600,8,33,26,12,8
run_20260811_normal_01,normal,1309,95928,1280,3840,30,191159,102400,5,16,17,17,11
run_20260811_normal_01,normal,1310,95992,1280,4352,27,223328,768000,10,11,14,25,15
run_20260811_normal_01,normal,1311,96056,1280,4352,31,198140,563200,8,15,26,13,11
run_20260811_normal_01,normal,1312,96120,2304,8704,95,342891,665600,10,21,32,26,11
run_20260811_normal_01,normal,1313,96184,2304,8704,90,378425,358400,10,14,30,22,29
run_20260811_normal_01,normal,1314,96248,1024,3072,17,221899,256000,5,18,14,17,11
run_20260811_normal_01,normal,1315,96312,1024,3072,17,201689,563200,13,11,28,9,8
run_20260811_normal_01,normal,1316,96376,1024,2560,19,161524,665600,10,16,20,17,8
run_20260811_normal_01,normal,1317,96440,1024,3072,20,177300,665600,9,8,21,20,9
run_20260811_normal_01,normal,1318,96504,1024,3328,21,194581,51200,5,13,13,15,12
run_20260811_normal_01,normal,1319,96568,1024,3840,20,226064,51200,5,14,16,13,10
run_20260811_normal_01,normal,1320,96632,1024,3584,20,226311,460800,5,12,13,11,8
run_20260811_normal_01,normal,1321,96696,1024,3328,22,196879,358400,10,15,29,9,13
run_20260811_normal_01,normal,1322,96760,1024,3584,23,197921,51200,5,21,14,18,12
run_20260811_normal_01,normal,1323,96824,1024,3072,19,194092,256000,5,14,11,23,17
run_20260811_normal_01,normal,1324,96888,1024,3328,20,181046,358400,5,15,14,11,11
run_20260811_normal_01,normal,1325,96952,1024,2560,21,157654,665600,5,9,13,18,12
run_20260811_normal_01,normal,1326,97016,1024,2816,19,174584,307200,5,13,17,14,10
run_20260811_normal_01,normal,1327,97080,1024,3840,21,233301,460800,5,11,16,14,11
run_20260811_normal_01,normal,1328,97144,1280,3584,25,194665,102400,8,16,17,13,13
run_20260811_normal_01,normal,1329,97208,1280,3328,25,177454,307200,5,13,19,20,13
run_20260811_normal_01,normal,1330,97272,1024,3328,22,208062,665600,8,11,22,20,11
run_20260811_normal_01,normal,1331,97336,768,3072,12,246409,51200,5,15,8,10,11
run_20260811_normal_01,normal,1332,97400,768,2816,10,178523,1177600,4,11,9,11,13
run_20260811_normal_01,normal,1333,97464,768,2560,11,207508,51200,5,15,17,9,11
run_20260811_normal_01,normal,1334,97528,768,2816,13,207533,256000,5,17,13,14,12
run_20260811_normal_01,normal,1335,97592,1024,3584,22,194830,614400,8,10,26,17,12
run_20260811_normal_01,normal,1336,97656,1024,3840,24,225324,716800,9,17,9,18,13
run_20260811_normal_01,normal,1337,97720,1280,3072,26,158829,153600,5,14,14,16,15
run_20260811_normal_01,normal,1338,97784,1024,3072,24,158876,768000,8,13,17,23,22
run_20260811_normal_01,normal,1339,97848,1024,3840,20,233364,409600,5,9,15,12,15
run_20260811_normal_01,normal,1340,97912,1024,3840,24,237770,563200,5,12,18,20,12
run_20260811_normal_01,normal,1341,97976,1024,4096,20,326888,768000,5,9,12,13,15
run_20260811_normal_01,normal,1342,98040,768,2816,13,205450,153600,5,14,9,8,16
run_20260811_normal_01,normal,1343,98104,768,2048,13,152917,153600,5,16,15,8,18
run_20260811_normal_01,normal,1344,98168,1024,3584,18,232521,358400,10,9,17,10,9
run_20260811_normal_01,normal,1345,98232,2048,6144,71,214084,716800,13,11,25,34,18
run_20260811_normal_01,normal,1346,98296,2048,5888,73,200619,665600,13,11,32,36,8
run_20260811_normal_01,normal,1347,98360,1024,3072,19,178176,358400,8,17,21,14,12
run_20260811_normal_01,normal,1348,98424,1024,2560,18,165825,51200,5,16,8,12,13
run_20260811_normal_01,normal,1349,98488,1024,2560,17,170389,460800,8,15,16,13,12
run_20260811_normal_01,normal,1350,98552,768,2048,15,147524,512000,5,11,18,10,11
run_20260811_normal_01,normal,1351,98616,1024,2304,18,135681,614400,5,9,13,15,14
run_20260811_normal_01,normal,1352,98680,1024,3840,20,208657,153600,8,17,20,13,9
run_20260811_normal_01,normal,1353,98744,1024,3584,16,251126,563200,5,11,15,18,4
run_20260811_normal_01,normal,1354,98808,768,2560,14,193516,665600,8,10,13,18,10
run_20260811_normal_01,normal,1355,98872,1024,2816,19,176295,665600,8,15,15,24,11
run_20260811_normal_01,normal,1356,98936,1024,3072,20,172857,51200,8,20,13,12,15
run_20260811_normal_01,normal,1357,99000,768,2816,14,208957,921600,8,11,15,21,22
run_20260811_normal_01,normal,1358,99064,768,2560,13,183024,665600,5,9,9,20,12
run_20260811_normal_01,normal,1359,99128,1280,3840,26,195893,358400,8,14,25,19,12
run_20260811_normal_01,normal,1360,99192,1024,3840,24,215970,768000,5,14,11,17,16
run_20260811_normal_01,normal,1361,99256,768,2816,15,194688,204800,5,14,9,13,10
run_20260811_normal_01,normal,1362,99320,1024,3328,22,202432,614400,8,14,18,12,12
run_20260811_normal_01,normal,1363,99384,1280,3584,31,179963,614400,10,13,25,23,10
run_20260811_normal_01,normal,1364,99448,1280,3584,25,194952,460800,5,10,14,18,16
run_20260811_normal_01,normal,1365,99512,1024,2816,17,182806,307200,8,19,17,11,13
run_20260811_normal_01,normal,1366,99576,1024,3072,20,174455,716800,8,9,15,18,13
run_20260811_normal_01,normal,1367,99640,1280,3584,27,173117,460800,8,15,24,14,10
run_20260811_normal_01,normal,1368,99704,1024,3328,23,187132,307200,8,18,22,13,9
run_20260811_normal_01,normal,1369,99768,1024,2816,18,198344,102400,5,13,18,14,14
run_20260811_normal_01,normal,1370,99832,1024,2816,18,181860,256000,5,12,10,17,14
run_20260811_normal_01,normal,1371,99896,1024,2560,18,159762,460800,5,12,18,13,11
run_20260811_normal_01,normal,1372,99960,768,2816,15,202295,614400,5,11,13,16,15
run_20260811_normal_01,normal,1373,100024,768,2048,15,147082,51200,8,17,12,18,12
run_20260811_normal_01,normal,1374,100088,1024,3328,19,181603,153600,5,13,17,12,15
run_20260811_normal_01,normal,1375,100152,1280,4608,26,248387,358400,5,11,21,19,14
run_20260811_normal_01,normal,1376,100216,1280,4864,31,278102,665600,10,16,19,26,22
run_20260811_normal_01,normal,1377,100280,1280,4608,26,247781,153600,5,21,16,12,11
run_20260811_normal_01,normal,1378,100344,1280,4864,30,235006,460800,8,15,36,14,15
run_20260811_normal_01,normal,1379,100408,1280,5120,27,324590,972800,8,10,8,15,17
run_20260811_normal_01,normal,1380,100472,768,3840,13,362547,51200,5,16,14,11,15
run_20260811_normal_01,normal,1381,100536,1024,3584,18,261180,358400,5,9,12,9,13
run_20260811_normal_01,normal,1382,100600,1024,2816,20,189587,153600,8,16,20,11,19
run_20260811_normal_01,normal,1383,100664,1024,2816,21,154184,102400,5,14,18,12,10
run_20260811_normal_01,normal,1384,100728,1024,3072,20,156405,307200,8,18,18,16,11
run_20260811_normal_01,normal,1385,100792,768,2304,15,154887,716800,8,11,11,21,11
run_20260811_normal_01,normal,1386,100856,1024,2560,16,168480,51200,5,19,12,7,14
run_20260811_normal_01,normal,1387,100920,768,2304,15,158791,358400,5,10,15,11,11
run_20260811_normal_01,normal,1388,100984,1024,2816,21,149824,204800,5,12,15,17,11
run_20260811_normal_01,normal,1389,101048,1024,3072,20,179934,153600,8,21,15,13,14
run_20260811_normal_01,normal,1390,101112,1024,3072,24,167872,614400,10,11,27,9,8
run_20260811_normal_01,normal,1391,101176,1280,3328,25,167961,51200,5,17,14,13,12
run_20260811_normal_01,normal,1392,101240,1024,3072,22,185465,614400,5,10,14,15,10
run_20260811_normal_01,normal,1393,101304,1280,3840,30,185311,563200,5,10,15,15,10
run_20260811_normal_01,normal,1394,101368,1280,3840,26,217500,716800,10,15,21,22,13
run_20260811_normal_01,normal,1395,101432,1024,3072,18,213160,665600,5,10,9,14,15
run_20260811_normal_01,normal,1396,101496,1024,2560,18,154859,51200,5,12,13,17,10
run_20260811_normal_01,normal,1397,101560,1024,2560,18,139494,460800,8,9,23,12,10
run_20260811_normal_01,normal,1398,101624,768,2304,15,156590,563200,13,11,28,10,13
run_20260811_normal_01,normal,1399,101688,1280,3584,25,177294,460800,8,17,23,12,10
run_20260811_normal_01,normal,1400,101752,1280,3840,28,188332,307200,8,16,18,12,11
run_20260811_normal_01,normal,1401,101816,1280,3328,25,174829,51200,10,23,14,10,13
run_20260811_normal_01,normal,1402,101880,1024,3328,20,201349,460800,5,10,16,14,12
run_20260811_normal_01,normal,1403,101944,1280,3072,25,159365,358400,8,21,17,14,21
run_20260811_normal_01,normal,1404,102008,1280,3328,26,156972,51200,8,29,15,17,12
run_20260811_normal_01,normal,1405,102072,768,2560,14,170181,870400,5,11,14,14,11
run_20260811_normal_01,normal,1406,102136,768,2816,13,190901,102400,5,18,11,9,15
run_20260811_normal_01,normal,1407,102200,768,2816,15,172165,870400,5,10,12,17,9
run_20260811_normal_01,normal,1408,102264,768,2560,15,159803,204800,5,17,12,14,14
run_20260811_normal_01,normal,1409,102328,768,2816,15,208107,153600,8,22,10,10,9
run_20260811_normal_01,normal,1410,102392,1024,2816,18,189099,204800,5,16,13,7,15
run_20260811_normal_01,normal,1411,102456,1024,2816,17,171394,358400,8,13,16,9,15
run_20260811_normal_01,normal,1412,102520,768,3072,11,254865,51200,5,11,14,10,8
run_20260811_normal_01,normal,1413,102584,768,3072,13,248952,51200,5,13,14,11,13
run_20260811_normal_01,normal,1414,102648,1024,2816,20,173526,460800,8,13,20,13,11
run_20260811_normal_01,normal,1415,102712,1024,3072,24,167266,51200,5,13,18,14,18
run_20260811_normal_01,normal,1416,102776,1024,3072,21,158464,51200,5,17,15,11,11
run_20260811_normal_01,normal,1417,102840,1280,4352,28,230156,768000,9,19,19,20,10
run_20260811_normal_01,normal,1418,102904,1280,4608,31,234187,358400,8,12,19,14,15
run_20260811_normal_01,normal,1419,102968,1024,3072,21,182636,563200,8,18,21,13,9
run_20260811_normal_01,normal,1420,103032,1024,2816,18,180782,307200,8,18,12,12,16
run_20260811_normal_01,normal,1421,103096,1024,2816,20,157906,563200,10,10,27,9,11
run_20260811_normal_01,normal,1422,103160,1024,3072,18,174390,51200,2,10,9,12,12
run_20260811_normal_01,normal,1423,103224,1024,3072,20,178509,614400,8,11,15,16,11
run_20260811_normal_01,normal,1424,103288,768,2816,15,202280,51200,5,15,11,16,20
run_20260811_normal_01,normal,1425,103352,1024,3328,18,229232,563200,5,11,15,10,10
run_20260811_normal_01,normal,1426,103416,1280,3328,29,179165,51200,5,20,21,6,16
run_20260811_normal_01,normal,1427,103480,1280,3328,29,171806,51200,5,21,17,10,10
run_20260811_normal_01,normal,1428,103544,1280,3584,26,190878,665600,5,12,11,21,9
run_20260811_normal_01,normal,1429,103608,1024,3584,24,221351,409600,5,10,26,13,11
run_20260811_normal_01,normal,1430,103672,1024,3584,21,226988,51200,5,18,21,15,9
run_20260811_normal_01,normal,1431,103736,1024,2560,16,163516,153600,5,14,11,13,11
run_20260811_normal_01,normal,1432,103800,1024,2304,16,152903,563200,5,9,14,12,11
run_20260811_normal_01,normal,1433,103864,1024,2560,17,152348,153600,5,14,17,9,12
run_20260811_normal_01,normal,1434,103928,1024,2816,18,163149,51200,5,23,10,10,12
run_20260811_normal_01,normal,1435,103992,1024,2304,16,141797,51200,2,11,10,9,11
run_20260811_normal_01,normal,1436,104056,1024,3072,16,190626,153600,5,14,16,13,11
run_20260811_normal_01,normal,1437,104120,1024,3072,17,223019,307200,8,19,8,11,14
run_20260811_normal_01,normal,1438,104184,1024,3072,20,185637,51200,5,13,17,14,10
run_20260811_normal_01,normal,1439,104248,1024,3072,20,176333,307200,5,16,14,13,14
run_20260811_normal_01,normal,1440,104312,1024,3328,20,194415,614400,8,18,21,10,9
run_20260811_normal_01,normal,1441,104376,1280,4352,28,212862,51200,5,17,13,12,17
run_20260811_normal_01,normal,1442,104440,1280,4352,32,191848,512000,10,8,31,18,12
run_20260811_normal_01,normal,1443,104504,1280,3328,31,154391,102400,8,16,25,13,15
run_20260811_normal_01,normal,1444,104568,1024,3072,22,200695,51200,5,18,15,9,12
run_20260811_normal_01,normal,1445,104632,768,2816,14,177894,102400,5,17,12,13,12
run_20260811_normal_01,normal,1446,104696,1024,3072,18,205127,358400,5,10,18,11,12
run_20260811_normal_01,normal,1447,104760,1024,3072,21,193508,563200,5,8,17,14,11
run_20260811_normal_01,normal,1448,104824,768,2560,15,179238,460800,5,14,11,15,8
run_20260811_normal_01,normal,1449,104888,768,2560,14,174588,716800,5,10,11,13,8
run_20260811_normal_01,normal,1450,104952,1024,2560,22,147167,563200,10,10,22,21,11
run_20260811_normal_01,normal,1451,105016,1024,2560,22,159637,358400,9,11,23,20,12
run_20260811_normal_01,normal,1452,105080,1024,3328,21,191245,307200,5,15,16,10,9
run_20260811_normal_01,normal,1453,105144,1024,3328,19,214385,102400,5,21,8,10,14
run_20260811_normal_01,normal,1454,105208,768,3072,15,223242,665600,5,10,11,13,11
run_20260811_normal_01,normal,1455,105272,1024,4096,24,231397,153600,8,17,26,14,11
run_20260811_normal_01,normal,1456,105336,1280,4096,27,200903,51200,5,16,23,17,14
run_20260811_normal_01,normal,1457,105400,1024,3072,19,166825,409600,5,10,19,13,12
run_20260811_normal_01,normal,1458,105464,768,2816,15,196600,716800,5,11,13,14,11
run_20260811_normal_01,normal,1459,105528,1024,3072,19,161054,153600,8,15,17,14,10
run_20260811_normal_01,normal,1460,105592,1024,2816,22,143489,665600,10,10,19,17,6
run_20260811_normal_01,normal,1461,105656,1024,3328,22,190233,307200,8,21,9,15,10
run_20260811_normal_01,normal,1462,105720,1280,3328,25,203709,665600,8,21,16,16,11
run_20260811_normal_01,normal,1463,105784,1024,3328,20,202087,460800,10,11,21,15,14
run_20260811_normal_01,normal,1464,105848,1024,3072,18,193635,153600,5,12,13,10,10
run_20260811_normal_01,normal,1465,105912,1024,3072,20,191650,153600,5,18,8,10,14
run_20260811_normal_01,normal,1466,105976,1024,2816,20,165809,204800,5,19,17,13,9
run_20260811_normal_01,normal,1467,106040,1280,3584,26,179128,563200,8,11,17,15,11
run_20260811_normal_01,normal,1468,106104,1024,3584,22,200654,768000,10,11,24,21,15
run_20260811_normal_01,normal,1469,106168,1024,2816,18,205547,768000,5,11,8,20,11
run_20260811_normal_01,normal,1470,106232,1024,2816,19,201916,768000,5,9,11,14,13
run_20260811_normal_01,normal,1471,106296,1024,2560,16,185195,51200,8,20,10,11,5
run_20260811_normal_01,normal,1472,106360,1024,2560,17,186091,614400,5,12,12,8,13
run_20260811_normal_01,normal,1473,106424,1024,2816,18,204461,153600,5,13,13,10,11
run_20260811_normal_01,normal,1474,106488,768,2816,15,229040,563200,5,8,12,11,12
run_20260811_normal_01,normal,1475,106552,768,2304,14,159414,512000,5,11,12,13,16
run_20260811_normal_01,normal,1476,106616,1024,3328,20,181963,153600,8,21,11,14,12
run_20260811_normal_01,normal,1477,106680,1280,3328,25,176724,307200,8,27,14,14,15
run_20260811_normal_01,normal,1478,106744,1024,3072,21,181126,153600,5,14,12,14,13
run_20260811_normal_01,normal,1479,106808,1024,2560,16,167019,614400,8,14,18,17,13
run_20260811_normal_01,normal,1480,106872,768,3584,15,271416,256000,8,27,16,11,12
run_20260811_normal_01,normal,1481,106936,1024,3584,17,248121,307200,4,13,8,11,9
run_20260811_normal_01,normal,1482,107000,1024,2560,17,167865,358400,5,12,14,16,17
run_20260811_normal_01,normal,1483,107064,1024,2560,17,157613,51200,5,20,10,9,14
run_20260811_normal_01,normal,1484,107128,1024,3072,21,177382,460800,5,14,20,15,9
run_20260811_normal_01,normal,1485,107192,1280,3072,27,155040,563200,8,14,17,11,10
run_20260811_normal_01,normal,1486,107256,1280,3328,25,165933,563200,5,12,17,14,12
run_20260811_normal_01,normal,1487,107320,1024,3584,23,201974,665600,8,17,10,20,9
run_20260811_normal_01,normal,1488,107384,1280,3584,28,175465,512000,5,11,17,12,8
run_20260811_normal_01,normal,1489,107448,1280,4096,28,202328,665600,8,20,13,20,14
run_20260811_normal_01,normal,1490,107512,1024,3840,22,203199,51200,5,19,9,16,16
run_20260811_normal_01,normal,1491,107576,1024,3328,22,181014,307200,5,17,9,17,10
run_20260811_normal_01,normal,1492,107640,1280,3072,29,151510,614400,10,21,19,28,13
run_20260811_normal_01,normal,1493,107704,1280,3328,27,154837,153600,5,13,13,17,10
run_20260811_normal_01,normal,1494,107768,1792,9216,62,690828,1075200,9,18,22,39,31
run_20260811_normal_01,normal,1495,107832,1792,8960,58,784939,409600,5,9,14,15,15
run_20260811_normal_01,normal,1496,107896,1024,3072,21,182857,460800,8,12,21,10,14
run_20260811_normal_01,normal,1497,107960,1024,2816,20,191861,665600,10,13,12,20,12
run_20260811_normal_01,normal,1498,108024,1024,2816,18,187886,716800,5,9,10,13,12
run_20260811_normal_01,normal,1499,108088,1024,2816,20,181056,51200,5,23,15,10,12
run_20260811_normal_01,normal,1500,108152,1024,2816,21,171826,665600,8,14,13,21,12
run_20260811_normal_01,normal,1501,108216,1024,3328,21,208726,51200,5,19,14,13,16
run_20260811_normal_01,normal,1502,108280,1024,3072,17,160910,460800,5,9,13,11,16
run_20260811_normal_01,normal,1503,108344,768,2048,13,142939,460800,5,12,14,19,12
run_20260811_normal_01,normal,1504,108408,1024,3840,24,241547,460800,5,12,21,15,13
run_20260811_normal_01,normal,1505,108472,1280,4096,28,243207,358400,8,10,19,14,10
run_20260811_normal_01,normal,1506,108536,1024,3072,18,169403,51200,5,23,13,16,11
run_20260811_normal_01,normal,1507,108600,1024,3072,24,163327,563200,5,10,15,14,17
run_20260811_normal_01,normal,1508,108664,1024,3328,24,172334,460800,8,13,23,14,16
run_20260811_normal_01,normal,1509,108728,1024,3584,21,200469,102400,5,14,15,14,11
run_20260811_normal_01,normal,1510,108792,1024,2560,17,171639,51200,5,19,14,8,10
run_20260811_normal_01,normal,1511,108856,768,3072,14,195923,204800,5,17,15,12,10
run_20260811_normal_01,normal,1512,108920,1024,3072,20,184549,153600,5,13,13,13,13
run_20260811_normal_01,normal,1513,108984,1280,3840,35,187568,563200,13,14,39,17,14
run_20260811_normal_01,normal,1514,109048,1280,3584,28,217090,563200,13,15,23,8,11
run_20260811_normal_01,normal,1515,109112,768,2560,14,178768,307200,8,19,9,9,12
run_20260811_normal_01,normal,1516,109176,1024,3072,20,196034,307200,8,15,20,15,10
run_20260811_normal_01,normal,1517,109240,1024,3072,22,177189,358400,8,11,15,19,9
run_20260811_normal_01,normal,1518,109304,1024,3584,23,204231,512000,8,9,22,13,11
run_20260811_normal_01,normal,1519,109368,1536,4096,37,213494,665600,8,11,13,20,9
run_20260811_normal_01,normal,1520,109432,1536,4352,39,194730,614400,8,11,25,15,16
run_20260811_normal_01,normal,1521,109496,1280,3328,27,163527,921600,9,14,13,20,16
run_20260811_normal_01,normal,1522,109560,1024,2816,23,158294,716800,5,11,12,13,11
run_20260811_normal_01,normal,1523,109624,1280,4864,35,255237,665600,10,15,17,26,14
run_20260811_normal_01,normal,1524,109688,1280,4864,30,307460,563200,9,11,18,12,14
run_20260811_normal_01,normal,1525,109752,1024,2560,19,146566,563200,8,10,21,10,13
run_20260811_normal_01,normal,1526,109816,1024,3328,22,169843,563200,5,11,13,13,12
run_20260811_normal_01,normal,1527,109880,1024,3328,20,186449,460800,5,8,17,17,12
run_20260811_normal_01,normal,1528,109944,1024,2816,18,153811,665600,5,8,6,17,13
run_20260811_normal_01,normal,1529,110008,768,2560,15,172032,153600,5,14,20,10,12
run_20260811_normal_01,normal,1530,110072,1024,2560,16,187013,460800,5,10,14,19,14
run_20260811_normal_01,normal,1531,110136,1024,2816,16,175259,153600,5,19,7,15,13
run_20260811_normal_01,normal,1532,110200,1024,3072,17,172708,51200,5,20,21,14,11
run_20260811_normal_01,normal,1533,110264,1024,3328,18,210603,614400,5,10,13,11,22
run_20260811_normal_01,normal,1534,110328,1024,3584,23,221141,512000,8,14,30,14,13
run_20260811_normal_01,normal,1535,110392,1024,3328,20,205762,102400,5,16,13,16,11
run_20260811_normal_01,normal,1536,110456,768,2304,13,169550,51200,5,20,12,11,11
run_20260811_normal_01,normal,1537,110520,1024,3072,16,199047,614400,5,12,14,9,9
run_20260811_normal_01,normal,1538,110584,1024,3072,19,189499,51200,8,20,20,17,12
run_20260811_normal_01,normal,1539,110648,1024,3072,18,218241,51200,4,14,10,13,13
run_20260811_normal_01,normal,1540,110712,1024,3072,16,203086,51200,5,17,8,11,13
run_20260811_normal_01,normal,1541,110776,1024,2816,16,169497,716800,5,11,11,17,13
run_20260811_normal_01,normal,1542,110840,1024,2816,16,194251,460800,5,10,12,16,8
run_20260811_normal_01,normal,1543,110904,1024,3072,22,199712,153600,5,20,23,13,11
run_20260811_normal_01,normal,1544,110968,1024,3072,23,162528,563200,13,17,25,14,10
run_20260811_normal_01,normal,1545,111032,1024,3072,22,183041,102400,5,14,12,17,11
run_20260811_normal_01,normal,1546,111096,1024,3072,22,187181,358400,8,9,21,15,18
run_20260811_normal_01,normal,1547,111160,1024,3072,17,191501,768000,13,10,11,29,13
run_20260811_normal_01,normal,1548,111224,1024,2816,18,203605,512000,5,13,18,12,17
run_20260811_normal_01,normal,1549,111288,1024,3072,20,213289,307200,5,14,13,14,11
run_20260811_normal_01,normal,1550,111352,1024,2816,20,190585,870400,8,15,14,26,10
run_20260811_normal_01,normal,1551,111416,1024,3072,20,182405,102400,5,15,11,10,11
run_20260811_normal_01,normal,1552,111480,1024,2816,17,182896,204800,5,12,14,12,14
run_20260811_normal_01,normal,1553,111544,1024,2816,20,173969,153600,5,14,10,11,19
run_20260811_normal_01,normal,1554,111608,1024,3072,22,178634,51200,5,17,18,14,12
run_20260811_normal_01,normal,1555,111672,768,2560,14,181252,665600,5,10,9,17,12
run_20260811_normal_01,normal,1556,111736,768,2560,14,192681,51200,5,18,14,14,12
run_20260811_normal_01,normal,1557,111800,768,2816,15,198429,358400,5,11,15,11,10
run_20260811_normal_01,normal,1558,111864,768,2304,15,144452,102400,5,17,15,11,12
run_20260811_normal_01,normal,1559,111928,768,3328,11,250164,102400,2,8,10,10,12
run_20260811_normal_01,normal,1560,111992,768,3584,15,302057,51200,5,18,14,9,17
run_20260811_normal_01,normal,1561,112056,1024,3584,18,202211,307200,8,18,12,14,13
run_20260811_normal_01,normal,1562,112120,1024,2560,16,162834,460800,5,11,11,14,12
run_20260811_normal_01,normal,1563,112184,1024,4352,21,249316,51200,5,14,13,14,13
run_20260811_normal_01,normal,1564,112248,1024,4608,19,343960,665600,13,15,12,32,12
run_20260811_normal_01,normal,1565,112312,768,2816,14,222372,153600,5,18,16,13,13
run_20260811_normal_01,normal,1566,112376,1024,2816,22,162905,614400,8,11,20,10,12
run_20260811_normal_01,normal,1567,112440,1024,2560,22,140254,563200,8,15,17,10,10
run_20260811_normal_01,normal,1568,112504,1024,3584,19,197829,153600,8,24,9,13,12
run_20260811_normal_01,normal,1569,112568,1024,3584,17,222172,358400,8,10,23,13,10
run_20260811_normal_01,normal,1570,112632,768,2560,13,180867,460800,5,12,14,12,10
run_20260811_normal_01,normal,1571,112696,1024,2560,16,171366,512000,8,14,20,13,10
run_20260811_normal_01,normal,1572,112760,1024,2816,18,157189,153600,8,20,12,17,10
run_20260811_normal_01,normal,1573,112824,768,2560,13,173923,1280000,4,9,8,9,13
run_20260811_normal_01,normal,1574,112888,768,3328,15,208761,614400,5,11,13,11,17
run_20260811_normal_01,normal,1575,112952,1024,3328,22,178962,256000,8,26,16,10,11
run_20260811_normal_01,normal,1576,113016,1024,2816,21,169594,51200,5,17,10,11,13
run_20260811_normal_01,normal,1577,113080,1024,3072,17,200115,665600,9,10,19,19,10
run_20260811_normal_01,normal,1578,113144,1024,2816,17,174661,563200,5,11,12,14,10
run_20260811_normal_01,normal,1579,113208,768,2304,15,173948,256000,5,12,10,13,12
run_20260811_normal_01,normal,1580,113272,768,2816,13,190779,460800,5,10,11,9,15
run_20260811_normal_01,normal,1581,113336,768,2560,12,200031,102400,5,15,9,10,12
run_20260811_normal_01,normal,1582,113400,768,3584,12,322065,358400,5,9,13,9,10
run_20260811_normal_01,normal,1583,113464,1024,3328,18,204709,716800,8,11,10,23,12
run_20260811_normal_01,normal,1584,113528,1280,3840,31,209559,358400,8,17,15,12,13
run_20260811_normal_01,normal,1585,113592,1280,3840,31,211119,256000,8,17,21,24,12
run_20260811_normal_01,normal,1586,113656,1024,3328,17,230967,460800,5,11,14,16,11
run_20260811_normal_01,normal,1587,113720,768,3328,12,284799,614400,5,9,15,16,9
run_20260811_normal_01,normal,1588,113784,768,3072,14,209943,307200,5,12,11,9,9
run_20260811_normal_01,normal,1589,113848,1024,3328,24,179520,665600,8,15,26,14,17
run_20260811_normal_01,normal,1590,113912,1280,3328,26,165087,51200,5,15,12,17,13
run_20260811_normal_01,normal,1591,113976,1024,3072,19,199618,563200,5,14,17,9,13
run_20260811_normal_01,normal,1592,114040,1024,2816,17,188483,51200,5,16,14,17,11
run_20260811_normal_01,normal,1593,114104,1024,2816,16,198890,460800,5,8,12,10,15
run_20260811_normal_01,normal,1594,114168,1024,2816,20,196284,563200,10,10,21,12,19
run_20260811_normal_01,normal,1595,114232,1280,2816,25,157129,563200,8,16,23,14,10
run_20260811_normal_01,normal,1596,114296,1024,3328,23,178156,512000,4,10,11,9,15
run_20260811_normal_01,normal,1597,114360,1024,3072,16,204866,665600,5,9,10,18,10
run_20260811_normal_01,normal,1598,114424,768,3328,13,283287,870400,5,8,11,13,12
run_20260811_normal_01,normal,1599,114488,1024,3328,18,253937,307200,8,21,17,18,13
run_20260811_normal_01,normal,1600,114552,768,3328,15,211832,972800,5,10,13,10,18
run_20260811_normal_01,normal,1601,114616,1024,3840,22,237065,460800,5,8,26,15,13
run_20260811_normal_01,normal,1602,114680,1024,3840,21,246822,665600,8,10,14,26,8
run_20260811_normal_01,normal,1603,114744,1024,3840,21,242985,563200,9,11,25,13,15
run_20260811_normal_01,normal,1604,114808,1280,4096,29,207831,153600,8,23,19,18,15
run_20260811_normal_01,normal,1605,114872,1024,3328,20,174843,870400,10,13,14,20,10
run_20260811_normal_01,normal,1606,114936,1024,3072,18,217908,153600,5,15,10,17,11
run_20260811_normal_01,normal,1607,115000,1024,3584,21,234835,358400,5,9,13,10,12
run_20260811_normal_01,normal,1608,115064,1280,3584,32,186501,512000,10,13,36,17,14
run_20260811_normal_01,normal,1609,115128,1280,3584,35,172793,716800,10,10,11,22,9
run_20260811_normal_01,normal,1610,115192,1536,3840,36,176995,665600,10,15,24,21,7
run_20260811_normal_01,normal,1611,115256,1792,5120,51,166016,614400,8,11,25,20,18
run_20260811_normal_01,normal,1612,115320,1792,5120,54,159376,614400,13,15,25,25,7
run_20260811_normal_01,normal,1613,115384,2048,4608,67,141883,512000,10,14,36,14,17
run_20260811_normal_01,normal,1614,115448,2048,4608,64,144875,614400,13,13,33,21,13
run_20260811_normal_01,normal,1615,115512,1280,3328,30,159208,256000,8,22,23,17,14
run_20260811_normal_01,normal,1616,115576,1024,2816,18,172772,665600,10,9,13,18,14
run_20260811_normal_01,normal,1617,115640,1024,3840,21,225048,358400,10,10,21,16,8
run_20260811_normal_01,normal,1618,115704,1024,3840,23,202260,563200,10,11,22,16,12
run_20260811_normal_01,normal,1619,115768,1024,3072,23,178715,512000,13,8,28,15,11
run_20260811_normal_01,normal,1620,115832,1280,3072,25,165664,870400,8,15,18,20,14
run_20260811_normal_01,normal,1621,115896,1024,3072,22,158846,665600,5,11,11,19,13
run_20260811_normal_01,normal,1622,115960,1024,2304,17,152735,460800,5,10,16,14,11
run_20260811_normal_01,normal,1623,116024,1280,3584,28,188569,563200,10,13,25,15,13
run_20260811_normal_01,normal,1624,116088,1280,3584,30,181793,153600,8,29,15,9,8
run_20260811_normal_01,normal,1625,116152,1024,3072,18,203759,563200,5,10,16,13,12
run_20260811_normal_01,normal,1626,116216,1024,3328,22,198050,665600,10,11,20,22,12
run_20260811_normal_01,normal,1627,116280,1024,3072,19,175064,716800,8,13,13,22,9
run_20260811_normal_01,normal,1628,116344,1024,2560,16,174565,358400,8,18,20,15,13
run_20260811_normal_01,normal,1629,116408,768,2304,14,170812,563200,8,11,15,8,11
run_20260811_normal_01,normal,1630,116472,1024,2816,17,171348,563200,5,11,16,11,11
run_20260811_normal_01,normal,1631,116536,1024,2816,23,151945,51200,5,12,14,20,7
run_20260811_normal_01,normal,1632,116600,1024,3072,16,188493,460800,8,12,21,16,15
run_20260811_normal_01,normal,1633,116664,1024,4352,19,294216,307200,5,14,10,14,13
run_20260811_normal_01,normal,1634,116728,1280,4096,26,192346,614400,10,9,24,20,14
run_20260811_normal_01,normal,1635,116792,1024,3072,20,169487,563200,8,10,21,17,10
run_20260811_normal_01,normal,1636,116856,1024,3584,21,199926,153600,5,14,13,10,9
run_20260811_normal_01,normal,1637,116920,1024,3840,21,213204,921600,8,17,8,18,15
run_20260811_normal_01,normal,1638,116984,1024,2816,18,181451,358400,8,11,18,15,13
run_20260811_normal_01,normal,1639,117048,1024,3584,24,174123,768000,10,15,12,24,10
run_20260811_normal_01,normal,1640,117112,1280,3328,26,159318,307200,8,18,20,13,9
run_20260811_normal_01,normal,1641,117176,1024,3072,18,187041,51200,5,14,11,16,14
run_20260811_normal_01,normal,1642,117240,768,2816,13,189262,153600,5,18,9,14,9
run_20260811_normal_01,normal,1643,117304,1024,3584,23,226614,51200,5,13,8,12,15
run_20260811_normal_01,normal,1644,117368,1536,3584,38,172651,51200,5,19,19,16,11
run_20260811_normal_01,normal,1645,117432,1280,3584,34,169438,665600,9,12,23,24,9
run_20260811_normal_01,normal,1646,117496,1280,3072,27,144117,153600,8,19,22,8,11
run_20260811_normal_01,normal,1647,117560,1024,3072,24,150232,716800,5,11,10,19,10
run_20260811_normal_01,normal,1648,117624,1024,3328,24,166915,665600,8,17,11,22,13
run_20260811_normal_01,normal,1649,117688,2304,9984,86,390776,665600,10,17,23,30,14
run_20260811_normal_01,normal,1650,117752,2304,9984,83,418223,665600,17,18,24,46,39
run_20260811_normal_01,normal,1651,117816,1024,3584,16,220014,358400,5,11,15,16,19
run_20260811_normal_01,normal,1652,117880,1024,3584,21,208938,972800,5,12,11,11,17
run_20260811_normal_01,normal,1653,117944,1024,3840,20,252830,665600,10,15,18,28,9
run_20260811_normal_01,normal,1654,118008,768,2304,12,183177,768000,5,11,10,14,7
run_20260811_normal_01,normal,1655,118072,768,2304,12,193449,921600,5,9,7,13,11
run_20260811_normal_01,normal,1656,118136,1024,3584,16,257877,1075200,8,11,17,17,19
run_20260811_normal_01,normal,1657,118200,1024,3328,18,219358,614400,5,12,12,10,10
run_20260811_normal_01,normal,1658,118264,1024,2816,16,182102,358400,5,12,21,10,10
run_20260811_normal_01,normal,1659,118328,1024,2304,16,162833,51200,5,20,14,10,11
run_20260811_normal_01,normal,1660,118392,768,2560,13,178158,768000,5,10,8,14,12
run_20260811_normal_01,normal,1661,118456,1024,2816,17,184590,665600,5,11,11,12,12
run_20260811_normal_01,normal,1662,118520,1024,3072,17,200922,358400,5,12,11,15,12
run_20260811_normal_01,normal,1663,118584,768,2816,15,199653,665600,9,9,12,21,10
run_20260811_normal_01,normal,1664,118648,1024,2816,18,180224,256000,5,14,9,13,11
run_20260811_normal_01,normal,1665,118712,1024,2560,19,152296,51200,5,19,15,18,13
run_20260811_normal_01,normal,1666,118776,1280,4352,25,215948,358400,8,20,19,11,10
run_20260811_normal_01,normal,1667,118840,1536,4352,45,200876,665600,9,17,27,23,17
run_20260811_normal_01,normal,1668,118904,1536,4608,44,199792,102400,8,23,20,15,14
run_20260811_normal_01,normal,1669,118968,1024,3840,19,243219,614400,8,14,16,14,16
run_20260811_normal_01,normal,1670,119032,1024,3840,19,276880,768000,10,11,17,27,15
run_20260811_normal_01,normal,1671,119096,1024,3328,20,198147,358400,5,9,15,6,14
run_20260811_normal_01,normal,1672,119160,1024,3840,18,239115,204800,5,17,13,14,9
run_20260811_normal_01,normal,1673,119224,1280,3584,26,193591,563200,5,11,13,12,14
run_20260811_normal_01,normal,1674,119288,1024,3328,24,160370,614400,8,13,19,14,11
run_20260811_normal_01,normal,1675,119352,1024,3584,21,196977,460800,5,15,14,17,12
run_20260811_normal_01,normal,1676,119416,1024,3840,20,232598,460800,5,11,16,12,11
run_20260811_normal_01,normal,1677,119480,1024,2816,18,170984,512000,5,10,17,7,13
run_20260811_normal_01,normal,1678,119544,1024,2560,20,141755,307200,8,17,11,12,12
run_20260811_normal_01,normal,1679,119608,1024,2560,18,144042,358400,8,15,22,12,10
run_20260811_normal_01,normal,1680,119672,768,2560,13,188453,768000,5,10,14,13,12
run_20260811_normal_01,normal,1681,119736,768,2560,12,203927,512000,5,11,17,11,11
run_20260811_normal_01,normal,1682,119800,768,2816,14,192468,51200,5,17,15,11,10
run_20260811_normal_01,normal,1683,119864,1024,2560,20,161218,665600,8,10,10,25,12
run_20260811_normal_01,normal,1684,119928,1024,2560,19,146529,665600,8,14,11,23,11
run_20260811_normal_01,normal,1685,119992,768,2048,14,127653,256000,5,15,9,13,13
run_20260811_normal_01,normal,1686,120056,1024,3072,21,158981,153600,5,12,14,17,13
run_20260811_normal_01,normal,1687,120120,1280,3584,29,161816,51200,8,19,11,8,14
run_20260811_normal_01,normal,1688,120184,1024,3328,21,187255,153600,8,29,17,9,9
run_20260811_normal_01,normal,1689,120248,768,2304,10,177610,51200,5,16,10,13,11
run_20260811_normal_01,normal,1690,120312,768,3328,15,222648,665600,5,11,12,12,8
run_20260811_normal_01,normal,1691,120376,1024,3072,17,176600,563200,8,12,23,10,11
run_20260811_normal_01,normal,1692,120440,1024,2560,16,185971,665600,5,9,10,12,12
run_20260811_normal_01,normal,1693,120504,768,2816,15,203969,256000,5,14,14,11,9
run_20260811_normal_01,normal,1694,120568,1024,2560,18,168045,51200,5,15,12,12,11
run_20260811_normal_01,normal,1695,120632,1024,2304,19,151856,153600,5,17,14,11,14
run_20260811_normal_01,normal,1696,120696,1024,2560,16,167505,51200,5,17,12,10,11
run_20260811_normal_01,normal,1697,120760,768,2048,10,149381,51200,5,20,9,9,9
run_20260811_normal_01,normal,1698,120824,768,2304,12,138102,460800,5,11,17,12,9
run_20260811_normal_01,normal,1699,120888,768,2304,15,148753,102400,5,17,8,16,14
run_20260811_normal_01,normal,1700,120952,1280,4096,27,212461,716800,5,10,12,15,16
run_20260811_normal_01,normal,1701,121016,1280,4096,25,235942,614400,8,10,19,13,14
run_20260811_normal_01,normal,1702,121080,768,2304,12,174577,358400,4,12,12,12,11
run_20260811_normal_01,normal,1703,121144,768,2048,11,154127,51200,5,15,14,7,17
run_20260811_normal_01,normal,1704,121208,768,2304,13,164435,665600,5,10,11,20,14
run_20260811_normal_01,normal,1705,121272,1024,2304,17,158306,256000,5,15,10,10,12
run_20260811_normal_01,normal,1706,121336,768,2560,14,159328,1024000,8,7,8,13,22
run_20260811_normal_01,normal,1707,121400,768,2816,15,188769,358400,5,11,16,14,14
run_20260811_normal_01,normal,1708,121464,1024,2816,18,178239,512000,5,12,15,17,11
run_20260811_normal_01,normal,1709,121528,1024,2816,20,159932,204800,8,20,6,8,13
run_20260811_normal_01,normal,1710,121592,1792,6400,56,253190,665600,10,20,24,25,17
run_20260811_normal_01,normal,1711,121656,1792,6400,50,310153,716800,13,14,11,40,14
run_20260811_normal_01,normal,1712,121720,768,2816,13,227431,460800,8,10,15,7,10
run_20260811_normal_01,normal,1713,121784,768,2560,14,194480,665600,8,10,17,16,11
run_20260811_normal_01,normal,1714,121848,768,3072,13,216367,102400,5,15,14,11,10
run_20260811_normal_01,normal,1715,121912,768,3328,14,263103,102400,5,18,14,12,10
run_20260811_normal_01,normal,1716,121976,1024,3072,17,211574,460800,5,9,21,15,15
run_20260811_normal_01,normal,1717,122040,1024,2816,20,165878,51200,5,16,8,19,13
run_20260811_normal_01,normal,1718,122104,1024,2560,17,172226,153600,5,18,12,12,15
run_20260811_normal_01,normal,1719,122168,1024,2816,17,167408,307200,5,14,12,15,13
run_20260811_normal_01,normal,1720,122232,1024,2816,19,149745,358400,8,17,17,13,10
run_20260811_normal_01,normal,1721,122296,1024,3328,18,197343,307200,8,17,17,17,9
run_20260811_normal_01,normal,1722,122360,1024,3072,17,222623,153600,5,15,9,12,11
run_20260811_normal_01,normal,1723,122424,768,2560,14,182327,665600,5,12,11,13,9
run_20260811_normal_01,normal,1724,122488,768,2304,13,177603,768000,5,10,11,14,8
run_20260811_normal_01,normal,1725,122552,1024,3072,16,208298,102400,5,17,14,17,11
run_20260811_normal_01,normal,1726,122616,1024,3072,19,199921,102400,5,14,11,12,14
run_20260811_normal_01,normal,1727,122680,1024,2816,20,158390,307200,5,15,13,10,19
run_20260811_normal_01,normal,1728,122744,1024,2816,19,153916,563200,8,10,18,19,11
run_20260811_normal_01,normal,1729,122808,768,2816,15,210685,563200,5,11,15,7,11
run_20260811_normal_01,normal,1730,122872,768,2816,15,198425,665600,8,17,10,21,13
run_20260811_normal_01,normal,1731,122936,1024,2816,17,181023,358400,5,10,16,12,12
run_20260811_normal_01,normal,1732,123000,1024,3072,22,185478,665600,8,14,13,22,16
run_20260811_normal_01,normal,1733,123064,1024,3072,22,177008,716800,8,10,13,20,16
run_20260811_normal_01,normal,1734,123128,1024,2816,16,179108,51200,5,16,12,8,12
run_20260811_normal_01,normal,1735,123192,768,2304,11,184493,307200,8,16,13,11,13
run_20260811_normal_01,normal,1736,123256,768,2560,12,213101,460800,8,11,16,14,11
run_20260811_normal_01,normal,1737,123320,768,2560,15,165696,921600,5,10,9,13,7
run_20260811_normal_01,normal,1738,123384,1024,2304,16,156420,51200,5,17,18,13,14
run_20260811_normal_01,normal,1739,123448,1024,3328,19,187123,51200,5,18,16,16,9
run_20260811_normal_01,normal,1740,123512,1024,3072,20,168905,153600,8,23,10,15,12
run_20260811_normal_01,normal,1741,123576,1024,3072,20,178560,256000,5,13,9,19,8
run_20260811_normal_01,normal,1742,123640,1024,3328,21,192897,512000,8,9,23,19,11
run_20260811_normal_01,normal,1743,123704,1024,3584,22,219117,358400,8,13,15,18,13
run_20260811_normal_01,normal,1744,123768,1024,3584,21,199664,102400,5,14,15,18,12
run_20260811_normal_01,normal,1745,123832,1024,3072,23,147563,51200,5,14,16,20,13
run_20260811_normal_01,normal,1746,123896,1280,2816,28,142362,153600,5,14,13,17,12
run_20260811_normal_01,normal,1747,123960,1280,3328,27,168266,665600,5,10,13,15,11
run_20260811_normal_01,normal,1748,124024,1024,3072,19,184262,512000,5,9,20,12,13
run_20260811_normal_01,normal,1749,124088,768,2560,15,165145,307200,5,14,11,8,17
run_20260811_normal_01,normal,1750,124152,768,2304,11,193704,972800,5,11,10,10,15
run_20260811_normal_01,normal,1751,124216,768,2304,12,187779,460800,5,12,20,13,14
run_20260811_normal_01,normal,1752,124280,768,2304,14,176195,870400,5,12,11,13,12
run_20260811_normal_01,normal,1753,124344,768,2048,10,173378,153600,5,16,11,13,14
run_20260811_normal_01,normal,1754,124408,768,2560,15,190734,102400,5,14,10,9,8
run_20260811_normal_01,normal,1755,124472,1024,4096,24,231619,358400,5,11,14,20,14
run_20260811_normal_01,normal,1756,124536,1024,4096,17,339804,665600,8,17,14,17,12
run_20260811_normal_01,normal,1757,124600,768,2048,11,151055,307200,5,15,17,9,8
run_20260811_normal_01,normal,1758,124664,768,2304,12,171376,153600,5,14,9,8,8
run_20260811_normal_01,normal,1759,124728,1024,2560,16,171767,1280000,5,12,12,7,15
run_20260811_normal_01,normal,1760,124792,1024,2816,18,157524,153600,8,27,14,13,13
run_20260811_normal_01,normal,1761,124856,1024,3072,19,167740,460800,5,11,24,20,8
run_20260811_normal_01,normal,1762,124920,1024,3072,18,203303,665600,10,10,13,23,14
run_20260811_normal_01,normal,1763,124984,768,2560,14,190131,1177600,5,9,13,9,16
run_20260811_normal_01,normal,1764,125048,1024,3072,16,204661,665600,8,11,12,15,13
run_20260811_normal_01,normal,1765,125112,1024,3072,19,200312,256000,5,14,10,21,17
run_20260811_normal_01,normal,1766,125176,1024,2816,18,178913,614400,8,14,21,10,8
run_20260811_normal_01,normal,1767,125240,768,2304,13,172333,870400,5,9,11,15,12
run_20260811_normal_01,normal,1768,125304,768,1792,12,131412,460800,5,13,14,17,14
run_20260811_normal_01,normal,1769,125368,1024,2048,16,147150,153600,5,18,12,12,8
run_20260811_normal_01,normal,1770,125432,1024,2304,16,155429,153600,8,17,13,14,14
run_20260811_normal_01,normal,1771,125496,768,2816,15,200961,153600,5,15,10,14,10
run_20260811_normal_01,normal,1772,125560,1024,3072,19,217521,460800,5,10,19,9,15
run_20260811_normal_01,normal,1773,125624,1024,2816,22,170187,204800,5,15,11,12,12
run_20260811_normal_01,normal,1774,125688,1024,2816,17,185445,153600,8,26,11,14,12
run_20260811_normal_01,normal,1775,125752,1024,2816,17,170889,512000,5,10,12,18,13
run_20260811_normal_01,normal,1776,125816,1024,3072,20,167248,358400,8,13,19,11,13
run_20260811_normal_01,normal,1777,125880,1024,2560,22,145911,153600,5,20,18,17,11
run_20260811_normal_01,normal,1778,125944,1024,2304,16,154856,1075200,5,12,10,12,17
run_20260811_normal_01,normal,1779,126008,768,2560,12,185725,512000,5,8,15,14,11
run_20260811_normal_01,normal,1780,126072,768,2304,14,158597,51200,5,16,17,10,15
run_20260811_normal_01,normal,1781,126136,768,2304,15,140248,51200,2,10,8,9,12
run_20260811_normal_01,normal,1782,126200,768,2304,15,142094,307200,5,14,14,22,15
run_20260811_normal_01,normal,1783,126264,768,2816,15,177660,460800,5,11,14,13,13
run_20260811_normal_01,normal,1784,126328,768,2816,14,200463,665600,8,10,14,19,12
run_20260811_normal_01,normal,1785,126392,768,2304,13,170673,460800,5,13,20,15,13
run_20260811_normal_01,normal,1786,126456,768,2048,11,172502,563200,5,12,14,10,11
run_20260811_normal_01,normal,1787,126520,768,2560,12,186578,870400,5,11,10,12,12
run_20260811_normal_01,normal,1788,126584,1024,2816,17,178302,102400,5,23,12,9,11
run_20260811_normal_01,normal,1789,126648,1024,2816,18,178863,768000,8,8,10,15,12
run_20260811_normal_01,normal,1790,126712,1024,3840,22,214572,563200,10,20,20,8,12
run_20260811_normal_01,normal,1791,126776,1024,3584,18,251505,153600,5,14,13,12,10
run_20260811_normal_01,normal,1792,126840,1024,3584,20,224781,665600,8,13,12,27,10
run_20260811_normal_01,normal,1793,126904,1024,3584,22,202077,153600,5,21,9,18,10
run_20260811_normal_01,normal,1794,126968,768,2560,15,174284,665600,5,9,14,14,15
run_20260811_normal_01,normal,1795,127032,1024,2560,17,173442,358400,5,11,20,19,14
run_20260811_normal_01,normal,1796,127096,1024,2560,17,155404,102400,5,21,14,10,13
run_20260811_normal_01,normal,1797,127160,1024,2560,18,167858,204800,5,14,18,10,11
run_20260811_normal_01,normal,1798,127224,1024,2816,16,202919,460800,5,8,12,17,11
run_20260811_normal_01,normal,1799,127288,1024,3072,18,186743,460800,5,9,18,20,10
run_20260811_normal_01,normal,1800,127352,1024,3072,21,166632,460800,5,9,16,13,11
run_20260811_normal_01,normal,1801,127416,768,2560,13,186992,614400,5,11,14,10,16
run_20260811_normal_01,normal,1802,127480,768,2304,12,155440,614400,5,9,13,11,13
run_20260811_normal_01,normal,1803,127544,768,1792,10,145800,256000,5,17,8,9,14
run_20260811_normal_01,normal,1804,127608,768,2560,12,185269,665600,5,9,8,12,21
run_20260811_normal_01,normal,1805,127672,1024,3072,19,171979,51200,5,19,9,14,15
run_20260811_normal_01,normal,1806,127736,1024,2816,18,180452,51200,5,12,16,10,14
run_20260811_normal_01,normal,1807,127800,1024,2560,19,148238,1177600,10,16,9,15,21
run_20260811_normal_01,normal,1808,127864,1024,4352,24,210398,512000,5,9,18,12,10
run_20260811_normal_01,normal,1809,127928,1024,4352,18,302089,51200,5,17,10,14,9
run_20260811_normal_01,normal,1810,127992,768,3072,15,192380,614400,5,10,15,10,16
run_20260811_normal_01,normal,1811,128056,1024,3328,19,199116,460800,5,10,13,13,10
run_20260811_normal_01,normal,1812,128120,1024,2560,16,168658,358400,5,11,13,16,8
run_20260811_normal_01,normal,1813,128184,768,2304,12,170582,102400,5,12,10,10,15
run_20260811_normal_01,normal,1814,128248,768,2304,13,157907,204800,5,14,15,11,13
run_20260811_normal_01,normal,1815,128312,768,2304,15,147620,51200,5,16,15,13,17
run_20260811_normal_01,normal,1816,128376,1024,2560,19,148401,102400,5,20,14,17,9
run_20260811_normal_01,normal,1817,128440,1024,2560,16,164409,102400,5,15,7,21,12
run_20260811_normal_01,normal,1818,128504,768,2304,12,182126,768000,5,8,10,14,12
run_20260811_normal_01,normal,1819,128568,1024,3328,17,230843,358400,5,12,19,14,13
run_20260811_normal_01,normal,1820,128632,1024,3328,21,211250,102400,5,12,12,18,12
run_20260811_normal_01,normal,1821,128696,1024,3072,20,208389,512000,5,10,17,19,10
run_20260811_normal_01,normal,1822,128760,768,3328,14,296076,665600,5,12,14,15,11
run_20260811_normal_01,normal,1823,128824,1024,3328,19,219748,51200,5,12,16,11,13
run_20260811_normal_01,normal,1824,128888,1024,2816,21,152349,102400,5,18,19,17,13
run_20260811_normal_01,normal,1825,128952,1024,2560,18,146863,614400,8,15,19,13,10
run_20260811_normal_01,normal,1826,129016,768,2304,14,162925,563200,5,11,12,11,10
run_20260811_normal_01,normal,1827,129080,768,2560,15,190085,51200,5,14,10,14,12
run_20260811_normal_01,normal,1828,129144,1024,2816,16,198504,358400,5,13,14,8,16
run_20260811_normal_01,normal,1829,129208,1024,2816,17,164190,358400,8,21,14,11,11
run_20260811_normal_01,normal,1830,129272,1024,3840,23,176028,563200,8,12,18,12,13
run_20260811_normal_01,normal,1831,129336,1024,3584,20,191703,204800,5,15,12,17,11
run_20260811_normal_01,normal,1832,129400,1024,2304,16,164237,665600,5,10,12,17,11
run_20260811_normal_01,normal,1833,129464,1024,3072,18,200421,51200,2,10,11,11,11
run_20260811_normal_01,normal,1834,129528,1024,3328,20,237741,153600,8,26,16,19,10
run_20260811_normal_01,normal,1835,129592,1024,3328,20,194602,358400,8,14,20,10,11
run_20260811_normal_01,normal,1836,129656,768,2560,14,172910,307200,5,14,14,18,14
run_20260811_normal_01,normal,1837,129720,768,2560,12,174402,307200,5,14,8,10,15
run_20260811_normal_01,normal,1838,129784,1024,2560,16,177874,51200,5,17,19,12,13
run_20260811_normal_01,normal,1839,129848,1024,3328,17,219108,102400,5,15,16,8,6
run_20260811_normal_01,normal,1840,129912,1024,3328,19,198439,768000,5,9,12,14,10
run_20260811_normal_01,normal,1841,129976,1024,2560,19,160565,51200,5,16,13,16,15
run_20260811_normal_01,normal,1842,130040,1024,2304,17,145458,153600,5,12,17,16,17
run_20260811_normal_01,normal,1843,130104,1024,3584,22,225017,51200,5,20,10,15,14
run_20260811_normal_01,normal,1844,130168,1024,3328,23,198027,153600,5,17,12,20,10
run_20260811_normal_01,normal,1845,130232,1024,2560,18,163659,153600,8,21,11,13,11
run_20260811_normal_01,normal,1846,130296,1024,3072,17,177305,665600,5,11,11,13,10
run_20260811_normal_01,normal,1847,130360,1024,4352,18,295931,614400,5,11,13,10,15
run_20260811_normal_01,normal,1848,130424,1024,4096,16,286131,153600,5,13,10,16,10
run_20260811_normal_01,normal,1849,130488,1024,2816,21,172963,512000,5,9,20,16,11
run_20260811_normal_01,normal,1850,130552,1024,2816,23,154037,102400,5,15,15,15,17
run_20260811_normal_01,normal,1851,130616,1024,2304,16,132492,614400,8,9,20,8,14
run_20260811_normal_01,normal,1852,130680,1024,3328,20,172415,716800,8,11,17,26,9
run_20260811_normal_01,normal,1853,130744,1024,3328,20,174537,51200,5,15,16,9,15
run_20260811_normal_01,normal,1854,130808,768,2816,14,178641,256000,5,17,17,13,10
run_20260811_normal_01,normal,1855,130872,1024,4096,16,291733,153600,5,13,10,16,13
run_20260811_normal_01,normal,1856,130936,1024,3840,22,197443,153600,5,18,10,18,6
run_20260811_normal_01,normal,1857,131000,1024,2560,19,143794,102400,5,17,9,11,9
run_20260811_normal_01,normal,1858,131064,1024,2304,16,136055,307200,8,18,10,17,12
run_20260811_normal_01,normal,1859,131128,1024,2816,17,162853,51200,5,21,14,9,12
run_20260811_normal_01,normal,1860,131192,1024,2560,17,169045,358400,5,11,13,13,14
run_20260811_normal_01,normal,1861,131256,768,2304,13,179526,256000,5,15,13,11,10
run_20260811_normal_01,normal,1862,131320,768,2816,14,197158,460800,5,9,14,14,13
run_20260811_normal_01,normal,1863,131384,1024,3072,19,185839,153600,5,22,12,10,13
run_20260811_normal_01,normal,1864,131448,1024,2560,18,143145,102400,5,15,10,17,13
run_20260811_normal_01,normal,1865,131512,1024,2304,16,154972,563200,5,12,17,16,8
run_20260811_normal_01,normal,1866,131576,1024,2816,19,193894,153600,5,17,21,17,12
run_20260811_normal_01,normal,1867,131640,1024,2560,18,185519,204800,5,16,12,13,12
run_20260811_normal_01,normal,1868,131704,768,2560,14,175935,153600,5,14,9,17,10
run_20260811_normal_01,normal,1869,131768,1024,2560,18,137467,409600,5,11,17,10,12
run_20260811_normal_01,normal,1870,131832,1024,3328,23,191753,563200,5,12,14,15,11
run_20260811_normal_01,normal,1871,131896,2560,11776,109,406761,614400,13,19,41,16,10
run_20260811_normal_01,normal,1872,131960,2560,11776,105,435272,665600,17,13,31,40,33
run_20260811_normal_01,normal,1873,132024,1024,3072,23,198417,358400,5,11,14,17,8
run_20260811_normal_01,normal,1874,132088,1024,3584,24,194748,768000,10,10,10,27,10
run_20260811_normal_01,normal,1875,132152,1024,3328,16,223256,153600,5,14,14,14,13
run_20260811_normal_01,normal,1876,132216,1024,3328,16,203386,512000,5,10,13,16,13
run_20260811_normal_01,normal,1877,132280,1024,3072,19,192247,256000,5,12,11,15,10
run_20260811_normal_01,normal,1878,132344,1024,2816,19,185317,358400,8,11,29,14,15
run_20260811_normal_01,normal,1879,132408,1024,2560,18,182605,716800,9,7,13,22,10
run_20260811_normal_01,normal,1880,132472,1024,2560,16,184229,358400,5,9,12,18,17
run_20260811_normal_01,normal,1881,132536,1024,2560,16,180291,665600,5,12,10,13,12
run_20260811_normal_01,normal,1882,132600,768,2816,14,207180,614400,5,10,13,15,8
run_20260811_normal_01,normal,1883,132664,768,2816,13,217038,102400,2,9,10,11,11
run_20260811_normal_01,normal,1884,132728,768,2816,14,195036,665600,8,11,15,21,9
run_20260811_normal_01,normal,1885,132792,1024,2304,17,132242,256000,5,15,13,9,10
run_20260811_normal_01,normal,1886,132856,1024,2816,18,148613,102400,5,16,9,17,13
run_20260811_normal_01,normal,1887,132920,1024,2816,18,175926,460800,5,9,14,11,12
run_20260811_normal_01,normal,1888,132984,1024,2816,16,190544,665600,5,12,11,19,8
run_20260811_normal_01,normal,1889,133048,768,2304,13,173692,460800,5,11,15,8,15
run_20260811_normal_01,normal,1890,133112,768,2304,13,171617,153600,5,16,9,18,11
run_20260811_normal_01,normal,1891,133176,768,2304,14,174752,153600,5,14,14,14,9
run_20260811_normal_01,normal,1892,133240,1024,2560,16,186108,460800,8,10,17,12,11
run_20260811_normal_01,normal,1893,133304,1024,2560,17,185077,153600,8,18,13,15,11
run_20260811_normal_01,normal,1894,133368,1024,3072,21,185035,665600,8,10,8,17,15
run_20260811_normal_01,normal,1895,133432,1024,3072,19,203144,512000,5,10,17,18,13
run_20260811_normal_01,normal,1896,133496,1024,3584,17,242420,51200,5,17,15,14,10
run_20260811_normal_01,normal,1897,133560,1024,3584,17,220427,614400,5,10,15,17,10
run_20260811_normal_01,normal,1898,133624,768,2816,14,172733,102400,2,10,7,9,10
run_20260811_normal_01,normal,1899,133688,768,2304,14,148694,358400,5,10,17,15,10
run_20260811_normal_01,normal,1900,133752,768,2304,15,143615,819200,5,9,8,14,12
run_20260811_normal_01,normal,1901,133816,768,2304,15,158225,1126400,5,10,11,9,16
run_20260811_normal_01,normal,1902,133880,1024,3584,24,178963,256000,5,15,10,19,13
run_20260811_normal_01,normal,1903,133944,1280,3584,29,186950,256000,8,24,15,20,15
run_20260811_normal_01,normal,1904,134008,1280,3840,26,210450,102400,5,19,9,23,11
run_20260811_normal_01,normal,1905,134072,1024,3072,19,170543,870400,5,11,7,12,15
run_20260811_normal_01,normal,1906,134136,1024,2304,17,140837,307200,8,18,10,12,14
run_20260811_normal_01,normal,1907,134200,1024,3840,22,214056,614400,5,9,14,16,13
run_20260811_normal_01,normal,1908,134264,1024,4096,23,217372,153600,5,20,17,21,13
run_20260811_normal_01,normal,1909,134328,1024,3072,21,160115,153600,5,12,17,11,6
run_20260811_normal_01,normal,1910,134392,1024,3072,20,166724,204800,5,16,10,13,17
run_20260811_normal_01,normal,1911,134456,1280,3584,26,180549,51200,5,18,19,16,12
run_20260811_normal_01,normal,1912,134520,1024,3072,18,174594,512000,5,11,17,14,17
run_20260811_normal_01,normal,1913,134584,768,2304,13,169583,358400,5,11,16,9,10
run_20260811_normal_01,normal,1914,134648,1024,2560,17,170088,563200,5,8,18,11,11
run_20260811_normal_01,normal,1915,134712,1024,2816,21,174675,102400,5,23,13,6,11
run_20260811_normal_01,normal,1916,134776,1024,3072,19,194453,665600,5,13,10,24,11
run_20260811_normal_01,normal,1917,134840,1024,2816,17,178503,307200,8,20,11,17,12
run_20260811_normal_01,normal,1918,134904,768,3072,14,220838,614400,8,10,18,18,7
run_20260811_normal_01,normal,1919,134968,1024,3072,19,214151,358400,10,21,19,10,10
run_20260811_normal_01,normal,1920,135032,1024,2816,20,172448,358400,8,8,23,12,17
run_20260811_normal_01,normal,1921,135096,1024,3328,17,239959,102400,5,17,9,11,9
run_20260811_normal_01,normal,1922,135160,1024,3328,21,246135,51200,5,23,12,11,11
run_20260811_normal_01,normal,1923,135224,1280,3584,27,196577,768000,9,11,20,18,16
run_20260811_normal_01,normal,1924,135288,1024,3584,24,184608,204800,5,15,18,15,10
run_20260811_normal_01,normal,1925,135352,1024,2560,19,150450,307200,5,17,12,14,7
run_20260811_normal_01,normal,1926,135416,768,2560,15,186345,358400,8,13,17,15,16
run_20260811_normal_01,normal,1927,135480,1024,3072,18,223634,51200,4,12,11,10,11
run_20260811_normal_01,normal,1928,135544,1280,3328,25,186327,102400,5,12,19,25,12
run_20260811_normal_01,normal,1929,135608,1024,3328,19,198873,563200,8,14,20,18,17
run_20260811_normal_01,normal,1930,135672,1024,3328,23,209081,614400,8,11,21,20,11
run_20260811_normal_01,normal,1931,135736,1024,3072,20,203046,768000,9,15,9,16,12
run_20260811_normal_01,normal,1932,135800,768,3584,15,274645,563200,5,9,15,12,11
run_20260811_normal_01,normal,1933,135864,1024,3840,16,285769,460800,5,10,17,9,17
run_20260811_normal_01,normal,1934,135928,768,2560,15,176130,358400,4,11,13,8,9
run_20260811_normal_01,normal,1935,135992,768,2560,15,179707,665600,8,10,17,15,11
run_20260811_normal_01,normal,1936,136056,768,2304,14,174566,358400,5,11,14,17,10
run_20260811_normal_01,normal,1937,136120,768,2560,15,194691,102400,5,18,11,10,8
run_20260811_normal_01,normal,1938,136184,768,2560,15,207723,563200,8,12,16,12,13
run_20260811_normal_01,normal,1939,136248,768,2304,12,193251,358400,5,10,14,9,10
run_20260811_normal_01,normal,1940,136312,1024,3328,16,227260,972800,8,8,9,15,16
run_20260811_normal_01,normal,1941,136376,1024,3328,17,222214,256000,10,30,11,11,9
run_20260811_normal_01,normal,1942,136440,768,2304,12,190181,768000,5,11,12,13,12
run_20260811_normal_01,normal,1943,136504,1024,2560,18,169187,256000,5,11,8,20,10
run_20260811_normal_01,normal,1944,136568,1024,2816,19,168189,102400,8,20,11,13,13
run_20260811_normal_01,normal,1945,136632,1024,3072,16,187680,307200,8,20,24,10,12
run_20260811_normal_01,normal,1946,136696,1024,3328,17,238722,51200,5,14,13,8,12
run_20260811_normal_01,normal,1947,136760,1024,3328,23,222792,51200,8,16,15,11,13
run_20260811_normal_01,normal,1948,136824,1280,3328,28,198918,665600,8,20,11,21,12
run_20260811_normal_01,normal,1949,136888,1024,3072,23,182995,256000,8,18,17,10,17
run_20260811_normal_01,normal,1950,136952,1024,2816,18,188543,716800,5,10,11,14,11
run_20260811_normal_01,normal,1951,137016,1024,2560,17,172594,153600,5,15,21,9,16
run_20260811_normal_01,normal,1952,137080,1024,2816,17,177577,51200,5,20,10,11,11
run_20260811_normal_01,normal,1953,137144,768,2816,14,232966,307200,5,15,13,13,13
run_20260811_normal_01,normal,1954,137208,768,2816,11,278680,256000,5,15,10,15,11
run_20260811_normal_01,normal,1955,137272,768,2560,12,203172,51200,2,10,9,10,11
run_20260811_normal_01,normal,1956,137336,1024,2304,16,152457,51200,8,17,13,12,14
run_20260811_normal_01,normal,1957,137400,1024,4096,20,261714,51200,2,10,10,10,13
run_20260811_normal_01,normal,1958,137464,1024,3840,18,261375,768000,10,13,13,18,7
run_20260811_normal_01,normal,1959,137528,1024,3328,16,230891,460800,5,9,17,11,14
run_20260811_normal_01,normal,1960,137592,768,3072,14,214433,153600,8,18,12,17,11
run_20260811_normal_01,normal,1961,137656,1024,3328,18,192829,307200,8,23,21,10,14
run_20260811_normal_01,normal,1962,137720,1024,3072,18,197800,102400,5,15,15,15,12
run_20260811_normal_01,normal,1963,137784,1024,2560,17,182275,51200,5,14,17,15,9
run_20260811_normal_01,normal,1964,137848,1024,2560,18,160461,51200,5,16,12,9,10
run_20260811_normal_01,normal,1965,137912,1024,2304,17,154204,307200,8,17,17,9,15
run_20260811_normal_01,normal,1966,137976,1024,3328,21,159750,153600,5,14,14,12,15
run_20260811_normal_01,normal,1967,138040,1024,3328,17,217268,358400,8,15,21,14,10
run_20260811_normal_01,normal,1968,138104,768,2560,11,230460,51200,5,26,10,10,12
run_20260811_normal_01,normal,1969,138168,768,2816,15,200180,153600,5,14,12,11,9
run_20260811_normal_01,normal,1970,138232,1024,3072,22,176170,512000,8,10,17,14,12
run_20260811_normal_01,normal,1971,138296,1280,3072,26,167012,563200,10,11,24,18,12
run_20260811_normal_01,normal,1972,138360,1024,3328,20,179730,512000,8,12,23,10,9
run_20260811_normal_01,normal,1973,138424,1024,3840,17,216879,51200,5,18,14,10,9
run_20260811_normal_01,normal,1974,138488,1024,3840,22,225870,358400,8,11,26,11,9
run_20260811_normal_01,normal,1975,138552,1024,3584,23,181281,614400,5,10,14,13,12
run_20260811_normal_01,normal,1976,138616,1024,3328,21,184262,563200,5,13,14,14,10
run_20260811_normal_01,normal,1977,138680,1024,3072,20,206961,307200,8,17,17,15,13
run_20260811_normal_01,normal,1978,138744,768,2560,13,181208,51200,2,11,10,11,12
run_20260811_normal_01,normal,1979,138808,768,3072,15,204706,256000,8,24,12,18,12
run_20260811_normal_01,normal,1980,138872,1024,3072,16,209775,51200,5,14,15,13,16
run_20260811_normal_01,normal,1981,138936,768,2560,12,209609,768000,5,8,8,16,10
run_20260811_normal_01,normal,1982,139000,1024,2816,18,183452,307200,5,15,9,16,11
run_20260811_normal_01,normal,1983,139064,1024,2560,19,167581,563200,5,10,13,10,12
run_20260811_normal_01,normal,1984,139128,1024,3328,19,202397,614400,8,10,21,12,13
run_20260811_normal_01,normal,1985,139192,1024,3584,21,234694,614400,10,7,19,17,8
run_20260811_normal_01,normal,1986,139256,1024,3328,20,214675,512000,5,12,15,13,8
run_20260811_normal_01,normal,1987,139320,1024,3584,23,203307,51200,5,14,17,13,19
run_20260811_normal_01,normal,1988,139384,1024,3328,16,193301,307200,10,21,14,10,7
run_20260811_normal_01,normal,1989,139448,1024,2560,17,151027,358400,8,8,19,14,11
run_20260811_normal_01,normal,1990,139512,1024,3072,22,154747,51200,8,21,17,16,8
run_20260811_normal_01,normal,1991,139576,1024,3072,19,181540,102400,5,15,13,15,14
run_20260811_normal_01,normal,1992,139640,1024,2560,16,163678,460800,5,9,12,13,12
run_20260811_normal_01,normal,1993,139704,1024,2304,16,147653,307200,8,21,13,13,14
run_20260811_normal_01,normal,1994,139768,1024,2560,17,142325,51200,8,19,17,20,14
run_20260811_normal_01,normal,1995,139832,1024,3072,18,191057,204800,5,13,15,17,9
run_20260811_normal_01,normal,1996,139896,1024,2816,18,181186,102400,5,14,17,11,11
run_20260811_normal_01,normal,1997,139960,1024,2816,19,180393,204800,5,15,10,9,15
run_20260811_normal_01,normal,1998,140024,1024,2816,20,183484,716800,8,12,8,23,9
run_20260811_normal_01,normal,1999,140088,768,2560,15,201010,153600,5,14,15,11,11
run_20260811_normal_01,normal,2000,140152,1024,4352,19,345570,460800,5,11,14,13,17
run_20260811_normal_01,normal,2001,140216,1024,4608,20,356052,51200,5,16,13,23,11
run_20260811_normal_01,normal,2002,140280,768,2304,15,185113,921600,5,8,9,15,18
run_20260811_normal_01,normal,2003,140344,1024,2560,20,167766,102400,5,16,14,21,15
run_20260811_normal_01,normal,2004,140408,1024,2560,19,161815,204800,5,15,17,17,9
run_20260811_normal_01,normal,2005,140472,1024,3072,18,176953,51200,5,17,18,15,11
run_20260811_normal_01,normal,2006,140536,1024,3072,20,185912,51200,5,18,15,10,8
run_20260811_normal_01,normal,2007,140600,1024,3072,17,201317,204800,5,18,16,11,12
run_20260811_normal_01,normal,2008,140664,768,2304,14,191546,51200,2,11,9,9,10
run_20260811_normal_01,normal,2009,140728,1024,3328,16,194174,153600,8,17,18,10,11
run_20260811_normal_01,normal,2010,140792,1280,3072,25,165207,153600,5,15,14,17,15
run_20260811_normal_01,normal,2011,140856,1024,2816,24,155828,716800,9,10,15,20,17
run_20260811_normal_01,normal,2012,140920,768,2304,13,167215,460800,5,12,13,18,12
run_20260811_normal_01,normal,2013,140984,768,2816,13,226185,665600,5,10,9,13,12
run_20260811_normal_01,normal,2014,141048,1024,2816,20,168458,153600,8,24,13,16,20
run_20260811_normal_01,normal,2015,141112,1024,2816,20,159997,102400,5,13,9,12,15
run_20260811_normal_01,normal,2016,141176,768,2816,15,219352,51200,5,16,12,11,16
run_20260811_normal_01,normal,2017,141240,768,2560,12,206124,563200,5,10,14,10,14
run_20260811_normal_01,normal,2018,141304,768,2560,15,168099,665600,5,11,10,12,13
run_20260811_normal_01,normal,2019,141368,768,2560,15,152918,153600,5,26,10,9,17
run_20260811_normal_01,normal,2020,141432,1024,2816,16,171318,512000,5,10,14,12,8
run_20260811_normal_01,normal,2021,141496,1024,2816,18,170136,358400,10,11,22,11,11
run_20260811_normal_01,normal,2022,141560,1024,3328,22,184738,51200,5,19,14,10,12
run_20260811_normal_01,normal,2023,141624,1024,3328,18,205422,614400,9,11,21,19,8
run_20260811_normal_01,normal,2024,141688,1024,2304,17,143920,358400,5,8,15,15,11
run_20260811_normal_01,normal,2025,141752,1024,2816,19,169158,102400,5,12,13,23,12
run_20260811_normal_01,normal,2026,141816,1024,3072,17,212146,51200,5,14,10,15,18
run_20260811_normal_01,normal,2027,141880,1024,3328,20,185098,51200,5,13,13,13,12
run_20260811_normal_01,normal,2028,141944,1024,3584,18,207117,51200,5,19,20,11,10
run_20260811_normal_01,normal,2029,142008,1024,2304,17,161231,460800,8,11,24,12,15
run_20260811_normal_01,normal,2030,142072,1024,2816,16,173347,51200,5,18,13,12,11
run_20260811_normal_01,normal,2031,142136,768,2048,14,147257,1075200,5,12,13,10,14
run_20260811_normal_01,normal,2032,142200,1024,2816,19,168898,51200,5,15,14,16,17
run_20260811_normal_01,normal,2033,142264,1024,2560,16,175086,563200,5,10,12,14,11
run_20260811_normal_01,normal,2034,142328,768,2560,14,186240,563200,5,10,15,22,8
run_20260811_normal_01,normal,2035,142392,768,2560,13,168002,665600,5,10,9,16,14
run_20260811_normal_01,normal,2036,142456,768,2304,15,163608,51200,5,13,8,15,12
run_20260811_normal_01,normal,2037,142520,1024,2560,16,167125,102400,5,14,8,13,13
run_20260811_normal_01,normal,2038,142584,1024,2816,16,189132,256000,8,21,13,9,13
run_20260811_normal_01,normal,2039,142648,1024,2816,17,175627,512000,5,10,14,10,12
run_20260811_normal_01,normal,2040,142712,1024,3328,18,211514,563200,8,14,21,11,8
run_20260811_normal_01,normal,2041,142776,1024,3584,22,227402,153600,8,22,20,19,10
run_20260811_normal_01,normal,2042,142840,1024,3584,22,198013,358400,5,10,20,12,15
run_20260811_normal_01,normal,2043,142904,1024,2816,19,182114,102400,5,14,9,11,17
run_20260811_normal_01,normal,2044,142968,1024,3072,18,171608,409600,5,8,14,18,15
run_20260811_normal_01,normal,2045,143032,1024,4096,21,238353,153600,5,14,13,14,13
run_20260811_normal_01,normal,2046,143096,1024,4096,18,270702,768000,10,10,10,23,13
run_20260811_normal_01,normal,2047,143160,1024,2816,17,177414,460800,5,9,13,17,13
run_20260811_normal_01,normal,2048,143224,768,3072,15,196023,153600,8,16,15,16,9
run_20260811_normal_01,normal,2049,143288,768,2304,12,174260,819200,5,12,10,16,13
run_20260811_normal_01,normal,2050,143352,1024,3072,17,243871,614400,8,10,20,16,14
run_20260811_normal_01,normal,2051,143416,1024,3328,23,213179,716800,5,12,10,14,11
run_20260811_normal_01,normal,2052,143480,1024,3840,22,233316,256000,8,23,16,13,10
run_20260811_normal_01,normal,2053,143544,768,3584,15,254129,102400,5,16,10,11,16
run_20260811_normal_01,normal,2054,143608,1024,2816,17,175411,51200,5,14,16,11,16
run_20260811_normal_01,normal,2055,143672,1024,2816,21,153317,563200,8,11,21,12,14
run_20260811_normal_01,normal,2056,143736,1024,2560,21,148340,614400,10,18,23,12,19
run_20260811_normal_01,normal,2057,143800,1024,2816,17,182278,512000,5,12,17,12,15
run_20260811_normal_01,normal,2058,143864,1024,2560,18,177768,409600,5,9,14,18,12
run_20260811_normal_01,normal,2059,143928,1024,2560,16,176226,51200,5,13,9,16,12
run_20260811_normal_01,normal,2060,143992,1024,2816,17,170504,153600,5,22,15,17,11
run_20260811_normal_01,normal,2061,144056,1024,2816,21,159333,153600,5,18,18,11,9
run_20260811_normal_01,normal,2062,144120,1024,2560,17,164570,256000,5,14,13,8,19
run_20260811_normal_01,normal,2063,144184,1024,2816,18,169458,51200,5,15,17,18,16
run_20260811_normal_01,normal,2064,144248,1024,2816,17,211836,256000,8,23,10,15,10
run_20260811_normal_01,normal,2065,144312,768,2560,15,198004,460800,5,11,17,11,11
run_20260811_normal_01,normal,2066,144376,768,2304,15,162563,358400,8,12,21,10,14
run_20260811_normal_01,normal,2067,144440,1024,2816,19,166195,153600,8,18,11,15,10
run_20260811_normal_01,normal,2068,144504,1024,2560,18,166409,768000,8,8,14,27,19
run_20260811_normal_01,normal,2069,144568,1024,2560,17,162610,409600,8,15,20,16,10
run_20260811_normal_01,normal,2070,144632,1024,3072,18,183488,972800,5,12,11,15,11
run_20260811_normal_01,normal,2071,144696,1024,3072,23,174551,614400,5,10,13,12,13
run_20260811_normal_01,normal,2072,144760,1280,3328,28,157738,204800,8,24,12,17,13
run_20260811_normal_01,normal,2073,144824,1024,2560,19,166526,153600,5,16,10,15,17
run_20260811_normal_01,normal,2074,144888,1024,3072,19,194996,563200,8,14,21,12,12
run_20260811_normal_01,normal,2075,144952,1024,3072,22,167421,512000,10,14,22,12,13
run_20260811_normal_01,normal,2076,145016,1024,2816,19,155794,921600,5,9,9,17,12
run_20260811_normal_01,normal,2077,145080,1024,3072,22,163572,768000,10,14,8,31,16
run_20260811_normal_01,normal,2078,145144,1024,3072,22,191559,665600,10,14,17,21,11
run_20260811_normal_01,normal,2079,145208,1024,3072,16,209841,460800,5,11,19,14,10
run_20260811_normal_01,normal,2080,145272,768,2304,12,181707,51200,2,12,8,9,11
run_20260811_normal_01,normal,2081,145336,1024,2816,17,187467,51200,5,18,14,13,12
run_20260811_normal_01,normal,2082,145400,1024,2816,24,148686,460800,5,9,23,17,14
run_20260811_normal_01,normal,2083,145464,1024,3072,20,172343,358400,8,14,20,9,15
run_20260811_normal_01,normal,2084,145528,1024,4096,21,269800,153600,5,15,13,20,13
run_20260811_normal_01,normal,2085,145592,1024,3840,22,239692,512000,5,10,17,12,11
run_20260811_normal_01,normal,2086,145656,768,2816,15,213291,51200,5,15,10,10,15
run_20260811_normal_01,normal,2087,145720,1024,2816,18,190855,358400,8,12,19,16,18
run_20260811_normal_01,normal,2088,145784,1024,2560,16,179567,716800,5,11,11,17,12
run_20260811_normal_01,normal,2089,145848,1024,2560,20,182177,716800,8,21,14,24,15
run_20260811_normal_01,normal,2090,145912,1024,3072,23,172746,665600,9,11,15,19,10
run_20260811_normal_01,normal,2091,145976,1280,4352,28,224450,512000,10,15,25,24,12
run_20260811_normal_01,normal,2092,146040,1280,4352,26,227508,716800,8,15,14,23,14
run_20260811_normal_01,normal,2093,146104,1024,3072,23,176310,102400,5,18,21,23,12
run_20260811_normal_01,normal,2094,146168,1280,3328,25,169264,409600,5,10,19,13,14
run_20260811_normal_01,normal,2095,146232,1280,2816,25,144297,614400,8,21,20,12,17
run_20260811_normal_01,normal,2096,146296,1024,2816,19,159460,460800,5,11,20,16,11
run_20260811_normal_01,normal,2097,146360,1024,2304,17,152502,665600,5,11,11,17,11
run_20260811_normal_01,normal,2098,146424,1024,2816,19,155881,512000,5,11,19,7,8
run_20260811_normal_01,normal,2099,146488,1024,2816,17,182354,204800,5,17,18,10,12
run_20260811_normal_01,normal,2100,146552,1024,2304,19,151141,307200,8,24,22,9,18
run_20260811_normal_01,normal,2101,146616,1024,2560,18,150118,563200,5,12,18,13,11
run_20260811_normal_01,normal,2102,146680,1024,2304,17,156679,768000,10,11,11,20,15
run_20260811_normal_01,normal,2103,146744,1024,3072,17,192010,1126400,4,11,10,8,13
run_20260811_normal_01,normal,2104,146808,1024,3072,19,186940,665600,9,12,16,19,6
run_20260811_normal_01,normal,2105,146872,1024,3840,22,207827,102400,5,20,18,13,17
run_20260811_normal_01,normal,2106,146936,1024,3840,20,234742,614400,4,11,12,12,11
run_20260811_normal_01,normal,2107,147000,1024,3072,17,207253,256000,5,15,15,14,8
run_20260811_normal_01,normal,2108,147064,1024,2560,16,169133,51200,5,15,12,14,12
run_20260811_normal_01,normal,2109,147128,768,2304,15,146263,358400,9,9,20,12,12
run_20260811_normal_01,normal,2110,147192,768,2560,14,173492,512000,5,11,16,10,8
run_20260811_normal_01,normal,2111,147256,1024,3328,22,193903,512000,10,15,36,16,12
run_20260811_normal_01,normal,2112,147320,1024,3584,23,206848,153600,5,18,13,20,10
run_20260811_normal_01,normal,2113,147384,1024,3072,18,173215,51200,5,18,13,18,11
run_20260811_normal_01,normal,2114,147448,768,3072,14,194144,256000,4,12,9,7,10
run_20260811_normal_01,normal,2115,147512,768,2304,10,170692,921600,5,12,9,13,14
run_20260811_normal_01,normal,2116,147576,768,3328,14,247769,102400,5,19,18,18,12
run_20260811_normal_01,normal,2117,147640,1024,3584,20,207044,153600,5,14,15,13,13
run_20260811_normal_01,normal,2118,147704,1024,2560,18,147582,307200,8,20,15,14,11
run_20260811_normal_01,normal,2119,147768,768,2304,15,144719,51200,2,11,9,12,12
run_20260811_normal_01,normal,2120,147832,1024,3328,17,188531,51200,5,12,21,10,11
run_20260811_normal_01,normal,2121,147896,1024,3328,21,190615,665600,10,10,18,22,12
run_20260811_normal_01,normal,2122,147960,1280,2816,25,157242,665600,10,18,19,24,12
run_20260811_normal_01,normal,2123,148024,1024,2816,23,152899,460800,5,8,21,13,13
run_20260811_normal_01,normal,2124,148088,1024,2304,18,147339,307200,5,14,20,13,16
run_20260811_normal_01,normal,2125,148152,1024,3072,20,178041,153600,5,14,9,13,10
run_20260811_normal_01,normal,2126,148216,1024,3328,21,207133,51200,5,23,9,16,10
run_20260811_normal_01,normal,2127,148280,768,2816,14,207825,716800,4,11,11,11,9
run_20260811_normal_01,normal,2128,148344,768,2560,14,190245,358400,5,9,15,14,11
run_20260811_normal_01,normal,2129,148408,768,2560,14,175432,256000,5,15,14,10,12
run_20260811_normal_01,normal,2130,148472,1024,2560,19,167693,870400,9,20,10,23,13
run_20260811_normal_01,normal,2131,148536,1024,3072,21,180392,512000,5,14,17,12,12
run_20260811_normal_01,normal,2132,148600,1024,2816,18,207695,153600,5,15,18,14,13
run_20260811_normal_01,normal,2133,148664,1024,3072,18,223080,460800,5,14,20,9,9
run_20260811_normal_01,normal,2134,148728,1024,3072,17,200561,665600,8,12,11,17,12
run_20260811_normal_01,normal,2135,148792,768,3072,15,178847,870400,5,7,11,14,12
run_20260811_normal_01,normal,2136,148856,768,2816,15,169190,358400,5,10,16,10,14
run_20260811_normal_01,normal,2137,148920,1024,2816,17,179912,665600,4,10,10,9,10
run_20260811_normal_01,normal,2138,148984,1024,2560,20,158956,512000,5,9,13,14,7
run_20260811_normal_01,normal,2139,149048,1024,2304,18,151491,460800,8,20,19,9,20
run_20260811_normal_01,normal,2140,149112,1024,2816,17,177870,51200,5,18,21,14,14
run_20260811_normal_01,normal,2141,149176,1024,3072,20,178228,563200,5,11,16,11,16
run_20260811_normal_01,normal,2142,149240,1024,3328,23,184812,51200,5,14,21,14,8
run_20260811_normal_01,normal,2143,149304,1280,3328,25,191822,307200,5,13,8,14,13
run_20260811_normal_01,normal,2144,149368,1024,3328,21,226211,256000,5,18,19,13,13
run_20260811_normal_01,normal,2145,149432,1024,2816,17,197528,256000,5,13,17,11,13
run_20260811_normal_01,normal,2146,149496,1024,2816,19,178776,102400,8,20,11,7,15
run_20260811_normal_01,normal,2147,149560,768,2560,15,166878,460800,5,10,17,14,11
run_20260811_normal_01,normal,2148,149624,768,3072,14,223552,921600,10,9,16,21,11
run_20260811_normal_01,normal,2149,149688,1024,3072,19,181991,204800,8,27,9,20,10
run_20260811_normal_01,normal,2150,149752,1024,3584,18,193157,563200,5,11,15,13,13
run_20260811_normal_01,normal,2151,149816,1024,3584,17,256754,256000,5,14,14,11,15
run_20260811_normal_01,normal,2152,149880,1024,3072,20,174926,51200,8,15,11,14,12
run_20260811_normal_01,normal,2153,149944,768,2560,14,183303,716800,5,9,10,16,9
run_20260811_normal_01,normal,2154,150008,768,2816,14,207893,1228800,5,8,9,11,14
run_20260811_normal_01,normal,2155,150072,1024,2816,20,147685,768000,8,17,10,23,12
run_20260811_normal_01,normal,2156,150136,1024,3072,17,185046,51200,5,19,12,8,10
run_20260811_normal_01,normal,2157,150200,768,2304,9,203000,307200,5,13,10,11,9
run_20260811_normal_01,normal,2158,150264,1024,2816,20,180125,51200,5,21,9,11,12
run_20260811_normal_01,normal,2159,150328,1024,3072,24,153814,204800,5,17,15,14,14
run_20260811_normal_01,normal,2160,150392,1024,2816,19,168531,102400,5,27,15,13,17
run_20260811_normal_01,normal,2161,150456,1024,2816,17,188830,665600,5,9,12,17,13
run_20260811_normal_01,normal,2162,150520,1280,3584,26,192358,460800,5,9,17,15,12
run_20260811_normal_01,normal,2163,150584,1280,3584,28,186415,256000,5,14,17,17,10
run_20260811_normal_01,normal,2164,150648,1024,3072,22,207781,768000,10,9,12,29,8
run_20260811_normal_01,normal,2165,150712,1280,3072,25,163947,256000,5,15,13,17,7
run_20260811_normal_01,normal,2166,150776,1280,3072,27,165936,102400,5,21,17,18,9
run_20260811_normal_01,normal,2167,150840,1024,3328,23,195757,563200,5,11,11,13,11
run_20260811_normal_01,normal,2168,150904,1024,2816,16,197385,153600,5,17,13,12,15
run_20260811_normal_01,normal,2169,150968,768,2816,13,235164,256000,5,13,10,8,14
run_20260811_normal_01,normal,2170,151032,1024,3328,20,228275,358400,5,14,18,14,13
run_20260811_normal_01,normal,2171,151096,1024,3072,20,191897,358400,8,15,23,9,12
run_20260811_normal_01,normal,2172,151160,1024,2816,19,164996,153600,5,15,8,9,9
run_20260811_normal_01,normal,2173,151224,1024,2560,18,173942,614400,8,17,16,16,12
run_20260811_normal_01,normal,2174,151288,1024,4096,24,211458,51200,5,16,18,21,10
run_20260811_normal_01,normal,2175,151352,1280,4096,29,183926,51200,5,20,13,17,16
run_20260811_normal_01,normal,2176,151416,1536,4608,37,199841,307200,8,26,11,23,15
run_20260811_normal_01,normal,2177,151480,1536,4608,44,196533,665600,10,26,16,21,8
run_20260811_normal_01,normal,2178,151544,1280,4608,29,205845,563200,5,10,16,9,10
run_20260811_normal_01,normal,2179,151608,1024,2560,17,163119,358400,5,12,15,14,11
run_20260811_normal_01,normal,2180,151672,768,2560,13,161677,460800,5,9,18,12,15
run_20260811_normal_01,normal,2181,151736,768,2304,14,156370,460800,5,11,12,10,12
run_20260811_normal_01,normal,2182,151800,1024,2816,18,191401,153600,5,16,12,12,11
run_20260811_normal_01,normal,2183,151864,1024,3072,19,218004,358400,5,7,20,12,9
run_20260811_normal_01,normal,2184,151928,1024,4096,20,261547,409600,5,10,15,14,13
run_20260811_normal_01,normal,2185,151992,1024,3840,21,212507,358400,10,14,22,17,12
run_20260811_normal_01,normal,2186,152056,1280,4096,26,198589,307200,8,18,14,14,15
run_20260811_normal_01,normal,2187,152120,1280,4352,26,211868,153600,5,13,17,17,18
run_20260811_normal_01,normal,2188,152184,1024,2560,16,153391,256000,5,14,6,17,16
run_20260811_normal_01,normal,2189,152248,1024,2304,16,151560,460800,5,12,12,13,11
run_20260811_normal_01,normal,2190,152312,1280,4608,27,255731,512000,10,12,23,20,12
run_20260811_normal_01,normal,2191,152376,1792,6400,58,288046,716800,10,10,26,22,9
run_20260811_normal_01,normal,2192,152440,1792,6400,49,342714,665600,13,14,24,28,12
run_20260811_normal_01,normal,2193,152504,1024,3328,24,162319,51200,8,27,11,10,9
run_20260811_normal_01,normal,2194,152568,1024,3328,21,188807,460800,5,12,19,20,14
run_20260811_normal_01,normal,2195,152632,1024,2560,16,188268,51200,5,21,14,12,5
run_20260811_normal_01,normal,2196,152696,1024,4096,21,249147,768000,9,10,11,17,9
run_20260811_normal_01,normal,2197,152760,1280,5120,34,273428,614400,10,9,31,24,12
run_20260811_normal_01,normal,2198,152824,1280,4864,27,278570,256000,5,13,15,10,12
run_20260811_normal_01,normal,2199,152888,768,2816,15,214253,256000,8,18,17,9,12
run_20260811_normal_01,normal,2200,152952,1280,3584,25,207645,716800,10,14,17,31,15
run_20260811_normal_01,normal,2201,153016,1024,3584,24,206169,307200,5,13,11,19,10
run_20260811_normal_01,normal,2202,153080,1024,3328,19,198899,51200,5,15,10,20,16
run_20260811_normal_01,normal,2203,153144,1024,3328,22,192740,153600,5,15,14,24,22
run_20260811_normal_01,normal,2204,153208,1024,3328,17,213063,768000,5,10,11,16,13
run_20260811_normal_01,normal,2205,153272,1024,3328,17,201633,256000,5,12,10,13,14
run_20260811_normal_01,normal,2206,153336,1024,3072,17,167659,972800,5,12,15,11,15
run_20260811_normal_01,normal,2207,153400,1024,2816,18,167994,256000,5,13,6,14,12
run_20260811_normal_01,normal,2208,153464,1280,4864,26,274420,716800,8,10,15,16,13
run_20260811_normal_01,normal,2209,153528,1024,4864,23,321111,358400,5,11,21,14,13
run_20260811_normal_01,normal,2210,153592,1280,3072,29,162976,563200,10,20,25,22,10
run_20260811_normal_01,normal,2211,153656,1536,3584,37,153263,768000,8,20,18,27,6
run_20260811_normal_01,normal,2212,153720,1280,3584,25,184409,51200,5,20,16,7,14
run_20260811_normal_01,normal,2213,153784,1280,4352,28,195844,153600,5,22,13,11,12
run_20260811_normal_01,normal,2214,153848,1280,3840,26,209382,256000,5,13,24,10,14
run_20260811_normal_01,normal,2215,153912,1024,3584,22,226746,665600,10,9,16,26,15
run_20260811_normal_01,normal,2216,153976,1024,3328,24,184774,716800,5,12,9,14,16
run_20260811_normal_01,normal,2217,154040,1024,2304,18,153550,358400,8,13,20,11,10
run_20260811_normal_01,normal,2218,154104,1024,3072,23,169116,716800,5,9,10,15,16
run_20260811_normal_01,normal,2219,154168,1280,4352,35,173489,563200,10,17,27,23,13
run_20260811_normal_01,normal,2220,154232,1280,4608,32,203418,256000,8,20,15,16,13
run_20260811_normal_01,normal,2221,154296,1024,3072,20,182974,153600,8,20,10,17,9
run_20260811_normal_01,normal,2222,154360,1024,3328,18,189603,665600,8,15,13,16,12
run_20260811_normal_01,normal,2223,154424,768,3072,15,193274,768000,5,11,8,14,10
run_20260811_normal_01,normal,2224,154488,768,2560,14,191624,51200,5,16,11,14,11
run_20260811_normal_01,normal,2225,154552,1024,3072,17,182397,51200,5,17,12,14,12
run_20260811_normal_01,normal,2226,154616,1024,3072,22,191163,256000,5,17,19,5,7
run_20260811_normal_01,normal,2227,154680,1280,3840,25,229959,102400,5,20,11,12,6
run_20260811_normal_01,normal,2228,154744,1024,3840,24,238557,102400,5,21,17,20,15
run_20260811_normal_01,normal,2229,154808,1024,3328,20,239648,153600,8,23,8,21,9
run_20260811_normal_01,normal,2230,154872,1024,3584,23,196567,358400,8,14,21,21,10
run_20260811_normal_01,normal,2231,154936,1024,3840,24,192775,358400,8,13,30,17,10
run_20260811_normal_01,normal,2232,155000,1024,3072,21,178905,51200,5,19,6,19,12
run_20260811_normal_01,normal,2233,155064,768,2816,15,205770,256000,5,12,21,12,9
run_20260811_normal_01,normal,2234,155128,768,2816,13,257057,307200,5,16,10,9,10
run_20260811_normal_01,normal,2235,155192,1024,2816,21,183099,614400,8,15,25,14,17
run_20260811_normal_01,normal,2236,155256,1024,3328,23,175455,51200,5,19,16,17,11
run_20260811_normal_01,normal,2237,155320,1024,3328,17,219409,153600,5,18,12,5,16
run_20260811_normal_01,normal,2238,155384,768,2816,13,194366,716800,8,14,9,24,10
run_20260811_normal_01,normal,2239,155448,1024,2816,17,180133,102400,5,17,17,12,11
run_20260811_normal_01,normal,2240,155512,1024,2816,20,164519,563200,8,11,22,14,11
run_20260811_normal_01,normal,2241,155576,1024,2816,20,166670,972800,10,13,11,12,17
run_20260811_normal_01,normal,2242,155640,1024,2816,18,182458,307200,4,14,13,8,11
run_20260811_normal_01,normal,2243,155704,1024,3072,18,201730,716800,8,18,13,17,15
run_20260811_normal_01,normal,2244,155768,1024,2816,19,167031,51200,5,20,11,12,12
run_20260811_normal_01,normal,2245,155832,1024,2560,17,153278,256000,5,14,16,11,15
run_20260811_normal_01,normal,2246,155896,768,2304,14,157827,358400,5,10,14,10,12
run_20260811_normal_01,normal,2247,155960,768,2304,14,152832,307200,8,19,10,12,16
run_20260811_normal_01,normal,2248,156024,1024,2816,17,199110,51200,5,21,11,14,12
run_20260811_normal_01,normal,2249,156088,1024,3072,17,203175,153600,5,20,9,9,11
run_20260811_normal_01,normal,2250,156152,1024,2560,16,172366,204800,5,14,13,14,20
run_20260811_normal_01,normal,2251,156216,1024,2816,20,147846,51200,5,18,14,10,10
run_20260811_normal_01,normal,2252,156280,1024,2816,16,181591,51200,5,16,7,15,10
run_20260811_normal_01,normal,2253,156344,1024,2816,16,196010,307200,5,13,9,9,15
run_20260811_normal_01,normal,2254,156408,1024,3584,23,177598,153600,5,16,19,12,10
run_20260811_normal_01,normal,2255,156472,1024,3584,20,203964,1075200,8,11,13,15,22
run_20260811_normal_01,normal,2256,156536,768,2304,13,166913,768000,5,9,13,9,14
run_20260811_normal_01,normal,2257,156600,1024,2816,17,166920,204800,5,13,19,10,13
run_20260811_normal_01,normal,2258,156664,1024,3328,24,172967,153600,5,14,13,12,9
run_20260811_normal_01,normal,2259,156728,1280,3328,33,159332,665600,10,10,23,17,13
run_20260811_normal_01,normal,2260,156792,1280,3584,30,177809,665600,9,11,13,30,13
run_20260811_normal_01,normal,2261,156856,1024,3584,21,214599,716800,9,12,12,24,17
run_20260811_normal_01,normal,2262,156920,1280,3328,25,180758,153600,5,18,16,13,12
run_20260811_normal_01,normal,2263,156984,1280,3328,27,168334,512000,5,11,17,15,18
run_20260811_normal_01,normal,2264,157048,1024,3584,21,201035,614400,8,10,27,9,16
run_20260811_normal_01,normal,2265,157112,1024,2816,16,182219,563200,5,12,17,10,12
run_20260811_normal_01,normal,2266,157176,768,2560,13,193603,768000,5,10,11,13,12
run_20260811_normal_01,normal,2267,157240,1024,3072,17,185960,307200,5,14,18,14,10
run_20260811_normal_01,normal,2268,157304,1024,3072,18,175318,153600,5,13,11,13,12
run_20260811_normal_01,normal,2269,157368,768,2304,14,192002,51200,5,18,15,11,12
run_20260811_normal_01,normal,2270,157432,768,2304,12,197986,256000,5,14,9,9,9
run_20260811_normal_01,normal,2271,157496,768,2304,14,174168,153600,5,16,14,18,14
run_20260811_normal_01,normal,2272,157560,1024,2560,17,143246,358400,10,24,19,15,14
run_20260811_normal_01,normal,2273,157624,1024,2560,16,140918,51200,5,15,11,11,10
run_20260811_normal_01,normal,2274,157688,768,1792,12,120701,102400,5,18,11,8,9
run_20260811_normal_01,normal,2275,157752,768,2304,14,178407,563200,5,11,15,8,13
run_20260811_normal_01,normal,2276,157816,1024,2560,17,164044,358400,8,16,19,16,15
run_20260811_normal_01,normal,2277,157880,1024,2304,18,134946,256000,5,15,21,14,16
run_20260811_normal_01,normal,2278,157944,1280,3328,28,173314,51200,5,17,13,16,17
run_20260811_normal_01,normal,2279,158008,1024,3840,21,221866,307200,5,14,22,13,11
run_20260811_normal_01,normal,2280,158072,768,2560,12,175148,256000,5,16,13,10,11
run_20260811_normal_01,normal,2281,158136,768,2560,12,173448,102400,5,14,9,12,12
run_20260811_normal_01,normal,2282,158200,768,2816,14,189283,409600,5,11,11,10,17
run_20260811_normal_01,normal,2283,158264,768,2304,13,177319,256000,5,18,9,16,13
run_20260811_normal_01,normal,2284,158328,768,2048,12,169718,102400,5,13,10,9,14
run_20260811_normal_01,normal,2285,158392,1024,2816,17,164962,768000,5,14,10,20,13
run_20260811_normal_01,normal,2286,158456,768,2816,15,172126,460800,5,11,17,9,15
run_20260811_normal_01,normal,2287,158520,768,2560,13,188351,716800,5,11,11,15,10
run_20260811_normal_01,normal,2288,158584,768,2560,13,171425,102400,5,15,10,11,9
run_20260811_normal_01,normal,2289,158648,1024,2304,16,143321,614400,5,11,12,15,21
run_20260811_normal_01,normal,2290,158712,1024,2560,17,161823,460800,8,13,20,10,11
run_20260811_normal_01,normal,2291,158776,1024,2816,17,184237,102400,5,15,14,15,15
run_20260811_normal_01,normal,2292,158840,768,2816,14,205318,51200,5,14,13,11,13
run_20260811_normal_01,normal,2293,158904,768,2816,15,216391,768000,8,12,11,17,10
run_20260811_normal_01,normal,2294,158968,1024,3072,22,180551,972800,10,12,10,15,16
run_20260811_normal_01,normal,2295,159032,768,2304,15,152449,1075200,5,11,6,10,17
run_20260811_normal_01,normal,2296,159096,768,2048,13,156787,665600,8,14,11,17,10
run_20260811_normal_01,normal,2297,159160,768,2048,13,156569,102400,5,16,10,9,12
run_20260811_normal_01,normal,2298,159224,768,2560,15,160684,51200,8,27,11,10,9
run_20260811_normal_01,normal,2299,159288,1024,2304,16,163709,665600,5,10,12,22,8
run_20260811_normal_01,normal,2300,159352,1024,3840,23,207550,358400,5,10,16,11,11
run_20260811_normal_01,normal,2301,159416,1280,3584,26,176092,460800,8,9,30,16,12
run_20260811_normal_01,normal,2302,159480,1024,3072,24,153069,665600,10,18,16,21,12
run_20260811_normal_01,normal,2303,159544,1024,2816,20,181230,307200,5,15,11,8,18
run_20260811_normal_01,normal,2304,159608,768,3072,15,214502,1177600,8,11,12,7,21
run_20260811_normal_01,normal,2305,159672,768,3072,14,247893,716800,5,12,10,13,9
run_20260811_normal_01,normal,2306,159736,1024,3328,17,314181,716800,10,8,16,21,10
run_20260811_normal_01,normal,2307,159800,1280,4096,26,245911,665600,10,24,15,21,20
run_20260811_normal_01,normal,2308,159864,1024,4096,23,269852,972800,10,18,10,13,21
run_20260811_normal_01,normal,2309,159928,768,2560,14,191619,614400,5,10,9,14,15
run_20260811_normal_01,normal,2310,159992,1024,2304,18,159321,512000,8,16,16,18,11
run_20260811_normal_01,normal,2311,160056,1024,3584,19,203581,153600,5,14,13,15,11
run_20260811_normal_01,normal,2312,160120,768,3584,14,278070,153600,5,14,21,7,13
run_20260811_normal_01,normal,2313,160184,1024,2816,18,189054,153600,8,19,14,11,13
run_20260811_normal_01,normal,2314,160248,1024,2816,19,186958,153600,5,20,11,11,12
run_20260811_normal_01,normal,2315,160312,1024,3072,17,191932,563200,5,13,17,14,12
run_20260811_normal_01,normal,2316,160376,1024,3328,23,177744,51200,5,17,11,10,13
run_20260811_normal_01,normal,2317,160440,1024,3072,21,183425,665600,5,11,11,20,18
run_20260811_normal_01,normal,2318,160504,1024,2816,16,204816,921600,5,12,10,15,11
run_20260811_normal_01,normal,2319,160568,768,2560,15,172973,51200,5,16,9,14,9
run_20260811_normal_01,normal,2320,160632,1024,3072,20,181822,307200,8,26,17,13,11
run_20260811_normal_01,normal,2321,160696,1024,3328,23,172201,51200,5,18,13,17,10
run_20260811_normal_01,normal,2322,160760,1024,3584,22,189227,51200,5,13,17,13,7
run_20260811_normal_01,normal,2323,160824,1024,2816,19,170392,460800,8,10,22,13,13
run_20260811_normal_01,normal,2324,160888,1280,4608,28,222202,358400,5,9,17,11,6
run_20260811_normal_01,normal,2325,160952,1280,4608,29,240865,614400,10,10,29,17,14
run_20260811_normal_01,normal,2326,161016,1024,4096,23,202669,51200,5,15,15,15,11
run_20260811_normal_01,normal,2327,161080,1024,2816,17,182066,153600,5,15,13,10,16
run_20260811_normal_01,normal,2328,161144,1024,2816,19,184150,512000,5,11,20,17,10
run_20260811_normal_01,normal,2329,161208,1024,2816,23,160472,358400,8,13,23,12,11
run_20260811_normal_01,normal,2330,161272,1024,2560,21,162359,512000,10,14,32,8,10
run_20260811_normal_01,normal,2331,161336,1024,2560,19,152852,409600,5,11,18,10,10
run_20260811_normal_01,normal,2332,161400,1024,2304,16,167465,153600,8,20,11,9,15
run_20260811_normal_01,normal,2333,161464,1024,2560,19,158268,665600,8,9,10,24,11
run_20260811_normal_01,normal,2334,161528,1024,3328,22,180934,665600,9,21,20,19,14
run_20260811_normal_01,normal,2335,161592,1024,3072,20,170858,102400,5,17,11,15,11
run_20260811_normal_01,normal,2336,161656,1024,2816,19,149799,153600,5,15,12,14,10
run_20260811_normal_01,normal,2337,161720,768,2560,15,170888,153600,5,17,20,11,13
run_20260811_normal_01,normal,2338,161784,768,2304,15,151071,665600,5,11,10,15,9
run_20260811_normal_01,normal,2339,161848,768,2048,12,151098,870400,4,11,12,13,11
run_20260811_normal_01,normal,2340,161912,768,3072,15,225026,665600,5,11,11,17,16
run_20260811_normal_01,normal,2341,161976,1024,3072,20,175366,256000,5,15,20,18,14
run_20260811_normal_01,normal,2342,162040,1024,2560,16,156929,256000,5,14,16,17,14
run_20260811_normal_01,normal,2343,162104,768,2304,14,157052,358400,8,8,19,12,14
run_20260811_normal_01,normal,2344,162168,768,2560,15,186577,358400,10,14,20,8,12
run_20260811_normal_01,normal,2345,162232,1024,2560,19,164725,665600,5,11,10,17,11
run_20260811_normal_01,normal,2346,162296,1024,2560,18,139993,51200,5,19,9,17,13
run_20260811_normal_01,normal,2347,162360,768,2560,14,168313,51200,5,15,10,17,12
run_20260811_normal_01,normal,2348,162424,1024,2560,19,150806,153600,5,21,13,15,13
run_20260811_normal_01,normal,2349,162488,768,2560,15,163113,51200,4,13,9,10,10
run_20260811_normal_01,normal,2350,162552,768,2816,14,194190,460800,10,12,25,8,15
run_20260811_normal_01,normal,2351,162616,1024,3072,20,201826,665600,10,9,20,28,12
run_20260811_normal_01,normal,2352,162680,1280,3328,27,165502,665600,8,12,12,22,7
run_20260811_normal_01,normal,2353,162744,1280,3584,25,177512,972800,8,10,17,12,14
run_20260811_normal_01,normal,2354,162808,1024,3072,23,160466,256000,5,15,19,23,15
run_20260811_normal_01,normal,2355,162872,1024,2816,19,188751,665600,5,10,11,14,15
run_20260811_normal_01,normal,2356,162936,768,2816,12,193593,614400,5,10,15,14,13
run_20260811_normal_01,normal,2357,163000,768,2560,12,211027,563200,8,11,21,14,8
run_20260811_normal_01,normal,2358,163064,1024,3584,17,268890,716800,5,11,11,17,10
run_20260811_normal_01,normal,2359,163128,1024,3584,19,213521,716800,10,12,21,23,11
run_20260811_normal_01,normal,2360,163192,1024,2816,17,151748,153600,5,14,11,11,10
run_20260811_normal_01,normal,2361,163256,768,2560,15,177297,153600,5,15,17,18,10
run_20260811_normal_01,normal,2362,163320,1024,2304,16,154106,153600,5,14,14,15,11
run_20260811_normal_01,normal,2363,163384,1024,2560,16,157856,665600,10,16,13,19,13
run_20260811_normal_01,normal,2364,163448,768,2560,13,180075,51200,5,13,8,11,8
run_20260811_normal_01,normal,2365,163512,1024,3072,18,223045,153600,8,21,10,17,13
run_20260811_normal_01,normal,2366,163576,1024,3072,24,206397,204800,5,17,13,13,18
run_20260811_normal_01,normal,2367,163640,1024,3072,19,220761,563200,5,9,12,18,19
run_20260811_normal_01,normal,2368,163704,1024,2816,19,176853,51200,5,16,18,11,13
run_20260811_normal_01,normal,2369,163768,1024,2560,19,147607,307200,5,14,24,18,12
run_20260811_normal_01,normal,2370,163832,1024,3328,23,170875,256000,5,15,10,13,10
run_20260811_normal_01,normal,2371,163896,1024,3072,21,178244,512000,8,11,19,15,12
run_20260811_normal_01,normal,2372,163960,1024,3584,21,178896,51200,5,18,11,12,16
run_20260811_normal_01,normal,2373,164024,1024,3584,20,193085,256000,5,15,13,10,13
run_20260811_normal_01,normal,2374,164088,768,2560,14,166955,1280000,5,11,10,11,12
run_20260811_normal_01,normal,2375,164152,768,2304,15,159467,460800,5,11,14,12,9
run_20260811_normal_01,normal,2376,164216,1024,2816,18,186920,153600,5,17,14,9,19
run_20260811_normal_01,normal,2377,164280,1024,3072,21,168551,153600,8,19,18,17,15
run_20260811_normal_01,normal,2378,164344,1024,4096,22,221530,51200,5,21,16,11,11
run_20260811_normal_01,normal,2379,164408,1024,3840,21,221618,563200,5,12,16,14,13
run_20260811_normal_01,normal,2380,164472,1024,3072,18,203688,51200,5,23,18,10,11
run_20260811_normal_01,normal,2381,164536,1024,3328,19,221321,51200,2,10,11,12,10
run_20260811_normal_01,normal,2382,164600,1024,3072,20,182803,51200,5,18,10,14,11
run_20260811_normal_01,normal,2383,164664,768,2560,15,164337,51200,5,12,14,17,11
run_20260811_normal_01,normal,2384,164728,1024,2816,16,185903,665600,10,12,19,17,12
run_20260811_normal_01,normal,2385,164792,1280,3584,28,164318,768000,5,11,12,24,11
run_20260811_normal_01,normal,2386,164856,1024,3840,23,200183,563200,5,11,14,14,15
run_20260811_normal_01,normal,2387,164920,1024,3072,18,194471,153600,8,18,17,11,11
run_20260811_normal_01,normal,2388,164984,1024,3328,23,211978,614400,10,15,32,23,10
run_20260811_normal_01,normal,2389,165048,1024,3328,18,249108,665600,5,7,11,16,10
run_20260811_normal_01,normal,2390,165112,768,2560,14,184814,563200,5,12,14,8,8
run_20260811_normal_01,normal,2391,165176,1024,2816,16,179328,563200,5,11,17,15,12
run_20260811_normal_01,normal,2392,165240,768,2304,15,144013,307200,8,24,18,8,11
run_20260811_normal_01,normal,2393,165304,1024,2560,17,174656,563200,5,14,16,13,10
run_20260811_normal_01,normal,2394,165368,768,2560,15,203963,665600,8,11,9,18,10
run_20260811_normal_01,normal,2395,165432,1024,2560,16,178762,51200,5,17,13,10,19
run_20260811_normal_01,normal,2396,165496,1280,3584,28,197834,460800,5,13,19,23,10
run_20260811_normal_01,normal,2397,165560,1024,3328,24,238946,614400,8,13,18,14,14
run_20260811_normal_01,normal,2398,165624,1024,3072,16,225012,153600,5,15,15,12,11
run_20260811_normal_01,normal,2399,165688,1024,3328,23,180443,716800,9,18,15,23,16
run_20260811_normal_01,normal,2400,165752,1024,3072,23,171631,51200,5,15,15,15,12
run_20260811_normal_01,normal,2401,165816,1280,4096,25,250544,204800,8,21,21,9,13
run_20260811_normal_01,normal,2402,165880,1280,3584,30,178762,460800,5,12,21,13,11
run_20260811_normal_01,normal,2403,165944,1280,3584,31,182044,665600,5,12,13,12,13
run_20260811_normal_01,normal,2404,166008,1792,5376,54,218287,768000,8,15,11,20,9
run_20260811_normal_01,normal,2405,166072,2304,6144,98,160065,665600,29,21,17,72,11
run_20260811_normal_01,normal,2406,166136,2048,6400,78,209631,665600,10,22,16,32,19
run_20260811_normal_01,normal,2407,166200,1280,3840,35,181054,768000,13,12,17,25,10
run_20260811_normal_01,normal,2408,166264,1280,4352,29,212915,153600,8,28,19,14,16
run_20260811_normal_01,normal,2409,166328,1024,3328,19,213984,665600,8,10,16,27,10
run_20260811_normal_01,normal,2410,166392,1024,2560,18,169765,512000,8,9,21,10,8
run_20260811_normal_01,normal,2411,166456,1024,2560,17,168998,358400,8,17,19,14,13
run_20260811_normal_01,normal,2412,166520,1024,2816,17,187509,256000,5,15,14,10,10
run_20260811_normal_01,normal,2413,166584,1024,3072,19,192109,153600,5,15,13,14,14
run_20260811_normal_01,normal,2414,166648,1024,3072,17,196250,460800,5,10,13,14,15
run_20260811_normal_01,normal,2415,166712,1024,2816,17,212672,358400,8,10,29,15,8
run_20260811_normal_01,normal,2416,166776,1024,2816,22,187398,665600,8,13,16,27,10
run_20260811_normal_01,normal,2417,166840,1024,2560,21,145433,204800,8,16,15,12,14
run_20260811_normal_01,normal,2418,166904,1024,2816,24,150220,563200,5,10,17,18,11
run_20260811_normal_01,normal,2419,166968,1280,3584,31,157818,153600,8,22,15,15,20
run_20260811_normal_01,normal,2420,167032,1280,3584,26,179746,665600,10,9,24,24,10
run_20260811_normal_01,normal,2421,167096,1024,2816,20,174278,153600,5,13,12,14,11
run_20260811_normal_01,normal,2422,167160,1024,2816,20,175689,153600,5,17,21,11,11
run_20260811_normal_01,normal,2423,167224,1024,2560,17,173417,153600,5,14,14,15,11
run_20260811_normal_01,normal,2424,167288,768,2304,14,156428,51200,5,14,15,12,13
run_20260811_normal_01,normal,2425,167352,1024,2816,23,146904,51200,5,15,20,17,17
run_20260811_normal_01,normal,2426,167416,1280,3072,28,141075,614400,10,9,18,19,8
run_20260811_normal_01,normal,2427,167480,1024,3072,23,165649,460800,5,10,17,21,13
run_20260811_normal_01,normal,2428,167544,1024,2304,16,165437,768000,8,11,11,26,11
run_20260811_normal_01,normal,2429,167608,1024,2816,17,198935,460800,8,11,19,13,19
run_20260811_normal_01,normal,2430,167672,1024,2816,20,177189,460800,5,10,16,14,10
run_20260811_normal_01,normal,2431,167736,1024,3072,19,183894,307200,5,13,18,17,11
run_20260811_normal_01,normal,2432,167800,1280,3072,27,184577,614400,8,14,17,20,10
run_20260811_normal_01,normal,2433,167864,1280,3328,32,166726,716800,5,12,8,16,15
run_20260811_normal_01,normal,2434,167928,1280,3584,31,181617,665600,9,17,13,19,9
run_20260811_normal_01,normal,2435,167992,1280,3584,26,189986,614400,8,11,18,23,8
run_20260811_normal_01,normal,2436,168056,1024,3584,24,196279,768000,8,21,11,21,11
run_20260811_normal_01,normal,2437,168120,1024,3584,22,217664,460800,8,13,23,13,8
run_20260811_normal_01,normal,2438,168184,1024,3072,21,178882,358400,8,18,20,18,11
run_20260811_normal_01,normal,2439,168248,1280,4096,29,211454,460800,13,11,29,16,13
run_20260811_normal_01,normal,2440,168312,1280,4096,26,221082,1280000,5,13,9,10,14
run_20260811_normal_01,normal,2441,168376,1024,2816,18,195822,716800,8,14,14,24,8
run_20260811_normal_01,normal,2442,168440,1024,3072,19,212770,512000,10,7,26,20,10
run_20260811_normal_01,normal,2443,168504,1536,4864,40,226409,665600,8,11,16,22,16
run_20260811_normal_01,normal,2444,168568,1536,4608,39,223764,665600,13,12,26,28,12
run_20260811_normal_01,normal,2445,168632,1024,3584,19,191937,51200,5,15,14,17,9
run_20260811_normal_01,normal,2446,168696,768,2304,13,190128,921600,8,10,10,14,12
run_20260811_normal_01,normal,2447,168760,768,3072,15,224152,153600,5,16,10,13,15
run_20260811_normal_01,normal,2448,168824,1024,3328,18,246022,972800,5,11,10,8,20
run_20260811_normal_01,normal,2449,168888,1536,4096,36,211997,460800,5,9,16,27,13
run_20260811_normal_01,normal,2450,168952,1792,4352,54,164737,153600,9,23,18,23,11
run_20260811_normal_01,normal,2451,169016,1792,4096,53,143431,614400,17,11,30,37,14
run_20260811_normal_01,normal,2452,169080,1536,4096,41,161673,358400,8,14,26,10,12
run_20260811_normal_01,normal,2453,169144,1536,4352,38,193034,614400,13,10,34,23,8
run_20260811_normal_01,normal,2454,169208,1536,4608,48,180896,256000,10,26,19,16,13
run_20260811_normal_01,normal,2455,169272,1280,4864,33,227553,665600,10,11,9,26,10
run_20260811_normal_01,normal,2456,169336,1024,2816,22,160556,665600,8,15,16,23,10
run_20260811_normal_01,normal,2457,169400,1280,4352,32,205683,512000,5,11,18,17,13
run_20260811_normal_01,normal,2458,169464,1536,4608,36,206733,614400,10,10,28,23,9
run_20260811_normal_01,normal,2459,169528,1536,5632,43,238401,563200,8,11,22,19,14
run_20260811_normal_01,normal,2460,169592,2816,8448,124,231658,665600,34,10,34,66,12
run_20260811_normal_01,normal,2461,169656,2560,8448,113,254962,409600,10,13,39,21,9
run_20260811_normal_01,normal,2462,169720,1280,3584,32,167888,307200,5,12,12,17,11
run_20260811_normal_01,normal,2463,169784,1024,3840,23,214943,51200,2,8,11,11,12
run_20260811_normal_01,normal,2464,169848,1024,2560,22,147787,307200,5,12,21,18,13
run_20260811_normal_01,normal,2465,169912,1024,2816,21,157520,51200,5,17,16,15,10
run_20260811_normal_01,normal,2466,169976,1024,3072,22,156669,51200,5,21,16,8,12
run_20260811_normal_01,normal,2467,170040,1024,3072,20,166982,665600,5,10,9,15,13
run_20260811_normal_01,normal,2468,170104,1024,3072,19,167839,256000,5,16,12,13,12
run_20260811_normal_01,normal,2469,170168,1024,3072,21,161705,358400,8,20,18,19,11
run_20260811_normal_01,normal,2470,170232,1024,3072,19,185170,307200,5,13,16,12,12
run_20260811_normal_01,normal,2471,170296,1024,4608,24,304015,1280000,8,9,12,20,20
run_20260811_normal_01,normal,2472,170360,1024,4096,24,233375,563200,8,17,23,10,8
run_20260811_normal_01,normal,2473,170424,1024,3072,16,208658,153600,5,15,12,9,14
run_20260811_normal_01,normal,2474,170488,1024,3072,16,207781,102400,5,17,10,13,12
run_20260811_normal_01,normal,2475,170552,768,3072,15,198930,153600,5,13,15,15,9
